domain,url,path,http_status,redirect_target,canonical,title,meta_description,h1,robots_meta,content_type,word_count_aprox,page_type,primary_topic,primary_intent,indexable,in_sitemap,internal_links_in_aprox,internal_links_out_aprox,last_modified_if_available,notes
"alefotografo.com.br","https://www.alefotografo.com.br/","/","200","","https://www.alefotografo.com.br/","Fotógrafo Corporativo em São Paulo Fotografia Profissional","Fotografia corporativa em São Paulo para empresas, executivos e equipes. Retratos profissionais, eventos, indústria, logística e vídeos corporativos.","Fotógrafo profissional e corporativo em São Paulo","","text/html; charset=utf-8","1534","home","","institucional","yes","yes","","124","","schema:,LocalBusiness,ProfessionalService,FAQPage,Person; tel:+55-11-91355-0533; +5511913550533; 5511913550533; 11913550533"
"alefotografo.com.br","https://www.alefotografo.com.br/servicos","/servicos","200","","https://www.alefotografo.com.br/servicos","Retrato Profissional em SP — Todos os Formatos","Todos os formatos de retrato que eu fotografo em São Paulo: individual, LinkedIn, executivo, equipes, médicos, advogados e clínicas — com direção de pose.","Todos os serviços de foto e vídeo","","text/html; charset=utf-8","484","service","","servico","yes","yes","","128","","schema:,LocalBusiness,ProfessionalService,BreadcrumbList; tel:+55-11-91355-0533; +5511913550533; 5511913550533; 11913550533"
"alefotografo.com.br","https://www.alefotografo.com.br/fotografo-corporativo","/fotografo-corporativo","200","","https://www.alefotografo.com.br/fotografo-corporativo","Fotógrafo Corporativo em São Paulo Portfólio","Fotógrafo corporativo em São Paulo com mais de 30 anos de experiência. Veja trabalhos para empresas, executivos, indústria, logística, saúde e eventos.","Fotógrafo corporativo em São Paulo","","text/html; charset=utf-8","476","service","","servico","yes","yes","","114","","schema:,LocalBusiness,ProfessionalService,BreadcrumbList,FAQPage; tel:+55-11-91355-0533; +5511913550533; 5511913550533; 11913550533"
"alefotografo.com.br","https://www.alefotografo.com.br/fotos-corporativas","/fotos-corporativas","200","","https://www.alefotografo.com.br/fotos-corporativas","Fotos Corporativas em SP Retratos de Equipe — Alexandre…","Fotografamos o time inteiro no seu escritório — produção dirigida por Alexandre Machado, com equipe conforme o escopo — com o mesmo fundo, luz e…","Fotos corporativas em São Paulo que passam confiança","","text/html; charset=utf-8","1188","service","","servico","yes","yes","","160","","schema:,LocalBusiness,ProfessionalService,BreadcrumbList; tel:+55-11-91355-0533; +5511913550533; 5511913550533; 11913550533"
"alefotografo.com.br","https://www.alefotografo.com.br/foto-profissional","/foto-profissional","200","","https://www.alefotografo.com.br/foto-profissional","Foto Profissional em SP Alexandre Machado — Direção de…","Ensaio de foto profissional em São Paulo com direção de pose do início ao fim. Ideal para LinkedIn, currículo e marca pessoal. Podendo ser fotografado…","Foto Profissional em São Paulo","","text/html; charset=utf-8","1131","service","","servico","yes","yes","","92","","schema:,LocalBusiness,ProfessionalService,BreadcrumbList; tel:+55-11-91355-0533; +5511913550533; 5511913550533; 11913550533"
"alefotografo.com.br","https://www.alefotografo.com.br/foto-profissional-para-linkedin","/foto-profissional-para-linkedin","200","","https://www.alefotografo.com.br/foto-profissional-para-linkedin","Headshot para LinkedIn em SP Alexandre Machado","Eu dirijo postura, olhar e expressão para o seu headshot de LinkedIn em São Paulo. Sessão de 30 minutos, retoque natural e recorte pronto para o perfil…","Foto profissional para LinkedIn em São Paulo","","text/html; charset=utf-8","866","service","","servico","yes","yes","","86","","schema:,LocalBusiness,ProfessionalService,FAQPage,BreadcrumbList; tel:+55-11-91355-0533; +5511913550533; 5511913550533; 11913550533"
"alefotografo.com.br","https://www.alefotografo.com.br/fotografia-para-clinicas","/fotografia-para-clinicas","200","","https://www.alefotografo.com.br/fotografia-para-clinicas","Fotos para Clínicas em SP Equipe e Ambientes — Alexandre…","Retratos da equipe da clínica e imagens de recepção, salas e atendimento em São Paulo — tudo em uma agenda, podendo ser fotografado pessoalmente por Alexandre…","Fotografia para clínicas em São Paulo","","text/html; charset=utf-8","1207","service","","servico","yes","yes","","119","","schema:,LocalBusiness,ProfessionalService,BreadcrumbList; tel:+55-11-91355-0533; +5511913550533; 5511913550533; 11913550533"
"alefotografo.com.br","https://www.alefotografo.com.br/fotografia-executiva","/fotografia-executiva","200","","https://www.alefotografo.com.br/fotografia-executiva","Retrato Executivo em SP Alexandre Machado — Diretoria e…","Retrato de liderança que pode ser fotografado pessoalmente por Alexandre Machado, conforme agenda, no seu escritório ou em estúdio: 15 minutos por executivo e…","Fotografia executiva em São Paulo para diretoria, sócios e lideranças","","text/html; charset=utf-8","1315","service","","servico","yes","yes","","115","","schema:,LocalBusiness,ProfessionalService,BreadcrumbList; tel:+55-11-91355-0533; +5511913550533; 5511913550533; 11913550533"
"alefotografo.com.br","https://www.alefotografo.com.br/fotos-profissionais-medicos","/fotos-profissionais-medicos","200","","https://www.alefotografo.com.br/fotos-profissionais-medicos","Fotos para Médicos e Clínicas em SP Alexandre Machado","Retrato profissional de médicos e dentistas em São Paulo, com jaleco ou traje social: confiança sem distância, podendo ser fotografado pessoalmente por…","Fotos profissionais para médicos e clínicas em São Paulo","","text/html; charset=utf-8","1261","service","","servico","yes","yes","","116","","schema:,LocalBusiness,ProfessionalService,BreadcrumbList; tel:+55-11-91355-0533; +5511913550533; 5511913550533; 11913550533"
"alefotografo.com.br","https://www.alefotografo.com.br/fotografia-para-advogados","/fotografia-para-advogados","200","","https://www.alefotografo.com.br/fotografia-para-advogados","Fotos para Advogados em SP Alexandre Machado — Sócios e…","Retratos de sócios e da banca inteira em São Paulo, feitos no próprio escritório: postura sóbria, luz de retrato e padrão único para site, LinkedIn e…","Fotografia profissional para advogados e escritórios de advocacia","","text/html; charset=utf-8","1263","service","","servico","yes","yes","","116","","schema:,LocalBusiness,ProfessionalService,BreadcrumbList; tel:+55-11-91355-0533; +5511913550533; 5511913550533; 11913550533"
"alefotografo.com.br","https://www.alefotografo.com.br/eventos-corporativos","/eventos-corporativos","200","","https://www.alefotografo.com.br/eventos-corporativos","Fotos de Pessoas em Eventos de Empresa — SP Alexandre…","Registro de pessoas em eventos de empresa em São Paulo: retratos no local, fotos de equipe, palestrantes e homenageados, com direção de pose e prévia no mesmo…","Retratos e fotos de equipe em eventos de empresa","","text/html; charset=utf-8","1309","service","","servico","yes","yes","","116","","schema:,LocalBusiness,ProfessionalService,BreadcrumbList; tel:+55-11-91355-0533; +5511913550533; 5511913550533; 11913550533"
"alefotografo.com.br","https://www.alefotografo.com.br/fotografo-empresarial","/fotografo-empresarial","200","","https://www.alefotografo.com.br/fotografo-empresarial","Fotógrafo Empresarial em SP Pessoas no Trabalho","Imagens de gente trabalhando em São Paulo: equipe, liderança, escritório e operação, com retratos individuais na mesma visita. Atendimento direto comigo.","Fotógrafo empresarial em São Paulo para equipe, escritório e operação","","text/html; charset=utf-8","1363","service","","servico","yes","yes","","116","","schema:,LocalBusiness,ProfessionalService,BreadcrumbList; tel:+55-11-91355-0533; +5511913550533; 5511913550533; 11913550533"
"alefotografo.com.br","https://www.alefotografo.com.br/fotografo-de-feira-de-negocios","/fotografo-de-feira-de-negocios","200","","https://www.alefotografo.com.br/fotografo-de-feira-de-negocios","Fotos de Equipe em Feiras de Negócios — SP Alexandre…","Fotos do time comercial em feiras de negócios em São Paulo: retratos no stand, atendimentos e apresentações, prontos para LinkedIn e propostas. Prévia no…","Retratos da equipe comercial em feiras de negócios","","text/html; charset=utf-8","1349","service","","servico","yes","yes","","116","","schema:,LocalBusiness,ProfessionalService,BreadcrumbList; tel:+55-11-91355-0533; +5511913550533; 5511913550533; 11913550533"
"alefotografo.com.br","https://www.alefotografo.com.br/portfolio","/portfolio","200","","https://www.alefotografo.com.br/portfolio","Portfólio — Cases de Fotografia Corporativa em SP","Cases reais de retrato corporativo, médicos, advogados, empresas, eventos, feiras, indústria e vídeo em São Paulo. Veja a prova e fale direto comigo pelo…","Cases de fotografia corporativa em São Paulo","","text/html; charset=utf-8","844","case","","portfolio","yes","yes","","161","","schema:,LocalBusiness,ProfessionalService,BreadcrumbList; tel:+55-11-91355-0533; +5511913550533; 5511913550533; 11913550533"
"alefotografo.com.br","https://www.alefotografo.com.br/videos","/videos","200","","https://www.alefotografo.com.br/videos","Vídeos Corporativos em São Paulo Produção para Empresas","Produção de vídeos corporativos em São Paulo para empresas: institucional, eventos, treinamento e comunicação interna, com roteiro, captação e edição.","Vídeos corporativos em São Paulo para empresas que precisam vender, treinar e comunicar melhor.","","text/html; charset=utf-8","1248","video","","portfolio-video","yes","yes","","182","","schema:,LocalBusiness,ProfessionalService,Service,CollectionPage,FAQPage,BreadcrumbList; tel:+55-11-91355-0533; +5511913550533; 5511913550533; (11) 91355-0533; 11913550533"
"alefotografo.com.br","https://www.alefotografo.com.br/video-institucional","/video-institucional","200","","https://www.alefotografo.com.br/video-institucional","Vídeo Institucional em São Paulo Produção para Empresas","Produção de vídeo institucional em São Paulo para apresentar empresas, estruturas, equipes, serviços e operações. Roteiro, captação, direção e edição.","Vídeo institucional para empresas em São Paulo","","text/html; charset=utf-8","737","service","","servico-video","yes","yes","","93","","schema:,LocalBusiness,ProfessionalService,Service,FAQPage,BreadcrumbList; tel:+55-11-91355-0533; +5511913550533; 5511913550533; 11913550533"
"alefotografo.com.br","https://www.alefotografo.com.br/video-de-eventos-corporativos","/video-de-eventos-corporativos","200","","https://www.alefotografo.com.br/video-de-eventos-corporativos","Vídeo de Eventos Corporativos em São Paulo Produção","Produção de vídeo de eventos corporativos em São Paulo: congressos, convenções, fóruns e premiações, com captação no local, entrevistas e edição.","Vídeo de eventos corporativos em São Paulo","","text/html; charset=utf-8","764","service","","servico","yes","yes","","93","","schema:,LocalBusiness,ProfessionalService,Service,FAQPage,BreadcrumbList; tel:+55-11-91355-0533; +5511913550533; 5511913550533; 11913550533"
"alefotografo.com.br","https://www.alefotografo.com.br/video-para-feiras-e-stands","/video-para-feiras-e-stands","200","","https://www.alefotografo.com.br/video-para-feiras-e-stands","Vídeo para Feiras e Stands em São Paulo Produção","Produção de vídeos para feiras e stands em São Paulo. Cobertura audiovisual para expositores, empresas e marcas em feiras de negócios e eventos profissionais.","Vídeos para feiras e stands em São Paulo","","text/html; charset=utf-8","756","service","","servico","yes","yes","","92","","schema:,LocalBusiness,ProfessionalService,Service,FAQPage,BreadcrumbList; tel:+55-11-91355-0533; +5511913550533; 5511913550533; 11913550533"
"alefotografo.com.br","https://www.alefotografo.com.br/blog","/blog","200","","https://www.alefotografo.com.br/blog","Blog de Fotografia Corporativa em São Paulo Alê Fotógrafo","Artigos sobre fotografia profissional, retratos corporativos, LinkedIn, vídeo e dicas para fortalecer sua imagem profissional.","Insights sobre fotografia e imagem profissional","","text/html; charset=utf-8","3410","blog","","editorial","yes","yes","","284","","schema:,LocalBusiness,ProfessionalService,Blog,BreadcrumbList; tel:+55-11-91355-0533; +5511913550533; 5511913550533; 11913550533"
"alefotografo.com.br","https://www.alefotografo.com.br/sobre","/sobre","200","","https://www.alefotografo.com.br/sobre","Alexandre Machado — fotógrafo de retrato corporativo","Sou Alexandre Machado, fotógrafo e diretor de imagem em São Paulo, com mais de 30 anos de experiência. Dirijo projetos de retrato e fotografia corporativa…","Sou Alexandre Machado e dirijo projetos de fotografia corporativa","","text/html; charset=utf-8","625","about","","institucional","yes","yes","","116","","schema:,LocalBusiness,ProfessionalService,AboutPage,Person,BreadcrumbList; tel:+55-11-91355-0533; +5511913550533; 5511913550533; 11913550533"
"alefotografo.com.br","https://www.alefotografo.com.br/quem-e-o-ale","/quem-e-o-ale","200","","https://www.alefotografo.com.br/quem-e-o-ale","Quem é o Alê — o fotógrafo que dirige o seu retrato","Alexandre Machado, o Alê Fotógrafo: 30 anos fotografando pessoas em São Paulo. Direção de pose, atendimento direto e retratos que não parecem foto de crachá.","Alexandre Machado — o fotógrafo por trás do Alê Fotógrafo","","text/html; charset=utf-8","691","about","","institucional","yes","yes","","93","","schema:,LocalBusiness,ProfessionalService,ProfilePage,BreadcrumbList; tel:+55-11-91355-0533; +5511913550533; 5511913550533; 11913550533"
"alefotografo.com.br","https://www.alefotografo.com.br/depoimentos","/depoimentos","200","","https://www.alefotografo.com.br/depoimentos","Depoimentos de Clientes de Fotos Corporativas","Depoimentos reais de empresas e executivos que contrataram Alê Fotógrafo para fotos corporativas, retratos e vídeo institucional em São Paulo.","O que dizem nossos clientes","","text/html; charset=utf-8","738","other","","prova-social","yes","yes","","95","","schema:,LocalBusiness,ProfessionalService,BreadcrumbList; tel:+55-11-91355-0533; +5511913550533; 5511913550533; 11913550533"
"alefotografo.com.br","https://www.alefotografo.com.br/faq","/faq","200","","https://www.alefotografo.com.br/faq","Dúvidas sobre Retrato Profissional em São Paulo","Preço, duração, direção de pose, roupa, prazo de entrega e direitos de uso do retrato profissional em São Paulo — respondido por Alexandre Machado.","Perguntas frequentes sobre retrato profissional","","text/html; charset=utf-8","900","other","","duvidas","yes","yes","","84","","schema:,LocalBusiness,ProfessionalService,FAQPage,BreadcrumbList; tel:+55-11-91355-0533; +5511913550533; 5511913550533; 11913550533"
"alefotografo.com.br","https://www.alefotografo.com.br/contato","/contato","200","","https://www.alefotografo.com.br/contato","Contato e Orçamento de Fotos Corporativas em SP","Peça orçamento de fotos corporativas, retratos profissionais e vídeo institucional em São Paulo. Estúdio no Jardim Paulista e atendimento na sua empresa.","Vamos conversar sobre seu projeto","","text/html; charset=utf-8","333","contact","","contato","yes","yes","","85","","schema:,LocalBusiness,ProfessionalService,BreadcrumbList; tel:+55-11-91355-0533; +5511913550533; 5511913550533; 11913550533"
"alefotografo.com.br","https://www.alefotografo.com.br/fotografo-corporativo/fotografia-para-escritorios-de-advocacia","/fotografo-corporativo/fotografia-para-escritorios-de-advocacia","200","","https://www.alefotografo.com.br/fotografo-corporativo/fotografia-para-escritorios-de-advocacia","Fotografia para Escritórios de Advocacia em São Paulo","Fotos para escritórios de advocacia em São Paulo: retratos de sócios, equipe e ambientes com sobriedade e autoridade para site, LinkedIn e imprensa.","Fotografia para escritórios de advocacia","","text/html; charset=utf-8","522","service","","servico","yes","yes","","113","","schema:,LocalBusiness,ProfessionalService,ImageGallery,Service,BreadcrumbList; tel:+55-11-91355-0533; +5511913550533; +55 11 91355-0533; 5511913550533; 11913550533"
"alefotografo.com.br","https://www.alefotografo.com.br/fotografo-corporativo/ensaio-feminino","/fotografo-corporativo/ensaio-feminino","200","","https://www.alefotografo.com.br/fotografo-corporativo/ensaio-feminino","Ensaio Fotográfico Feminino Corporativo em São Paulo","Ensaio feminino corporativo em São Paulo: retratos com presença e naturalidade para LinkedIn, site e imprensa. Direção de pose do começo ao fim.","Ensaio Fotográfico Feminino","","text/html; charset=utf-8","804","service","","servico","yes","yes","","116","","schema:,LocalBusiness,ProfessionalService,ImageGallery,Service,FAQPage,BreadcrumbList; tel:+55-11-91355-0533; +5511913550533; +55 11 91355-0533; 5511913550533; 11913550533"
"alefotografo.com.br","https://www.alefotografo.com.br/fotografo-corporativo/retrato-corporativo","/fotografo-corporativo/retrato-corporativo","200","","https://www.alefotografo.com.br/fotografo-corporativo/retrato-corporativo","Retrato Corporativo em SP Orçamento em 1 Dia Útil","Retrato corporativo em São Paulo e Grande SP: direção de pose, luz e edição para LinkedIn e site. 30 anos de experiência, nota 4,9 (144 avaliações) e…","Retrato Corporativo","","text/html; charset=utf-8","1073","service","","servico","yes","yes","","122","","schema:,LocalBusiness,ProfessionalService,ImageGallery,Service,FAQPage,BreadcrumbList; tel:+55-11-91355-0533; +5511913550533; +55 11 91355-0533; 5511913550533; 11913550533"
"alefotografo.com.br","https://www.alefotografo.com.br/fotografo-corporativo/retratos-de-medicos","/fotografo-corporativo/retratos-de-medicos","200","","https://www.alefotografo.com.br/fotografo-corporativo/retratos-de-medicos","Retratos de Médicos em São Paulo Fotógrafo Médico","Sessão de retratos para médicos em São Paulo, no consultório ou em estúdio. Direção de imagem, tratamento profissional e entrega rápida dos arquivos.","Retratos de Médicos","","text/html; charset=utf-8","775","service","","servico","yes","yes","","118","","schema:,LocalBusiness,ProfessionalService,ImageGallery,Service,FAQPage,BreadcrumbList; tel:+55-11-91355-0533; +5511913550533; +55 11 91355-0533; 5511913550533; 11913550533"
"alefotografo.com.br","https://www.alefotografo.com.br/fotografo-corporativo/retratos-de-medicas","/fotografo-corporativo/retratos-de-medicas","200","","https://www.alefotografo.com.br/fotografo-corporativo/retratos-de-medicas","Retratos de Médicas em São Paulo Fotografia Profissional","Retratos profissionais para médicas em São Paulo com direção de pose e luz. Fotos elegantes para consultório, redes sociais, LinkedIn e imprensa.","Retratos de Médicas","","text/html; charset=utf-8","819","service","","servico","yes","yes","","116","","schema:,LocalBusiness,ProfessionalService,ImageGallery,Service,FAQPage,BreadcrumbList; tel:+55-11-91355-0533; +5511913550533; +55 11 91355-0533; 5511913550533; 11913550533"
"alefotografo.com.br","https://www.alefotografo.com.br/fotografo-corporativo/fotos-para-clinicas-medicas","/fotografo-corporativo/fotos-para-clinicas-medicas","200","","https://www.alefotografo.com.br/fotografo-corporativo/fotos-para-clinicas-medicas","Fotos para Clínicas Médicas em SP Orçamento em 1 Dia Útil","Fotógrafo de clínicas em São Paulo: fotos de ambientes, recepção, equipe e procedimentos com padrão de credibilidade. Nota 4,9 (144 avaliações) e orçamento em…","Fotos para Clínicas Médicas","","text/html; charset=utf-8","516","service","","servico","yes","yes","","114","","schema:,LocalBusiness,ProfessionalService,ImageGallery,Service,BreadcrumbList; tel:+55-11-91355-0533; +5511913550533; +55 11 91355-0533; 5511913550533; 11913550533"
"alefotografo.com.br","https://www.alefotografo.com.br/fotografo-corporativo/fotografia-corporativa-em-sao-paulo","/fotografo-corporativo/fotografia-corporativa-em-sao-paulo","200","","https://www.alefotografo.com.br/fotografo-corporativo/fotografia-corporativa-em-sao-paulo","Fotografia Corporativa em SP Orçamento em 1 Dia Útil","Fotografia corporativa em São Paulo: retratos de equipe, ambientes e operação na sua empresa. 30 anos de experiência, nota 4,9 (144 avaliações) e prévia das…","Fotografia Corporativa","","text/html; charset=utf-8","1254","service","","servico","yes","yes","","120","","schema:,LocalBusiness,ProfessionalService,ImageGallery,Service,FAQPage,BreadcrumbList; tel:+55-11-91355-0533; +5511913550533; +55 11 91355-0533; 5511913550533; 11913550533"
"alefotografo.com.br","https://www.alefotografo.com.br/fotografo-corporativo/fotografo-de-eventos-corporativos","/fotografo-corporativo/fotografo-de-eventos-corporativos","200","","https://www.alefotografo.com.br/fotografo-corporativo/fotografo-de-eventos-corporativos","Fotógrafo de Eventos Corporativos em São Paulo","Fotógrafo de eventos corporativos em São Paulo com registro estratégico de palco, plateia, networking e patrocinadores. Prévia rápida para redes sociais.","Fotógrafo de Eventos Corporativos","","text/html; charset=utf-8","686","service","","servico","yes","yes","","113","","schema:,LocalBusiness,ProfessionalService,ImageGallery,Service,FAQPage,BreadcrumbList; tel:+55-11-91355-0533; +5511913550533; +55 11 91355-0533; 5511913550533; 11913550533"
"alefotografo.com.br","https://www.alefotografo.com.br/fotografo-corporativo/fotografo-feiras-stands","/fotografo-corporativo/fotografo-feiras-stands","200","","https://www.alefotografo.com.br/fotografo-corporativo/fotografo-feiras-stands","Fotógrafo de Feiras e Stands em São Paulo Alê Fotógrafo","Fotógrafo de feiras e stands em São Paulo: cobertura de expositores, produtos, palestras e visitantes no São Paulo Expo, Expo Center Norte e Anhembi. Prévia…","Fotógrafo de Feiras de Negócios","","text/html; charset=utf-8","518","service","","servico","yes","yes","","112","","schema:,LocalBusiness,ProfessionalService,ImageGallery,Service,BreadcrumbList; tel:+55-11-91355-0533; +5511913550533; +55 11 91355-0533; 5511913550533; 11913550533"
"alefotografo.com.br","https://www.alefotografo.com.br/fotografo-corporativo/totem-fotografico-totem-mania","/fotografo-corporativo/totem-fotografico-totem-mania","200","","https://www.alefotografo.com.br/fotografo-corporativo/totem-fotografico-totem-mania","Totem Fotográfico para Eventos e Feiras em São Paulo","Totem fotográfico para eventos corporativos e feiras em São Paulo: impressão na hora, moldura com sua marca e captura de contatos no estande.","Totem Fotográfico","","text/html; charset=utf-8","520","service","","servico","yes","yes","","115","","schema:,LocalBusiness,ProfessionalService,ImageGallery,Service,BreadcrumbList; tel:+55-11-91355-0533; +5511913550533; +55 11 91355-0533; 5511913550533; 11913550533"
"alefotografo.com.br","https://www.alefotografo.com.br/fotografo-corporativo/foto-impressa-na-hora","/fotografo-corporativo/foto-impressa-na-hora","200","","https://www.alefotografo.com.br/fotografo-corporativo/foto-impressa-na-hora","Foto Lembrança Impressa na Hora em SP Alê Fotógrafo","Foto lembrança impressa na hora em eventos corporativos em São Paulo: moldura com a sua marca, entrega em segundos e orçamento em até 1 dia útil.","Foto Lembrança Impressa na Hora","","text/html; charset=utf-8","517","service","","servico","yes","yes","","114","","schema:,LocalBusiness,ProfessionalService,ImageGallery,Service,BreadcrumbList; tel:+55-11-91355-0533; +5511913550533; +55 11 91355-0533; 5511913550533; 11913550533"
"alefotografo.com.br","https://www.alefotografo.com.br/fotografo-corporativo/fotografia-de-logistica","/fotografo-corporativo/fotografia-de-logistica","200","","https://www.alefotografo.com.br/fotografo-corporativo/fotografia-de-logistica","Fotografia de Logística em SP Armazém e Frota","Fotografia de logística em São Paulo: centro de distribuição, armazém, expedição, frota e equipes em operação. Imagens prontas para site, propostas e…","Fotografia de Logística","","text/html; charset=utf-8","1125","service","","servico","yes","yes","","129","","schema:,LocalBusiness,ProfessionalService,ImageGallery,Service,FAQPage,BreadcrumbList; tel:+55-11-91355-0533; +5511913550533; +55 11 91355-0533; 5511913550533; 11913550533"
"alefotografo.com.br","https://www.alefotografo.com.br/fotografo-corporativo/ensaio-fotografico-para-dentistas","/fotografo-corporativo/ensaio-fotografico-para-dentistas","200","","https://www.alefotografo.com.br/fotografo-corporativo/ensaio-fotografico-para-dentistas","Ensaio Fotográfico para Dentistas em SP Consultório","Ensaio fotográfico para dentistas em São Paulo, no seu consultório: retratos, equipe, ambientes e procedimentos. Fotos que passam confiança ao paciente, com…","Ensaio fotográfico para Dentistas","","text/html; charset=utf-8","810","service","","servico","yes","yes","","114","","schema:,LocalBusiness,ProfessionalService,ImageGallery,Service,FAQPage,BreadcrumbList; tel:+55-11-91355-0533; +5511913550533; +55 11 91355-0533; 5511913550533; 11913550533"
"alefotografo.com.br","https://www.alefotografo.com.br/fotografo-corporativo/fotografo-de-arquitetura-e-interiores","/fotografo-corporativo/fotografo-de-arquitetura-e-interiores","200","","https://www.alefotografo.com.br/fotografo-corporativo/fotografo-de-arquitetura-e-interiores","Fotografia de Arquitetura e Interiores em São Paulo","Fotografia de arquitetura e interiores em São Paulo: projetos residenciais, corporativos e comerciais com linhas corrigidas e luz natural valorizada.","Fotografia de Arquitetura","","text/html; charset=utf-8","547","service","","servico","yes","yes","","112","","schema:,LocalBusiness,ProfessionalService,ImageGallery,Service,BreadcrumbList; tel:+55-11-91355-0533; +5511913550533; +55 11 91355-0533; 5511913550533; 11913550533"
"alefotografo.com.br","https://www.alefotografo.com.br/fotografo-corporativo/banco-de-imagens-para-empresas","/fotografo-corporativo/banco-de-imagens-para-empresas","200","","https://www.alefotografo.com.br/fotografo-corporativo/banco-de-imagens-para-empresas","Banco de Imagens para Empresas São Paulo Alê Fotógrafo","Monte o banco de imagens da sua empresa em São Paulo: pessoas, ambientes e processos reais, com direito de uso e acervo organizado por tema. Orçamento em até…","Banco de Imagens Empresarial","","text/html; charset=utf-8","673","service","","servico","yes","yes","","115","","schema:,LocalBusiness,ProfessionalService,ImageGallery,Service,BreadcrumbList; tel:+55-11-91355-0533; +5511913550533; +55 11 91355-0533; 5511913550533; 11913550533"
"alefotografo.com.br","https://www.alefotografo.com.br/fotografo-corporativo/fotografia-institucional-em-saopaulo","/fotografo-corporativo/fotografia-institucional-em-saopaulo","200","","https://www.alefotografo.com.br/fotografo-corporativo/fotografia-institucional-em-saopaulo","Fotografia Institucional em SP Empresas e Liderança","Fotografia institucional em São Paulo: retratos de liderança, ambientes e processos para relatórios, sites e comunicação corporativa. Prévia no mesmo dia pelo…","Fotografia Institucional","","text/html; charset=utf-8","1067","service","","servico","yes","yes","","119","","schema:,LocalBusiness,ProfessionalService,ImageGallery,Service,FAQPage,BreadcrumbList; tel:+55-11-91355-0533; +5511913550533; +55 11 91355-0533; 5511913550533; 11913550533"
"alefotografo.com.br","https://www.alefotografo.com.br/fotografo-corporativo/ensaio-fotografico-para-redes-sociais","/fotografo-corporativo/ensaio-fotografico-para-redes-sociais","200","","https://www.alefotografo.com.br/fotografo-corporativo/ensaio-fotografico-para-redes-sociais","Ensaio para Redes Sociais em São Paulo Fotos e Vídeos","Ensaio de fotos e vídeos para redes sociais em São Paulo: conteúdo em formato vertical para Instagram, reels e LinkedIn, com várias trocas de look.","Ensaio Fotográfico para Redes Sociais","","text/html; charset=utf-8","831","service","","servico","yes","yes","","114","","schema:,LocalBusiness,ProfessionalService,ImageGallery,Service,FAQPage,BreadcrumbList; tel:+55-11-91355-0533; +5511913550533; +55 11 91355-0533; 5511913550533; 11913550533"
"alefotografo.com.br","https://www.alefotografo.com.br/fotografo-corporativo/fotos-aereas","/fotografo-corporativo/fotos-aereas","200","","https://www.alefotografo.com.br/fotografo-corporativo/fotos-aereas","Fotos e Vídeo Aéreo com Drone em São Paulo Alê Fotógrafo","Fotografia e vídeo aéreo com drone em São Paulo: obras, empreendimentos, plantas industriais e eventos. Piloto habilitado e orçamento em até 1 dia útil.","Fotos Aéreas","","text/html; charset=utf-8","541","service","","servico","yes","yes","","112","","schema:,LocalBusiness,ProfessionalService,ImageGallery,Service,BreadcrumbList; tel:+55-11-91355-0533; +5511913550533; +55 11 91355-0533; 5511913550533; 11913550533"
"alefotografo.com.br","https://www.alefotografo.com.br/fotografo-corporativo/empreendimentos-imobiliarios","/fotografo-corporativo/empreendimentos-imobiliarios","200","","https://www.alefotografo.com.br/fotografo-corporativo/empreendimentos-imobiliarios","Fotografia de Empreendimentos Imobiliários em SP","Fotografia de empreendimentos imobiliários em São Paulo: fachadas, áreas comuns, decorados e obra. Imagens para lançamentos, portais e material de venda.","Fotografias de Empreendimentos imobiliários","","text/html; charset=utf-8","522","service","","servico","yes","yes","","112","","schema:,LocalBusiness,ProfessionalService,ImageGallery,Service,BreadcrumbList; tel:+55-11-91355-0533; +5511913550533; +55 11 91355-0533; 5511913550533; 11913550533"
"alefotografo.com.br","https://www.alefotografo.com.br/fotografo-corporativo/fotografo-festa-de-confraternizacao","/fotografo-corporativo/fotografo-festa-de-confraternizacao","200","","https://www.alefotografo.com.br/fotografo-corporativo/fotografo-festa-de-confraternizacao","Fotógrafo para Festa da Firma em São Paulo Alê Fotógrafo","Fotógrafo para festa de confraternização de empresas em São Paulo: chegada, brindes, premiações e clima da equipe. Prévia das fotos no mesmo dia quando…","Festa da Firma","","text/html; charset=utf-8","530","service","","servico","yes","yes","","114","","schema:,LocalBusiness,ProfessionalService,ImageGallery,Service,BreadcrumbList; tel:+55-11-91355-0533; +5511913550533; +55 11 91355-0533; 5511913550533; 11913550533"
"alefotografo.com.br","https://www.alefotografo.com.br/fotografo-corporativo/fotografo-festa-de-confraternizacao-1-1","/fotografo-corporativo/fotografo-festa-de-confraternizacao-1-1","200","","https://www.alefotografo.com.br/fotografo-corporativo/fotografo-festa-de-confraternizacao-1-1","Fotografia para Festa de Confraternização em SP","Cobertura fotográfica de festa de confraternização em São Paulo: retratos espontâneos, grupos e decoração. Material pronto para endomarketing e redes.","Festa de Confraternização","","text/html; charset=utf-8","529","service","","servico","yes","yes","","113","","schema:,LocalBusiness,ProfessionalService,ImageGallery,Service,BreadcrumbList; tel:+55-11-91355-0533; +5511913550533; +55 11 91355-0533; 5511913550533; 11913550533"
"alefotografo.com.br","https://www.alefotografo.com.br/fotografo-corporativo/fotografo-profissional-em-sao-paulo","/fotografo-corporativo/fotografo-profissional-em-sao-paulo","200","","https://www.alefotografo.com.br/fotografo-corporativo/fotografo-profissional-em-sao-paulo","Fotógrafo Profissional em São Paulo Alexandre Machado","Fotógrafo profissional em São Paulo com mais de 30 anos de experiência em produções para empresas, executivos, profissionais, eventos e diferentes segmentos.","Fotógrafo profissional em São Paulo","","text/html; charset=utf-8","908","service","","servico","yes","yes","","115","","schema:,LocalBusiness,ProfessionalService,ImageGallery,Service,FAQPage,BreadcrumbList; tel:+55-11-91355-0533; +5511913550533; +55 11 91355-0533; 5511913550533; 11913550533"
"alefotografo.com.br","https://www.alefotografo.com.br/fotografo-corporativo/banco-de-imagens-para-escolas","/fotografo-corporativo/banco-de-imagens-para-escolas","200","","https://www.alefotografo.com.br/fotografo-corporativo/banco-de-imagens-para-escolas","Banco de Imagens para Escolas em São Paulo Alê Fotógrafo","Banco de imagens para escolas em São Paulo: alunos, professores, aulas e estrutura em fotos autorizadas para site, matrículas e campanhas do ano todo.","Banco de Imagens para escolas","","text/html; charset=utf-8","550","service","","servico","yes","yes","","113","","schema:,LocalBusiness,ProfessionalService,ImageGallery,Service,BreadcrumbList; tel:+55-11-91355-0533; +5511913550533; +55 11 91355-0533; 5511913550533; 11913550533"
"alefotografo.com.br","https://www.alefotografo.com.br/fotografo-corporativo/fotografo-de-grupos-times-e-equipes","/fotografo-corporativo/fotografo-de-grupos-times-e-equipes","200","","https://www.alefotografo.com.br/fotografo-corporativo/fotografo-de-grupos-times-e-equipes","Fotógrafo de Grupos, Times e Equipes em São Paulo","Foto de grupo e de equipe em São Paulo, na sua empresa ou em estúdio: direção de pose, todos nítidos e olhando para a câmera. Orçamento em até 1 dia útil.","Fotógrafo de Grupos, Times e Equipes","","text/html; charset=utf-8","538","service","","servico","yes","yes","","113","","schema:,LocalBusiness,ProfessionalService,ImageGallery,Service,BreadcrumbList; tel:+55-11-91355-0533; +5511913550533; +55 11 91355-0533; 5511913550533; 11913550533"
"alefotografo.com.br","https://www.alefotografo.com.br/fotografo-corporativo/fotos-de-paes","/fotografo-corporativo/fotos-de-paes","200","","https://www.alefotografo.com.br/fotografo-corporativo/fotos-de-paes","Fotos de Pães Artesanais em São Paulo Padaria","Fotografia de pães artesanais em São Paulo: casca, miolo e fermentação valorizados em imagens para padarias, cafés e marcas. Entrega rápida dos arquivos.","Fotos de pães","","text/html; charset=utf-8","524","service","","servico","yes","yes","","112","","schema:,LocalBusiness,ProfessionalService,ImageGallery,Service,BreadcrumbList; tel:+55-11-91355-0533; +5511913550533; +55 11 91355-0533; 5511913550533; 11913550533"
"alefotografo.com.br","https://www.alefotografo.com.br/fotografo-corporativo/fotos-de-hamburguer","/fotografo-corporativo/fotos-de-hamburguer","200","","https://www.alefotografo.com.br/fotografo-corporativo/fotos-de-hamburguer","Fotos de Hambúrguer em São Paulo Food Photography","Fotos de hambúrguer em São Paulo para cardápio, delivery e anúncios: montagem, luz e retoque que mostram o produto do jeito que ele chega ao cliente.","Foto de Hambúrguer","","text/html; charset=utf-8","543","service","","servico","yes","yes","","112","","schema:,LocalBusiness,ProfessionalService,ImageGallery,Service,BreadcrumbList; tel:+55-11-91355-0533; +5511913550533; +55 11 91355-0533; 5511913550533; 11913550533"
"alefotografo.com.br","https://www.alefotografo.com.br/fotografo-corporativo/fotografo-de-drinks-coqueteis","/fotografo-corporativo/fotografo-de-drinks-coqueteis","200","","https://www.alefotografo.com.br/fotografo-corporativo/fotografo-de-drinks-coqueteis","Fotografia de Drinks e Coquetéis em São Paulo","Fotografia de drinks e coquetéis em São Paulo para bares, restaurantes e marcas de bebidas: gelo, textura e cor tratados para cardápio e redes sociais.","Fotografia de Drinks","","text/html; charset=utf-8","540","service","","servico","yes","yes","","112","","schema:,LocalBusiness,ProfessionalService,ImageGallery,Service,BreadcrumbList; tel:+55-11-91355-0533; +5511913550533; +55 11 91355-0533; 5511913550533; 11913550533"
"alefotografo.com.br","https://www.alefotografo.com.br/fotografo-corporativo/fotografo-de-culinaria","/fotografo-corporativo/fotografo-de-culinaria","200","","https://www.alefotografo.com.br/fotografo-corporativo/fotografo-de-culinaria","Fotografia de Culinária em São Paulo Fotos de Pratos","Fotografia de culinária em São Paulo: pratos, bebidas e sobremesas para cardápio, delivery e redes sociais. Luz, direção de arte e entrega rápida.","Fotografia de Culinária","","text/html; charset=utf-8","538","service","","servico","yes","yes","","113","","schema:,LocalBusiness,ProfessionalService,ImageGallery,Service,BreadcrumbList; tel:+55-11-91355-0533; +5511913550533; +55 11 91355-0533; 5511913550533; 11913550533"
"alefotografo.com.br","https://www.alefotografo.com.br/fotografo-corporativo/fotos-para-restaurantes","/fotografo-corporativo/fotos-para-restaurantes","200","","https://www.alefotografo.com.br/fotografo-corporativo/fotos-para-restaurantes","Fotos para Restaurantes em São Paulo Pratos e Ambiente","Fotos para restaurantes em São Paulo: pratos, drinks, ambiente e equipe em um só dia de produção. Imagens prontas para cardápio, delivery e Google.","Fotos para Restaurantes","","text/html; charset=utf-8","528","service","","servico","yes","yes","","112","","schema:,LocalBusiness,ProfessionalService,ImageGallery,Service,BreadcrumbList; tel:+55-11-91355-0533; +5511913550533; +55 11 91355-0533; 5511913550533; 11913550533"
"alefotografo.com.br","https://www.alefotografo.com.br/fotografo-corporativo/fotografo-de-retratos-corporativos","/fotografo-corporativo/fotografo-de-retratos-corporativos","200","","https://www.alefotografo.com.br/fotografo-corporativo/fotografo-de-retratos-corporativos","Retratos Profissionais em São Paulo Ensaio Executivo","Ensaio de retratos profissionais em São Paulo, em estúdio ou na sua empresa. Fotos com naturalidade e padrão executivo para currículo, LinkedIn e mídia.","Retratos","","text/html; charset=utf-8","788","service","","servico","yes","yes","","113","","schema:,LocalBusiness,ProfessionalService,ImageGallery,Service,FAQPage,BreadcrumbList; tel:+55-11-91355-0533; +5511913550533; +55 11 91355-0533; 5511913550533; 11913550533"
"alefotografo.com.br","https://www.alefotografo.com.br/fotografo-corporativo/fotografia-industrial-em-sp","/fotografo-corporativo/fotografia-industrial-em-sp","200","","https://www.alefotografo.com.br/fotografo-corporativo/fotografia-industrial-em-sp","Fotografia Industrial em São Paulo Fábrica e Produção","Fotografia industrial em São Paulo: linha de produção, maquinário, equipes e ambientes de fábrica com segurança e padrão técnico. Orçamento em até 1 dia útil…","Fotografia Industrial","","text/html; charset=utf-8","506","service","","servico","yes","yes","","112","","schema:,LocalBusiness,ProfessionalService,ImageGallery,Service,BreadcrumbList; tel:+55-11-91355-0533; +5511913550533; +55 11 91355-0533; 5511913550533; 11913550533"
"alefotografo.com.br","https://www.alefotografo.com.br/fotografo-corporativo/fotos-profissionais-para-medicos","/fotografo-corporativo/fotos-profissionais-para-medicos","200","","https://www.alefotografo.com.br/fotografo-corporativo/fotos-profissionais-para-medicos","Fotos Profissionais para Médicos em São Paulo","Retratos profissionais para médicos e médicas em São Paulo: jaleco, consultório ou estúdio. Fotos que transmitem confiança para pacientes e convênios.","Fotos Profissionais para Médicos","","text/html; charset=utf-8","803","service","","servico","yes","yes","","115","","schema:,LocalBusiness,ProfessionalService,ImageGallery,Service,FAQPage,BreadcrumbList; tel:+55-11-91355-0533; +5511913550533; +55 11 91355-0533; 5511913550533; 11913550533"
"alefotografo.com.br","https://www.alefotografo.com.br/fotografo-corporativo-em","/fotografo-corporativo-em","200","","https://www.alefotografo.com.br/fotografo-corporativo-em","Fotógrafo Corporativo por Bairro em São Paulo e ABC","Escolha o bairro e veja como atendemos: retratos executivos, fotos para LinkedIn, eventos e vídeo institucional em 35 regiões de São Paulo e do ABC.","Fotógrafo corporativo por bairro","","text/html; charset=utf-8","584","service","","servico","yes","yes","","117","","schema:,LocalBusiness,ProfessionalService,CollectionPage,BreadcrumbList; tel:+55-11-91355-0533; +5511913550533; 5511913550533; 11913550533"
"alefotografo.com.br","https://www.alefotografo.com.br/fotografo-corporativo-em/vila-olimpia","/fotografo-corporativo-em/vila-olimpia","200","","https://www.alefotografo.com.br/fotografo-corporativo-em/vila-olimpia","Fotógrafo Corporativo em Vila Olímpia SP Alê Fotógrafo","Fotógrafo corporativo na Vila Olímpia (Zona Sul de São Paulo): retratos executivos, LinkedIn, eventos e vídeo institucional. 30 anos de experiência em SP.","Fotógrafo Corporativo em Vila Olímpia, São Paulo","","text/html; charset=utf-8","1057","service","","local-seo","yes","yes","","135","","schema:,LocalBusiness,ProfessionalService,BreadcrumbList; tel:+55-11-91355-0533; +5511913550533; 5511913550533; 11913550533"
"alefotografo.com.br","https://www.alefotografo.com.br/fotografo-corporativo-em/faria-lima","/fotografo-corporativo-em/faria-lima","200","","https://www.alefotografo.com.br/fotografo-corporativo-em/faria-lima","Fotógrafo Corporativo em Faria Lima SP Alê Fotógrafo","Fotógrafo corporativo na Faria Lima (Zona Sul de São Paulo): retratos executivos, LinkedIn, eventos e vídeo institucional. 30 anos de experiência em SP.","Fotógrafo Corporativo em Faria Lima, São Paulo","","text/html; charset=utf-8","1039","service","","local-seo","yes","yes","","135","","schema:,LocalBusiness,ProfessionalService,BreadcrumbList; tel:+55-11-91355-0533; +5511913550533; 5511913550533; 11913550533"
"alefotografo.com.br","https://www.alefotografo.com.br/fotografo-corporativo-em/avenida-paulista","/fotografo-corporativo-em/avenida-paulista","200","","https://www.alefotografo.com.br/fotografo-corporativo-em/avenida-paulista","Fotógrafo Corporativo em Avenida Paulista SP Alê Fotógrafo","Fotógrafo corporativo na Avenida Paulista (Região Central de São Paulo): retratos executivos, LinkedIn, eventos e vídeo institucional. 30 anos de experiência…","Fotógrafo Corporativo em Avenida Paulista, São Paulo","","text/html; charset=utf-8","1013","service","","local-seo","yes","yes","","135","","schema:,LocalBusiness,ProfessionalService,BreadcrumbList; tel:+55-11-91355-0533; +5511913550533; 5511913550533; 11913550533"
"alefotografo.com.br","https://www.alefotografo.com.br/fotografo-corporativo-em/berrini","/fotografo-corporativo-em/berrini","200","","https://www.alefotografo.com.br/fotografo-corporativo-em/berrini","Fotógrafo Corporativo em Berrini SP Alê Fotógrafo","Fotógrafo corporativo na Berrini (Zona Sul de São Paulo): retratos executivos, LinkedIn, eventos e vídeo institucional. 30 anos de experiência em SP.","Fotógrafo Corporativo em Berrini, São Paulo","","text/html; charset=utf-8","1014","service","","local-seo","yes","yes","","135","","schema:,LocalBusiness,ProfessionalService,BreadcrumbList; tel:+55-11-91355-0533; +5511913550533; 5511913550533; 11913550533"
"alefotografo.com.br","https://www.alefotografo.com.br/fotografo-corporativo-em/itaim-bibi","/fotografo-corporativo-em/itaim-bibi","200","","https://www.alefotografo.com.br/fotografo-corporativo-em/itaim-bibi","Fotógrafo Corporativo em Itaim Bibi SP Alê Fotógrafo","Fotógrafo corporativo na Itaim Bibi (Zona Sul de São Paulo): retratos executivos, LinkedIn, eventos e vídeo institucional. 30 anos de experiência em SP.","Fotógrafo Corporativo em Itaim Bibi, São Paulo","","text/html; charset=utf-8","1032","service","","local-seo","yes","yes","","135","","schema:,LocalBusiness,ProfessionalService,BreadcrumbList; tel:+55-11-91355-0533; +5511913550533; 5511913550533; 11913550533"
"alefotografo.com.br","https://www.alefotografo.com.br/fotografo-corporativo-em/pinheiros","/fotografo-corporativo-em/pinheiros","200","","https://www.alefotografo.com.br/fotografo-corporativo-em/pinheiros","Fotógrafo Corporativo em Pinheiros SP Alê Fotógrafo","Fotógrafo corporativo na Pinheiros (Zona Oeste de São Paulo): retratos executivos, LinkedIn, eventos e vídeo institucional. 30 anos de experiência em SP.","Fotógrafo Corporativo em Pinheiros, São Paulo","","text/html; charset=utf-8","1017","service","","local-seo","yes","yes","","135","","schema:,LocalBusiness,ProfessionalService,BreadcrumbList; tel:+55-11-91355-0533; +5511913550533; 5511913550533; 11913550533"
"alefotografo.com.br","https://www.alefotografo.com.br/fotografo-corporativo-em/jardim-paulistano","/fotografo-corporativo-em/jardim-paulistano","200","","https://www.alefotografo.com.br/fotografo-corporativo-em/jardim-paulistano","Fotógrafo Corporativo em Jardim Paulistano SP Alê…","Fotógrafo corporativo na Jardim Paulistano (Zona Sul de São Paulo): retratos executivos, LinkedIn, eventos e vídeo institucional. 30 anos de experiência em SP.","Fotógrafo Corporativo em Jardim Paulistano, São Paulo","","text/html; charset=utf-8","996","service","","local-seo","yes","yes","","135","","schema:,LocalBusiness,ProfessionalService,BreadcrumbList; tel:+55-11-91355-0533; +5511913550533; 5511913550533; 11913550533"
"alefotografo.com.br","https://www.alefotografo.com.br/fotografo-corporativo-em/brooklin","/fotografo-corporativo-em/brooklin","200","","https://www.alefotografo.com.br/fotografo-corporativo-em/brooklin","Fotógrafo Corporativo em Brooklin SP Alê Fotógrafo","Fotógrafo corporativo na Brooklin (Zona Sul de São Paulo): retratos executivos, LinkedIn, eventos e vídeo institucional. 30 anos de experiência em SP.","Fotógrafo Corporativo em Brooklin, São Paulo","","text/html; charset=utf-8","1009","service","","local-seo","yes","yes","","135","","schema:,LocalBusiness,ProfessionalService,BreadcrumbList; tel:+55-11-91355-0533; +5511913550533; 5511913550533; 11913550533"
"alefotografo.com.br","https://www.alefotografo.com.br/fotografo-corporativo-em/cidade-moncoes","/fotografo-corporativo-em/cidade-moncoes","200","","https://www.alefotografo.com.br/fotografo-corporativo-em/cidade-moncoes","Fotógrafo Corporativo em Cidade Monções SP Alê Fotógrafo","Fotógrafo corporativo na Cidade Monções (Zona Sul de São Paulo): retratos executivos, LinkedIn, eventos e vídeo institucional. 30 anos de experiência em SP.","Fotógrafo Corporativo em Cidade Monções, São Paulo","","text/html; charset=utf-8","1001","service","","local-seo","yes","yes","","135","","schema:,LocalBusiness,ProfessionalService,BreadcrumbList; tel:+55-11-91355-0533; +5511913550533; 5511913550533; 11913550533"
"alefotografo.com.br","https://www.alefotografo.com.br/fotografo-corporativo-em/vila-madalena","/fotografo-corporativo-em/vila-madalena","200","","https://www.alefotografo.com.br/fotografo-corporativo-em/vila-madalena","Fotógrafo Corporativo em Vila Madalena SP Alê Fotógrafo","Fotógrafo corporativo na Vila Madalena (Zona Oeste de São Paulo): retratos executivos, LinkedIn, eventos e vídeo institucional. 30 anos de experiência em SP.","Fotógrafo Corporativo em Vila Madalena, São Paulo","","text/html; charset=utf-8","1007","service","","local-seo","yes","yes","","135","","schema:,LocalBusiness,ProfessionalService,BreadcrumbList; tel:+55-11-91355-0533; +5511913550533; 5511913550533; 11913550533"
"alefotografo.com.br","https://www.alefotografo.com.br/fotografo-corporativo-em/cerqueira-cesar","/fotografo-corporativo-em/cerqueira-cesar","200","","https://www.alefotografo.com.br/fotografo-corporativo-em/cerqueira-cesar","Fotógrafo Corporativo em Cerqueira César SP Alê Fotógrafo","Fotógrafo corporativo na Cerqueira César (Região Central de São Paulo): retratos executivos, LinkedIn, eventos e vídeo institucional. 30 anos de experiência…","Fotógrafo Corporativo em Cerqueira César, São Paulo","","text/html; charset=utf-8","990","service","","local-seo","yes","yes","","135","","schema:,LocalBusiness,ProfessionalService,BreadcrumbList; tel:+55-11-91355-0533; +5511913550533; 5511913550533; 11913550533"
"alefotografo.com.br","https://www.alefotografo.com.br/fotografo-corporativo-em/consolacao","/fotografo-corporativo-em/consolacao","200","","https://www.alefotografo.com.br/fotografo-corporativo-em/consolacao","Fotógrafo Corporativo em Consolação SP Alê Fotógrafo","Fotógrafo corporativo na Consolação (Região Central de São Paulo): retratos executivos, LinkedIn, eventos e vídeo institucional. 30 anos de experiência em SP.","Fotógrafo Corporativo em Consolação, São Paulo","","text/html; charset=utf-8","995","service","","local-seo","yes","yes","","135","","schema:,LocalBusiness,ProfessionalService,BreadcrumbList; tel:+55-11-91355-0533; +5511913550533; 5511913550533; 11913550533"
"alefotografo.com.br","https://www.alefotografo.com.br/fotografo-corporativo-em/republica","/fotografo-corporativo-em/republica","200","","https://www.alefotografo.com.br/fotografo-corporativo-em/republica","Fotógrafo Corporativo em República SP Alê Fotógrafo","Fotógrafo corporativo na República (Região Central de São Paulo): retratos executivos, LinkedIn, eventos e vídeo institucional. 30 anos de experiência em SP.","Fotógrafo Corporativo em República, São Paulo","","text/html; charset=utf-8","991","service","","local-seo","yes","yes","","135","","schema:,LocalBusiness,ProfessionalService,BreadcrumbList; tel:+55-11-91355-0533; +5511913550533; 5511913550533; 11913550533"
"alefotografo.com.br","https://www.alefotografo.com.br/fotografo-corporativo-em/moema","/fotografo-corporativo-em/moema","200","","https://www.alefotografo.com.br/fotografo-corporativo-em/moema","Fotógrafo Corporativo em Moema SP Alê Fotógrafo","Fotógrafo corporativo na Moema (Zona Sul de São Paulo): retratos executivos, LinkedIn, eventos e vídeo institucional. 30 anos de experiência em SP.","Fotógrafo Corporativo em Moema, São Paulo","","text/html; charset=utf-8","1002","service","","local-seo","yes","yes","","135","","schema:,LocalBusiness,ProfessionalService,BreadcrumbList; tel:+55-11-91355-0533; +5511913550533; 5511913550533; 11913550533"
"alefotografo.com.br","https://www.alefotografo.com.br/fotografo-corporativo-em/vila-mariana","/fotografo-corporativo-em/vila-mariana","200","","https://www.alefotografo.com.br/fotografo-corporativo-em/vila-mariana","Fotógrafo Corporativo em Vila Mariana SP Alê Fotógrafo","Fotógrafo corporativo na Vila Mariana (Zona Sul de São Paulo): retratos executivos, LinkedIn, eventos e vídeo institucional. 30 anos de experiência em SP.","Fotógrafo Corporativo em Vila Mariana, São Paulo","","text/html; charset=utf-8","996","service","","local-seo","yes","yes","","135","","schema:,LocalBusiness,ProfessionalService,BreadcrumbList; tel:+55-11-91355-0533; +5511913550533; 5511913550533; 11913550533"
"alefotografo.com.br","https://www.alefotografo.com.br/fotografo-corporativo-em/perdizes","/fotografo-corporativo-em/perdizes","200","","https://www.alefotografo.com.br/fotografo-corporativo-em/perdizes","Fotógrafo Corporativo em Perdizes SP Alê Fotógrafo","Fotógrafo corporativo na Perdizes (Zona Oeste de São Paulo): retratos executivos, LinkedIn, eventos e vídeo institucional. 30 anos de experiência em SP.","Fotógrafo Corporativo em Perdizes, São Paulo","","text/html; charset=utf-8","987","service","","local-seo","yes","yes","","135","","schema:,LocalBusiness,ProfessionalService,BreadcrumbList; tel:+55-11-91355-0533; +5511913550533; 5511913550533; 11913550533"
"alefotografo.com.br","https://www.alefotografo.com.br/fotografo-corporativo-em/lapa","/fotografo-corporativo-em/lapa","200","","https://www.alefotografo.com.br/fotografo-corporativo-em/lapa","Fotógrafo Corporativo em Lapa SP Alê Fotógrafo","Fotógrafo corporativo na Lapa (Zona Oeste de São Paulo): retratos executivos, LinkedIn, eventos e vídeo institucional. 30 anos de experiência em SP.","Fotógrafo Corporativo em Lapa, São Paulo","","text/html; charset=utf-8","1003","service","","local-seo","yes","yes","","136","","schema:,LocalBusiness,ProfessionalService,BreadcrumbList; tel:+55-11-91355-0533; +5511913550533; 5511913550533; 11913550533"
"alefotografo.com.br","https://www.alefotografo.com.br/fotografo-corporativo-em/santana","/fotografo-corporativo-em/santana","200","","https://www.alefotografo.com.br/fotografo-corporativo-em/santana","Fotógrafo Corporativo em Santana SP Alê Fotógrafo","Fotógrafo corporativo na Santana (Zona Norte de São Paulo): retratos executivos, LinkedIn, eventos e vídeo institucional. 30 anos de experiência em SP.","Fotógrafo Corporativo em Santana, São Paulo","","text/html; charset=utf-8","994","service","","local-seo","yes","yes","","135","","schema:,LocalBusiness,ProfessionalService,BreadcrumbList; tel:+55-11-91355-0533; +5511913550533; 5511913550533; 11913550533"
"alefotografo.com.br","https://www.alefotografo.com.br/fotografo-corporativo-em/tatuape","/fotografo-corporativo-em/tatuape","200","","https://www.alefotografo.com.br/fotografo-corporativo-em/tatuape","Fotógrafo Corporativo em Tatuapé SP Alê Fotógrafo","Fotógrafo corporativo na Tatuapé (Zona Leste de São Paulo): retratos executivos, LinkedIn, eventos e vídeo institucional. 30 anos de experiência em SP.","Fotógrafo Corporativo em Tatuapé, São Paulo","","text/html; charset=utf-8","989","service","","local-seo","yes","yes","","135","","schema:,LocalBusiness,ProfessionalService,BreadcrumbList; tel:+55-11-91355-0533; +5511913550533; 5511913550533; 11913550533"
"alefotografo.com.br","https://www.alefotografo.com.br/fotografo-corporativo-em/mooca","/fotografo-corporativo-em/mooca","200","","https://www.alefotografo.com.br/fotografo-corporativo-em/mooca","Fotógrafo Corporativo em Mooca SP Alê Fotógrafo","Fotógrafo corporativo na Mooca (Zona Leste de São Paulo): retratos executivos, LinkedIn, eventos e vídeo institucional. 30 anos de experiência em SP.","Fotógrafo Corporativo em Mooca, São Paulo","","text/html; charset=utf-8","979","service","","local-seo","yes","yes","","135","","schema:,LocalBusiness,ProfessionalService,BreadcrumbList; tel:+55-11-91355-0533; +5511913550533; 5511913550533; 11913550533"
"alefotografo.com.br","https://www.alefotografo.com.br/fotografo-corporativo-em/agua-branca","/fotografo-corporativo-em/agua-branca","200","","https://www.alefotografo.com.br/fotografo-corporativo-em/agua-branca","Fotógrafo Corporativo em Água Branca SP Alê Fotógrafo","Fotógrafo corporativo na Água Branca (Zona Oeste de São Paulo): retratos executivos, LinkedIn, eventos e vídeo institucional. 30 anos de experiência em SP.","Fotógrafo Corporativo em Água Branca, São Paulo","","text/html; charset=utf-8","1005","service","","local-seo","yes","yes","","136","","schema:,LocalBusiness,ProfessionalService,BreadcrumbList; tel:+55-11-91355-0533; +5511913550533; 5511913550533; 11913550533"
"alefotografo.com.br","https://www.alefotografo.com.br/fotografo-corporativo-em/morumbi","/fotografo-corporativo-em/morumbi","200","","https://www.alefotografo.com.br/fotografo-corporativo-em/morumbi","Fotógrafo Corporativo em Morumbi SP Alê Fotógrafo","Fotógrafo corporativo na Morumbi (Zona Sul de São Paulo): retratos executivos, LinkedIn, eventos e vídeo institucional. 30 anos de experiência em SP.","Fotógrafo Corporativo em Morumbi, São Paulo","","text/html; charset=utf-8","968","service","","local-seo","yes","yes","","135","","schema:,LocalBusiness,ProfessionalService,BreadcrumbList; tel:+55-11-91355-0533; +5511913550533; 5511913550533; 11913550533"
"alefotografo.com.br","https://www.alefotografo.com.br/fotografo-corporativo-em/santo-amaro","/fotografo-corporativo-em/santo-amaro","200","","https://www.alefotografo.com.br/fotografo-corporativo-em/santo-amaro","Fotógrafo Corporativo em Santo Amaro SP Alê Fotógrafo","Fotógrafo corporativo na Santo Amaro (Zona Sul de São Paulo): retratos executivos, LinkedIn, eventos e vídeo institucional. 30 anos de experiência em SP.","Fotógrafo Corporativo em Santo Amaro, São Paulo","","text/html; charset=utf-8","1002","service","","local-seo","yes","yes","","135","","schema:,LocalBusiness,ProfessionalService,BreadcrumbList; tel:+55-11-91355-0533; +5511913550533; 5511913550533; 11913550533"
"alefotografo.com.br","https://www.alefotografo.com.br/fotografo-corporativo-em/centro-santo-andre","/fotografo-corporativo-em/centro-santo-andre","200","","https://www.alefotografo.com.br/fotografo-corporativo-em/centro-santo-andre","Fotógrafo Corporativo em Centro de Santo André SP Alê…","Fotógrafo corporativo na Centro de Santo André (Santo André — ABC Paulista): retratos executivos, LinkedIn, eventos e vídeo institucional. 30 anos de…","Fotógrafo Corporativo em Centro de Santo André, São Paulo","","text/html; charset=utf-8","1007","service","","local-seo","yes","yes","","135","","schema:,LocalBusiness,ProfessionalService,BreadcrumbList; tel:+55-11-91355-0533; +5511913550533; 5511913550533; 11913550533"
"alefotografo.com.br","https://www.alefotografo.com.br/fotografo-corporativo-em/campestre-santo-andre","/fotografo-corporativo-em/campestre-santo-andre","200","","https://www.alefotografo.com.br/fotografo-corporativo-em/campestre-santo-andre","Fotógrafo Corporativo em Bairro Campestre SP Alê Fotógrafo","Fotógrafo corporativo na Bairro Campestre (Santo André — ABC Paulista): retratos executivos, LinkedIn, eventos e vídeo institucional. 30 anos de experiência…","Fotógrafo Corporativo em Bairro Campestre, São Paulo","","text/html; charset=utf-8","997","service","","local-seo","yes","yes","","135","","schema:,LocalBusiness,ProfessionalService,BreadcrumbList; tel:+55-11-91355-0533; +5511913550533; 5511913550533; 11913550533"
"alefotografo.com.br","https://www.alefotografo.com.br/fotografo-corporativo-em/vila-assuncao-santo-andre","/fotografo-corporativo-em/vila-assuncao-santo-andre","200","","https://www.alefotografo.com.br/fotografo-corporativo-em/vila-assuncao-santo-andre","Fotógrafo Corporativo em Vila Assunção SP Alê Fotógrafo","Fotógrafo corporativo na Vila Assunção (Santo André — ABC Paulista): retratos executivos, LinkedIn, eventos e vídeo institucional. 30 anos de experiência em SP.","Fotógrafo Corporativo em Vila Assunção, São Paulo","","text/html; charset=utf-8","992","service","","local-seo","yes","yes","","135","","schema:,LocalBusiness,ProfessionalService,BreadcrumbList; tel:+55-11-91355-0533; +5511913550533; 5511913550533; 11913550533"
"alefotografo.com.br","https://www.alefotografo.com.br/fotografo-corporativo-em/centro-sao-bernardo","/fotografo-corporativo-em/centro-sao-bernardo","200","","https://www.alefotografo.com.br/fotografo-corporativo-em/centro-sao-bernardo","Fotógrafo Corporativo em Centro de São Bernardo do Campo…","Fotógrafo corporativo na Centro de São Bernardo do Campo (São Bernardo do Campo — ABC Paulista): retratos executivos, LinkedIn, eventos e vídeo institucional…","Fotógrafo Corporativo em Centro de São Bernardo do Campo, São Paulo","","text/html; charset=utf-8","1014","service","","local-seo","yes","yes","","135","","schema:,LocalBusiness,ProfessionalService,BreadcrumbList; tel:+55-11-91355-0533; +5511913550533; 5511913550533; 11913550533"
"alefotografo.com.br","https://www.alefotografo.com.br/fotografo-corporativo-em/rudge-ramos","/fotografo-corporativo-em/rudge-ramos","200","","https://www.alefotografo.com.br/fotografo-corporativo-em/rudge-ramos","Fotógrafo Corporativo em Rudge Ramos SP Alê Fotógrafo","Fotógrafo corporativo na Rudge Ramos (São Bernardo do Campo — ABC Paulista): retratos executivos, LinkedIn, eventos e vídeo institucional. 30 anos de…","Fotógrafo Corporativo em Rudge Ramos, São Paulo","","text/html; charset=utf-8","1025","service","","local-seo","yes","yes","","136","","schema:,LocalBusiness,ProfessionalService,BreadcrumbList; tel:+55-11-91355-0533; +5511913550533; 5511913550533; 11913550533"
"alefotografo.com.br","https://www.alefotografo.com.br/fotografo-corporativo-em/baeta-neves","/fotografo-corporativo-em/baeta-neves","200","","https://www.alefotografo.com.br/fotografo-corporativo-em/baeta-neves","Fotógrafo Corporativo em Baeta Neves SP Alê Fotógrafo","Fotógrafo corporativo na Baeta Neves (São Bernardo do Campo — ABC Paulista): retratos executivos, LinkedIn, eventos e vídeo institucional. 30 anos de…","Fotógrafo Corporativo em Baeta Neves, São Paulo","","text/html; charset=utf-8","1011","service","","local-seo","yes","yes","","135","","schema:,LocalBusiness,ProfessionalService,BreadcrumbList; tel:+55-11-91355-0533; +5511913550533; 5511913550533; 11913550533"
"alefotografo.com.br","https://www.alefotografo.com.br/fotografo-corporativo-em/centro-sao-caetano","/fotografo-corporativo-em/centro-sao-caetano","200","","https://www.alefotografo.com.br/fotografo-corporativo-em/centro-sao-caetano","Fotógrafo Corporativo em Centro de São Caetano do Sul SP …","Fotógrafo corporativo na Centro de São Caetano do Sul (São Caetano do Sul — ABC Paulista): retratos executivos, LinkedIn, eventos e vídeo institucional. 30…","Fotógrafo Corporativo em Centro de São Caetano do Sul, São Paulo","","text/html; charset=utf-8","1025","service","","local-seo","yes","yes","","135","","schema:,LocalBusiness,ProfessionalService,BreadcrumbList; tel:+55-11-91355-0533; +5511913550533; 5511913550533; 11913550533"
"alefotografo.com.br","https://www.alefotografo.com.br/fotografo-corporativo-em/santa-paula-sao-caetano","/fotografo-corporativo-em/santa-paula-sao-caetano","200","","https://www.alefotografo.com.br/fotografo-corporativo-em/santa-paula-sao-caetano","Fotógrafo Corporativo em Santa Paula SP Alê Fotógrafo","Fotógrafo corporativo na Santa Paula (São Caetano do Sul — ABC Paulista): retratos executivos, LinkedIn, eventos e vídeo institucional. 30 anos de experiência…","Fotógrafo Corporativo em Santa Paula, São Paulo","","text/html; charset=utf-8","1005","service","","local-seo","yes","yes","","135","","schema:,LocalBusiness,ProfessionalService,BreadcrumbList; tel:+55-11-91355-0533; +5511913550533; 5511913550533; 11913550533"
"alefotografo.com.br","https://www.alefotografo.com.br/fotografo-corporativo-em/centro-diadema","/fotografo-corporativo-em/centro-diadema","200","","https://www.alefotografo.com.br/fotografo-corporativo-em/centro-diadema","Fotógrafo Corporativo em Centro de Diadema SP Alê…","Fotógrafo corporativo na Centro de Diadema (Diadema — ABC Paulista): retratos executivos, LinkedIn, eventos e vídeo institucional. 30 anos de experiência em SP.","Fotógrafo Corporativo em Centro de Diadema, São Paulo","","text/html; charset=utf-8","1008","service","","local-seo","yes","yes","","136","","schema:,LocalBusiness,ProfessionalService,BreadcrumbList; tel:+55-11-91355-0533; +5511913550533; 5511913550533; 11913550533"
"alefotografo.com.br","https://www.alefotografo.com.br/fotografo-corporativo-em/alphaville-barueri","/fotografo-corporativo-em/alphaville-barueri","200","","https://www.alefotografo.com.br/fotografo-corporativo-em/alphaville-barueri","Fotógrafo Corporativo em Alphaville SP Alê Fotógrafo","Fotógrafo corporativo na Alphaville (Barueri — Grande São Paulo): retratos executivos, LinkedIn, eventos e vídeo institucional. 30 anos de experiência em SP.","Fotógrafo Corporativo em Alphaville, São Paulo","","text/html; charset=utf-8","1020","service","","local-seo","yes","yes","","135","","schema:,LocalBusiness,ProfessionalService,BreadcrumbList; tel:+55-11-91355-0533; +5511913550533; 5511913550533; 11913550533"
"alefotografo.com.br","https://www.alefotografo.com.br/videos/beauty-fair-2026-3o-dia-tendencias-lancamentos-e-os-melhores-momentos-da-feira","/videos/beauty-fair-2026-3o-dia-tendencias-lancamentos-e-os-melhores-momentos-da-feira","200","","https://www.alefotografo.com.br/videos/beauty-fair-2026-3o-dia-tendencias-lancamentos-e-os-melhores-momentos-da-feira","Beauty Fair 2026 3º Dia Tendências, Lançamentos e os…","Cobertura em vídeo do 3º dia da Beauty Fair 2026, com tendências, lançamentos e os principais momentos registrados na feira.","Beauty Fair 2026 3º Dia Tendências, Lançamentos e os Melhores Momentos da Feira","","text/html; charset=utf-8","464","video","","portfolio-video","yes","yes","","102","","schema:,LocalBusiness,ProfessionalService,VideoObject,BreadcrumbList; tel:+55-11-91355-0533; +5511913550533; 5511913550533; 11913550533"
"alefotografo.com.br","https://www.alefotografo.com.br/videos/flexfunds-solucoes-financeiras-inteligentes-para-empresas-video-institucional","/videos/flexfunds-solucoes-financeiras-inteligentes-para-empresas-video-institucional","200","","https://www.alefotografo.com.br/videos/flexfunds-solucoes-financeiras-inteligentes-para-empresas-video-institucional","FlexFunds Soluções Financeiras Inteligentes para…","Vídeo institucional da FlexFunds apresentando soluções financeiras inteligentes desenvolvidas para empresas.","FlexFunds Soluções Financeiras Inteligentes para Empresas Vídeo Institucional","","text/html; charset=utf-8","417","video","","portfolio-video","yes","yes","","102","","schema:,LocalBusiness,ProfessionalService,VideoObject,BreadcrumbList; tel:+55-11-91355-0533; +5511913550533; 5511913550533; 11913550533"
"alefotografo.com.br","https://www.alefotografo.com.br/videos/procooler-na-febrava-cobertura-profissional-de-feiras-e-eventos-corporativos","/videos/procooler-na-febrava-cobertura-profissional-de-feiras-e-eventos-corporativos","200","","https://www.alefotografo.com.br/videos/procooler-na-febrava-cobertura-profissional-de-feiras-e-eventos-corporativos","Procooler na FEBRAVA Cobertura Profissional de Feiras e…","Cobertura em vídeo da participação da Procooler na FEBRAVA, com registro da presença da empresa na feira de negócios.","Procooler na FEBRAVA Cobertura Profissional de Feiras e Eventos Corporativos","","text/html; charset=utf-8","468","video","","portfolio-video","yes","yes","","102","","schema:,LocalBusiness,ProfessionalService,VideoObject,BreadcrumbList; tel:+55-11-91355-0533; +5511913550533; 5511913550533; 11913550533"
"alefotografo.com.br","https://www.alefotografo.com.br/videos/sq-quimica-na-fce-pharma-cobertura-profissional-de-feira-de-negocios-com-fotogra","/videos/sq-quimica-na-fce-pharma-cobertura-profissional-de-feira-de-negocios-com-fotogra","200","","https://www.alefotografo.com.br/videos/sq-quimica-na-fce-pharma-cobertura-profissional-de-feira-de-negocios-com-fotogra","SQ Química na FCE Pharma: fotografia e vídeo na mesma…","Produzimos a cobertura da participação da SQ Química na FCE Pharma reunindo fotografia e vídeo em uma mesma diária de feira de negócios. Nossa equipe…","SQ Química na FCE Pharma: fotografia e vídeo na mesma cobertura de feira","","text/html; charset=utf-8","501","video","","portfolio-video","yes","yes","","102","","schema:,LocalBusiness,ProfessionalService,VideoObject,BreadcrumbList; tel:+55-11-91355-0533; +5511913550533; 5511913550533; 11913550533"
"alefotografo.com.br","https://www.alefotografo.com.br/videos/sq-quimica-na-fce-pharma-cobertura-profissional-em-video-para-feiras-e-eventos-c","/videos/sq-quimica-na-fce-pharma-cobertura-profissional-em-video-para-feiras-e-eventos-c","200","","https://www.alefotografo.com.br/videos/sq-quimica-na-fce-pharma-cobertura-profissional-em-video-para-feiras-e-eventos-c","SQ Química na FCE Pharma: vídeo da participação da empresa…","Produzimos em vídeo o registro da presença da SQ Química na FCE Pharma, com captação realizada durante o evento. Nossa equipe atua em feiras e eventos…","SQ Química na FCE Pharma: vídeo da participação da empresa no evento","","text/html; charset=utf-8","498","video","","portfolio-video","yes","yes","","102","","schema:,LocalBusiness,ProfessionalService,VideoObject,BreadcrumbList; tel:+55-11-91355-0533; +5511913550533; 5511913550533; 11913550533"
"alefotografo.com.br","https://www.alefotografo.com.br/videos/g-tech-na-conexao-farma-2023-inovacao-tecnologia-e-solucoes-para-a-saude","/videos/g-tech-na-conexao-farma-2023-inovacao-tecnologia-e-solucoes-para-a-saude","200","","https://www.alefotografo.com.br/videos/g-tech-na-conexao-farma-2023-inovacao-tecnologia-e-solucoes-para-a-saude","G-TECH na Conexão Farma 2023 Inovação, Tecnologia e…","Vídeo da participação da G-TECH na Conexão Farma 2023, evento de negócios dedicado a inovação, tecnologia e soluções para a saúde.","G-TECH na Conexão Farma 2023 Inovação, Tecnologia e Soluções para a Saúde","","text/html; charset=utf-8","442","video","","portfolio-video","yes","yes","","102","","schema:,LocalBusiness,ProfessionalService,VideoObject,BreadcrumbList; tel:+55-11-91355-0533; +5511913550533; 5511913550533; 11913550533"
"alefotografo.com.br","https://www.alefotografo.com.br/videos/ativa-logistica-30-anos","/videos/ativa-logistica-30-anos","200","","https://www.alefotografo.com.br/videos/ativa-logistica-30-anos","ATIVA Logística 30 anos Alê Fotógrafo","Vídeo corporativo dos 30 anos da ATIVA Logística, com produção audiovisual realizada por Alê Fotógrafo.","ATIVA Logística 30 anos","","text/html; charset=utf-8","414","video","","portfolio-video","yes","yes","","102","","schema:,LocalBusiness,ProfessionalService,VideoObject,BreadcrumbList; tel:+55-11-91355-0533; +5511913550533; 5511913550533; 11913550533"
"alefotografo.com.br","https://www.alefotografo.com.br/videos/tecnisa-almoco-com-fornecedores","/videos/tecnisa-almoco-com-fornecedores","200","","https://www.alefotografo.com.br/videos/tecnisa-almoco-com-fornecedores","Tecnisa Almoço com Fornecedores Alê Fotógrafo","Cobertura em vídeo do almoço com fornecedores promovido pela Tecnisa, registrando o encontro entre a empresa e seus parceiros.","Tecnisa Almoço com Fornecedores","","text/html; charset=utf-8","436","video","","portfolio-video","yes","yes","","102","","schema:,LocalBusiness,ProfessionalService,VideoObject,BreadcrumbList; tel:+55-11-91355-0533; +5511913550533; 5511913550533; 11913550533"
"alefotografo.com.br","https://www.alefotografo.com.br/videos/curso-de-prestacao-de-contas-eleitorais-2026-turma-sao-paulo","/videos/curso-de-prestacao-de-contas-eleitorais-2026-turma-sao-paulo","200","","https://www.alefotografo.com.br/videos/curso-de-prestacao-de-contas-eleitorais-2026-turma-sao-paulo","Curso de Prestação de Contas Eleitorais 2026 Turma São…","Vídeo da turma São Paulo do Curso de Prestação de Contas Eleitorais 2026, com produção audiovisual de Alê Fotógrafo.","Curso de Prestação de Contas Eleitorais 2026 Turma São Paulo","","text/html; charset=utf-8","447","video","","portfolio-video","yes","yes","","102","","schema:,LocalBusiness,ProfessionalService,VideoObject,BreadcrumbList; tel:+55-11-91355-0533; +5511913550533; 5511913550533; 11913550533"
"alefotografo.com.br","https://www.alefotografo.com.br/videos/unipac-50-anos","/videos/unipac-50-anos","200","","https://www.alefotografo.com.br/videos/unipac-50-anos","Unipac 50 anos Alê Fotógrafo","Vídeo corporativo dos 50 anos da Unipac, com produção audiovisual realizada por Alê Fotógrafo.","Unipac 50 anos","","text/html; charset=utf-8","441","video","","portfolio-video","yes","yes","","102","","schema:,LocalBusiness,ProfessionalService,VideoObject,BreadcrumbList; tel:+55-11-91355-0533; +5511913550533; 5511913550533; 11913550533"
"alefotografo.com.br","https://www.alefotografo.com.br/videos/genesis-inteligencia-artificial-na-feira-hospitalar","/videos/genesis-inteligencia-artificial-na-feira-hospitalar","200","","https://www.alefotografo.com.br/videos/genesis-inteligencia-artificial-na-feira-hospitalar","Genesis Inteligência Artificial na Feira Hospitalar","Cobertura em vídeo da participação da Genesis Inteligência Artificial na Feira Hospitalar, evento de negócios do setor de saúde.","Genesis Inteligência Artificial na Feira Hospitalar","","text/html; charset=utf-8","456","video","","portfolio-video","yes","yes","","102","","schema:,LocalBusiness,ProfessionalService,VideoObject,BreadcrumbList; tel:+55-11-91355-0533; +5511913550533; 5511913550533; 11913550533"
"alefotografo.com.br","https://www.alefotografo.com.br/videos/11-forum-abradilan-2026","/videos/11-forum-abradilan-2026","200","","https://www.alefotografo.com.br/videos/11-forum-abradilan-2026","11º Fórum ABRADILAN 2026 Alê Fotógrafo","O 11º Fórum ABRADILAN 2026, um encontro marcado por conteúdo estratégico, troca de experiências e conexões importantes para o setor farmacêutico. Cobertura…","11º Fórum ABRADILAN 2026","","text/html; charset=utf-8","428","video","","portfolio-video","yes","yes","","102","","schema:,LocalBusiness,ProfessionalService,VideoObject,BreadcrumbList; tel:+55-11-91355-0533; +5511913550533; 5511913550533; 11913550533"
"alefotografo.com.br","https://www.alefotografo.com.br/videos/video-corporativo-do-11o-forum-abradilan-2026-cobertura-de-evento-empresarial","/videos/video-corporativo-do-11o-forum-abradilan-2026-cobertura-de-evento-empresarial","200","","https://www.alefotografo.com.br/videos/video-corporativo-do-11o-forum-abradilan-2026-cobertura-de-evento-empresarial","Vídeo Corporativo do 11º Fórum Abradilan 2026 Cobertura…","Vídeo corporativo do 11º Fórum Abradilan 2026, com cobertura audiovisual do evento empresarial.","Vídeo Corporativo do 11º Fórum Abradilan 2026 Cobertura de Evento Empresarial","","text/html; charset=utf-8","441","video","","portfolio-video","yes","yes","","102","","schema:,LocalBusiness,ProfessionalService,VideoObject,BreadcrumbList; tel:+55-11-91355-0533; +5511913550533; 5511913550533; 11913550533"
"alefotografo.com.br","https://www.alefotografo.com.br/videos/nitriflex-industria-quimica-de-polimeros-especiais-e-borrachas-nitrilicas","/videos/nitriflex-industria-quimica-de-polimeros-especiais-e-borrachas-nitrilicas","200","","https://www.alefotografo.com.br/videos/nitriflex-industria-quimica-de-polimeros-especiais-e-borrachas-nitrilicas","Nitriflex: Indústria Química de Polímeros Especiais e…","Vídeo institucional da Nitriflex, indústria química brasileira com mais de 50 anos no mercado, especializada em polímeros especiais, borrachas nitrílicas…","Nitriflex: Indústria Química de Polímeros Especiais e Borrachas Nitrílicas","","text/html; charset=utf-8","452","video","","portfolio-video","yes","yes","","102","","schema:,LocalBusiness,ProfessionalService,VideoObject,BreadcrumbList; tel:+55-11-91355-0533; +5511913550533; 5511913550533; 11913550533"
"alefotografo.com.br","https://www.alefotografo.com.br/videos/flexfunds-fundos-de-investimento-e-solucoes-financeiras-para-o-mercado-corporati","/videos/flexfunds-fundos-de-investimento-e-solucoes-financeiras-para-o-mercado-corporati","200","","https://www.alefotografo.com.br/videos/flexfunds-fundos-de-investimento-e-solucoes-financeiras-para-o-mercado-corporati","FlexFunds: Fundos de Investimento e Soluções Financeiras…","Vídeo da FlexFunds sobre fundos de investimento e soluções financeiras voltadas ao mercado corporativo.","FlexFunds: Fundos de Investimento e Soluções Financeiras para o Mercado Corporativo","","text/html; charset=utf-8","439","video","","portfolio-video","yes","yes","","102","","schema:,LocalBusiness,ProfessionalService,VideoObject,BreadcrumbList; tel:+55-11-91355-0533; +5511913550533; 5511913550533; 11913550533"
"alefotografo.com.br","https://www.alefotografo.com.br/videos/fiorde-logistica-solucoes-logisticas-integradas-para-empresas","/videos/fiorde-logistica-solucoes-logisticas-integradas-para-empresas","200","","https://www.alefotografo.com.br/videos/fiorde-logistica-solucoes-logisticas-integradas-para-empresas","Fiorde Logística: Soluções Logísticas Integradas para…","Vídeo institucional da Fiorde Logística destacando estrutura operacional, transporte, armazenagem, distribuição e gestão de processos para o mercado…","Fiorde Logística: Soluções Logísticas Integradas para Empresas","","text/html; charset=utf-8","428","video","","portfolio-video","yes","yes","","102","","schema:,LocalBusiness,ProfessionalService,VideoObject,BreadcrumbList; tel:+55-11-91355-0533; +5511913550533; 5511913550533; 11913550533"
"alefotografo.com.br","https://www.alefotografo.com.br/videos/ativa-log","/videos/ativa-log","200","","https://www.alefotografo.com.br/videos/ativa-log","ATIVA Log Vídeo Institucional Alê Fotógrafo","A ATIVA Log apresenta sua estrutura logística, tecnologia e capacidade operacional. Armazenagem, movimentação de cargas, transporte, conferência e…","ATIVA Log Vídeo Institucional","","text/html; charset=utf-8","416","video","","portfolio-video","yes","yes","","102","","schema:,LocalBusiness,ProfessionalService,VideoObject,BreadcrumbList; tel:+55-11-91355-0533; +5511913550533; 5511913550533; 11913550533"
"alefotografo.com.br","https://www.alefotografo.com.br/videos/video-manifesto-empreendimento-estrutura-e-proposito","/videos/video-manifesto-empreendimento-estrutura-e-proposito","200","","https://www.alefotografo.com.br/videos/video-manifesto-empreendimento-estrutura-e-proposito","Vídeo Manifesto Empreendimento, Estrutura e Propósito","Vídeo manifesto que apresenta a essência de um empreendimento moderno: localização, construção, tecnologia, ambientes internos e diferenciais.","Vídeo Manifesto Empreendimento, Estrutura e Propósito","","text/html; charset=utf-8","434","video","","portfolio-video","yes","yes","","102","","schema:,LocalBusiness,ProfessionalService,VideoObject,BreadcrumbList; tel:+55-11-91355-0533; +5511913550533; 5511913550533; 11913550533"
"alefotografo.com.br","https://www.alefotografo.com.br/videos/ibis-jau-evento-experiencia-e-producao-audiovisual-ale-fotografo","/videos/ibis-jau-evento-experiencia-e-producao-audiovisual-ale-fotografo","200","","https://www.alefotografo.com.br/videos/ibis-jau-evento-experiencia-e-producao-audiovisual-ale-fotografo","ibis Jaú Evento, Experiência e Produção Audiovisual Alê…","Vídeo do evento do ibis Jaú, com registro da experiência e da produção audiovisual assinada por Alê Fotógrafo.","ibis Jaú Evento, Experiência e Produção Audiovisual Alê Fotógrafo","","text/html; charset=utf-8","452","video","","portfolio-video","yes","yes","","102","","schema:,LocalBusiness,ProfessionalService,VideoObject,BreadcrumbList; tel:+55-11-91355-0533; +5511913550533; 5511913550533; 11913550533"
"alefotografo.com.br","https://www.alefotografo.com.br/videos/curso-de-prestacao-de-contas-eleitorais-2026-com-professora-rita-producao-ale-fotografo","/videos/curso-de-prestacao-de-contas-eleitorais-2026-com-professora-rita-producao-ale-fotografo","200","","https://www.alefotografo.com.br/videos/curso-de-prestacao-de-contas-eleitorais-2026-com-professora-rita-producao-ale-fotografo","Curso de Prestação de Contas Eleitorais 2026 com…","Cobertura audiovisual do Curso de Prestação de Contas Eleitorais 2026 com a Professora Rita: estrutura, recepção, networking, aula e interação dos…","Curso de Prestação de Contas Eleitorais 2026 com Professora Rita","","text/html; charset=utf-8","456","video","","portfolio-video","yes","yes","","102","","schema:,LocalBusiness,ProfessionalService,VideoObject,BreadcrumbList; tel:+55-11-91355-0533; +5511913550533; 5511913550533; 11913550533"
"alefotografo.com.br","https://www.alefotografo.com.br/videos/ibde-rio2026","/videos/ibde-rio2026","200","","https://www.alefotografo.com.br/videos/ibde-rio2026","VIII Congresso Brasileiro de Direito da Empresa IBDE Rio…","Cobertura audiovisual do VIII Congresso Brasileiro de Direito da Empresa realizado pelo IBDE no Rio de Janeiro — palestras, painéis, público e principais…","VIII Congresso Brasileiro de Direito da Empresa IBDE Rio de Janeiro","","text/html; charset=utf-8","465","video","","portfolio-video","yes","yes","","102","","schema:,LocalBusiness,ProfessionalService,VideoObject,BreadcrumbList; tel:+55-11-91355-0533; +5511913550533; 5511913550533; 11913550533"
"alefotografo.com.br","https://www.alefotografo.com.br/videos/onemba","/videos/onemba","200","","https://www.alefotografo.com.br/videos/onemba","OneMBA Produção Audiovisual Alê Fotógrafo","Produção audiovisual do OneMBA: aulas, depoimentos, atividades em grupo e momentos de interação em uma jornada executiva de desenvolvimento profissional.","OneMBA Produção Audiovisual Alê Fotógrafo","","text/html; charset=utf-8","435","video","","portfolio-video","yes","yes","","102","","schema:,LocalBusiness,ProfessionalService,VideoObject,BreadcrumbList; tel:+55-11-91355-0533; +5511913550533; 5511913550533; 11913550533"
"alefotografo.com.br","https://www.alefotografo.com.br/videos/22-forum-de-comprasive-university","/videos/22-forum-de-comprasive-university","200","","https://www.alefotografo.com.br/videos/22-forum-de-comprasive-university","22º Fórum de Compras &amp; Sourcing Alê Fotógrafo","Cobertura audiovisual do 22º Fórum de Compras &amp; Sourcing: conteúdo, networking, painéis com especialistas e palestras com empresas e profissionais do setor.","22º Fórum de Compras &amp; Sourcing","","text/html; charset=utf-8","439","video","","portfolio-video","yes","yes","","102","","schema:,LocalBusiness,ProfessionalService,VideoObject,BreadcrumbList; tel:+55-11-91355-0533; +5511913550533; 5511913550533; 11913550533"
"alefotografo.com.br","https://www.alefotografo.com.br/videos/9faznegocios","/videos/9faznegocios","200","","https://www.alefotografo.com.br/videos/9faznegocios","Faz Farma Faz Negócio 9ª Edição Produção Audiovisual Alê…","A 9ª edição do Faz Farma Faz Negócio foi marcada por conteúdo, networking, integração e relacionamento entre profissionais e grandes marcas do setor…","Faz Farma Faz Negócio 9ª Edição Produção Audiovisual Alê Fotógrafo","","text/html; charset=utf-8","509","video","","portfolio-video","yes","yes","","102","","schema:,LocalBusiness,ProfessionalService,VideoObject,BreadcrumbList; tel:+55-11-91355-0533; +5511913550533; 5511913550533; 11913550533"
"alefotografo.com.br","https://www.alefotografo.com.br/videos/depoimento-de-cliente-hausy-robotton-producao-ale-fotografo","/videos/depoimento-de-cliente-hausy-robotton-producao-ale-fotografo","200","","https://www.alefotografo.com.br/videos/depoimento-de-cliente-hausy-robotton-producao-ale-fotografo","Depoimento de Cliente Hausy Robotton Produção Alê…","Depoimento em vídeo do cliente Hausy Robotton, com produção audiovisual assinada por Alê Fotógrafo.","Depoimento de Cliente Hausy Robotton Produção Alê Fotógrafo","","text/html; charset=utf-8","438","video","","portfolio-video","yes","yes","","102","","schema:,LocalBusiness,ProfessionalService,VideoObject,BreadcrumbList; tel:+55-11-91355-0533; +5511913550533; 5511913550533; 11913550533"
"alefotografo.com.br","https://www.alefotografo.com.br/videos/video-institucional-bmx-logistica","/videos/video-institucional-bmx-logistica","200","","https://www.alefotografo.com.br/videos/video-institucional-bmx-logistica","Vídeo Institucional BMX Logística Alê Fotógrafo","Neste vídeo, apresentamos uma visão profissional sobre a BMX Logística, mostrando como a BMX Logística atua com foco em qualidade, confiança e resultado. A…","Vídeo Institucional BMX Logística","","text/html; charset=utf-8","492","video","","portfolio-video","yes","yes","","102","","schema:,LocalBusiness,ProfessionalService,VideoObject,BreadcrumbList; tel:+55-11-91355-0533; +5511913550533; (11) 913550533; 5511913550533; 11913550533"
"alefotografo.com.br","https://www.alefotografo.com.br/videos/9-forum-abradilan","/videos/9-forum-abradilan","200","","https://www.alefotografo.com.br/videos/9-forum-abradilan","9º Forum ABRADILAN Alê Fotógrafo","A ABRADILAN promove o seu 9º Fórum ABRADILAN com a presença de seus associados e parceiros, conteúdo exclusivo para o setor e de grande valor.","9º Forum ABRADILAN","","text/html; charset=utf-8","421","video","","portfolio-video","yes","yes","","102","","schema:,LocalBusiness,ProfessionalService,VideoObject,BreadcrumbList; tel:+55-11-91355-0533; +5511913550533; 5511913550533; 11913550533"
"alefotografo.com.br","https://www.alefotografo.com.br/videos/professora-rita-curso-de-prestacao-de-contas-eleitorais-2024","/videos/professora-rita-curso-de-prestacao-de-contas-eleitorais-2024","200","","https://www.alefotografo.com.br/videos/professora-rita-curso-de-prestacao-de-contas-eleitorais-2024","Professora Rita Curso de Prestação de Contas Eleitorais 2024","A Professora Rita propomove seu exclusivo Curso de Prestação de Contas Eleitorais 2024, um evento incrível com muito conteúdo e com a presença de alunos de…","Professora Rita Curso de Prestação de Contas Eleitorais 2024","","text/html; charset=utf-8","478","video","","portfolio-video","yes","yes","","102","","schema:,LocalBusiness,ProfessionalService,VideoObject,BreadcrumbList; tel:+55-11-91355-0533; +5511913550533; 5511913550533; 11913550533"
"alefotografo.com.br","https://www.alefotografo.com.br/videos/unitec-video-institucional","/videos/unitec-video-institucional","200","","https://www.alefotografo.com.br/videos/unitec-video-institucional","UNITEC - Video Institucional Alê Fotógrafo","Vídeo institucional da UNITEC, com produção audiovisual realizada por Alê Fotógrafo para a comunicação da empresa.","UNITEC - Video Institucional","","text/html; charset=utf-8","427","video","","portfolio-video","yes","yes","","102","","schema:,LocalBusiness,ProfessionalService,VideoObject,BreadcrumbList; tel:+55-11-91355-0533; +5511913550533; 5511913550533; 11913550533"
"alefotografo.com.br","https://www.alefotografo.com.br/videos/ativa-log-estrutura-operacao-e-eficiencia-logistica","/videos/ativa-log-estrutura-operacao-e-eficiencia-logistica","200","","https://www.alefotografo.com.br/videos/ativa-log-estrutura-operacao-e-eficiencia-logistica","ATIVA Log Estrutura, Operação e Eficiência Logística","Vídeo institucional da ATIVA Log apresentando a estrutura, a operação e a eficiência logística da empresa.","ATIVA Log Estrutura, Operação e Eficiência Logística","","text/html; charset=utf-8","411","video","","portfolio-video","yes","yes","","102","","schema:,LocalBusiness,ProfessionalService,VideoObject,BreadcrumbList; tel:+55-11-91355-0533; +5511913550533; 5511913550533; 11913550533"
"alefotografo.com.br","https://www.alefotografo.com.br/videos/ibde-mendoza-iii-congresso-internacional","/videos/ibde-mendoza-iii-congresso-internacional","200","","https://www.alefotografo.com.br/videos/ibde-mendoza-iii-congresso-internacional","IBDE Mendoza III Congresso Internacional Alê Fotógrafo","O IBDE realizou com maestria do III Congresso Internacional em Mendonza com a presença de grandes nomes do Direito.","IBDE Mendoza III Congresso Internacional","","text/html; charset=utf-8","451","video","","portfolio-video","yes","yes","","102","","schema:,LocalBusiness,ProfessionalService,VideoObject,BreadcrumbList; tel:+55-11-91355-0533; +5511913550533; 5511913550533; 11913550533"
"alefotografo.com.br","https://www.alefotografo.com.br/videos/abradilan-25-anos","/videos/abradilan-25-anos","200","","https://www.alefotografo.com.br/videos/abradilan-25-anos","ABRADILAN 25 anos Alê Fotógrafo","Video do jantar de posse da nova diretoria da ABRADILAN e comemoração de 25 anos da ABRADILAN.","ABRADILAN 25 anos","","text/html; charset=utf-8","414","video","","portfolio-video","yes","yes","","102","","schema:,LocalBusiness,ProfessionalService,VideoObject,BreadcrumbList; tel:+55-11-91355-0533; +5511913550533; 5511913550533; 11913550533"
"alefotografo.com.br","https://www.alefotografo.com.br/videos/encontro-farmarcas-2023","/videos/encontro-farmarcas-2023","200","","https://www.alefotografo.com.br/videos/encontro-farmarcas-2023","Encontro Farmarcas 2023 Alê Fotógrafo","A Mais Corporativo mais uma vez mostra para que veio, nesse evento grande, desafiante e incrível o Encontro Farmarcas 2023, maior evento da Industria…","Encontro Farmarcas 2023","","text/html; charset=utf-8","456","video","","portfolio-video","yes","yes","","102","","schema:,LocalBusiness,ProfessionalService,VideoObject,BreadcrumbList; tel:+55-11-91355-0533; +5511913550533; 5511913550533; 11913550533"
"alefotografo.com.br","https://www.alefotografo.com.br/videos/15-convencao-abradilan-barcelo-bavaro-palace-punta-cana-01-a-06-nov-2022","/videos/15-convencao-abradilan-barcelo-bavaro-palace-punta-cana-01-a-06-nov-2022","200","","https://www.alefotografo.com.br/videos/15-convencao-abradilan-barcelo-bavaro-palace-punta-cana-01-a-06-nov-2022","15° CONVENÇÃO ABRADILAN - BARCELÓ BAVARO PALACE - PUNTA CANA","Vídeo da 15ª Convenção ABRADILAN realizada no Barceló Bávaro Palace, em Punta Cana, com registro audiovisual do encontro.","15° CONVENÇÃO ABRADILAN - BARCELÓ BAVARO PALACE - PUNTA CANA","","text/html; charset=utf-8","427","video","","portfolio-video","yes","yes","","102","","schema:,LocalBusiness,ProfessionalService,VideoObject,BreadcrumbList; tel:+55-11-91355-0533; +5511913550533; 5511913550533; 11913550533"
"alefotografo.com.br","https://www.alefotografo.com.br/videos/convencao-de-vendas-2023-tecnisa","/videos/convencao-de-vendas-2023-tecnisa","200","","https://www.alefotografo.com.br/videos/convencao-de-vendas-2023-tecnisa","Convenção de Vendas 2023 - Tecnisa Alê Fotógrafo","Produção de Fotografias e Videos em Stand de Feira de Negócios no Expo São Paulo.Gravação e edição: www.alefotografo.com.brWhats (11) 91355-0533","Convenção de Vendas 2023 - Tecnisa","","text/html; charset=utf-8","439","video","","portfolio-video","yes","yes","","102","","schema:,LocalBusiness,ProfessionalService,VideoObject,BreadcrumbList; tel:(11) 91355-0533; +55-11-91355-0533; +5511913550533; 5511913550533; 11913550533"
"alefotografo.com.br","https://www.alefotografo.com.br/videos/copapharma-coquetel-de-lancamento","/videos/copapharma-coquetel-de-lancamento","200","","https://www.alefotografo.com.br/videos/copapharma-coquetel-de-lancamento","Copapharma Coquetel de Lançamento Alê Fotógrafo","Cobertura em vídeo do coquetel de lançamento da Copapharma, com registro audiovisual do evento.","Copapharma Coquetel de Lançamento","","text/html; charset=utf-8","446","video","","portfolio-video","yes","yes","","102","","schema:,LocalBusiness,ProfessionalService,VideoObject,BreadcrumbList; tel:+55-11-91355-0533; +5511913550533; 5511913550533; 11913550533"
"alefotografo.com.br","https://www.alefotografo.com.br/videos/faz-negocios-3","/videos/faz-negocios-3","200","","https://www.alefotografo.com.br/videos/faz-negocios-3","Faz Negócios 3 Alê Fotógrafo","Vídeo do evento corporativo Faz Negócios 3, com cobertura audiovisual realizada por Alê Fotógrafo.","Faz Negócios 3","","text/html; charset=utf-8","438","video","","portfolio-video","yes","yes","","102","","schema:,LocalBusiness,ProfessionalService,VideoObject,BreadcrumbList; tel:+55-11-91355-0533; +5511913550533; 5511913550533; 11913550533"
"alefotografo.com.br","https://www.alefotografo.com.br/videos/festa-de-confraternizacao-2022-tecnisa","/videos/festa-de-confraternizacao-2022-tecnisa","200","","https://www.alefotografo.com.br/videos/festa-de-confraternizacao-2022-tecnisa","Festa de Confraternização 2022 - Tecnisa Alê Fotógrafo","Uma empresa é feita por pessoas, este video é um reconhecimento para quem no dia a dia faz o negócio acontecer na Tecnisa.","Festa de Confraternização 2022 - Tecnisa","","text/html; charset=utf-8","427","video","","portfolio-video","yes","yes","","102","","schema:,LocalBusiness,ProfessionalService,VideoObject,BreadcrumbList; tel:+55-11-91355-0533; +5511913550533; 5511913550533; 11913550533"
"alefotografo.com.br","https://www.alefotografo.com.br/videos/ii-congreso-brasileiro-de-direito-da-empresa","/videos/ii-congreso-brasileiro-de-direito-da-empresa","200","","https://www.alefotografo.com.br/videos/ii-congreso-brasileiro-de-direito-da-empresa","III Congreso Brasileiro de Direito da Empresa","O II Congresso Brasileiro do Direito da Empresa na cidade do Rio de Janeiro. Congresso que teve a presença de nomes ilustres do Direito e foram debatidos as…","III Congreso Brasileiro de Direito da Empresa","","text/html; charset=utf-8","474","video","","portfolio-video","yes","yes","","102","","schema:,LocalBusiness,ProfessionalService,VideoObject,BreadcrumbList; tel:+55-11-91355-0533; +5511913550533; 5511913550533; 11913550533"
"alefotografo.com.br","https://www.alefotografo.com.br/videos/sq-quimica-34-premio-sitivesp-de-fornecedor-do-ano","/videos/sq-quimica-34-premio-sitivesp-de-fornecedor-do-ano","200","","https://www.alefotografo.com.br/videos/sq-quimica-34-premio-sitivesp-de-fornecedor-do-ano","SQ Quimica - 34º Premio SITIVESP de Fornecedor do Ano","A SQ Química confirmou, pelo segundo ano consecutivo, que inovação e tecnologia estão mesmo presentes no seu DNA. É que no último dia 25 de novembro, a…","SQ Quimica - 34º Premio SITIVESP de Fornecedor do Ano","","text/html; charset=utf-8","471","video","","portfolio-video","yes","yes","","102","","schema:,LocalBusiness,ProfessionalService,VideoObject,BreadcrumbList; tel:+55-11-91355-0533; +5511913550533; 5511913550533; 11913550533"
"alefotografo.com.br","https://www.alefotografo.com.br/videos/onemba-class-2023-sao-paulo","/videos/onemba-class-2023-sao-paulo","200","","https://www.alefotografo.com.br/videos/onemba-class-2023-sao-paulo","OneMBA Class 2023 - São Paulo Alê Fotógrafo","Vídeo da turma OneMBA Class 2023 em São Paulo, com registro audiovisual do programa realizado por Alê Fotógrafo.","OneMBA Class 2023 - São Paulo","","text/html; charset=utf-8","435","video","","portfolio-video","yes","yes","","102","","schema:,LocalBusiness,ProfessionalService,VideoObject,BreadcrumbList; tel:+55-11-91355-0533; +5511913550533; 5511913550533; 11913550533"
"alefotografo.com.br","https://www.alefotografo.com.br/videos/galena-celebra","/videos/galena-celebra","200","","https://www.alefotografo.com.br/videos/galena-celebra","Galena Celebra Alê Fotógrafo","A Galena promove o seu evento &quot;Celebra&quot; juntamento com seus parceiros.","Galena Celebra","","text/html; charset=utf-8","428","video","","portfolio-video","yes","yes","","102","","schema:,LocalBusiness,ProfessionalService,VideoObject,BreadcrumbList; tel:+55-11-91355-0533; +5511913550533; 5511913550533; 11913550533"
"alefotografo.com.br","https://www.alefotografo.com.br/videos/sipat-2022-foseco","/videos/sipat-2022-foseco","200","","https://www.alefotografo.com.br/videos/sipat-2022-foseco","SIPAT 2022 - Foseco Alê Fotógrafo","A Foseco fecha sua Semana da SIPAT 2022 com um evento para toda a familia Foseco, seus colaboradores puderam apresentar as depedências de toda a fábrica para…","SIPAT 2022 - Foseco","","text/html; charset=utf-8","468","video","","portfolio-video","yes","yes","","102","","schema:,LocalBusiness,ProfessionalService,VideoObject,BreadcrumbList; tel:+55-11-91355-0533; +5511913550533; 5511913550533; 11913550533"
"alefotografo.com.br","https://www.alefotografo.com.br/videos/sq-quimica-unidade-vinhedo","/videos/sq-quimica-unidade-vinhedo","200","","https://www.alefotografo.com.br/videos/sq-quimica-unidade-vinhedo","SQ Quimica - Unidade Vinhedo Alê Fotógrafo","SQ Quimica inaugura sua unidade em Vinhedo","SQ Quimica - Unidade Vinhedo","","text/html; charset=utf-8","425","video","","portfolio-video","yes","yes","","102","","schema:,LocalBusiness,ProfessionalService,VideoObject,BreadcrumbList; tel:+55-11-91355-0533; +5511913550533; 5511913550533; 11913550533"
"alefotografo.com.br","https://www.alefotografo.com.br/videos/encontro-farmarcas-2022","/videos/encontro-farmarcas-2022","200","","https://www.alefotografo.com.br/videos/encontro-farmarcas-2022","Encontro Farmarcas 2022 Alê Fotógrafo","A Farmarcas promove seu tradicional Encontro de Associados que movimenta toda a cadeia farmacêutica, nesses dias os olhos da indústria ficam voltados para…","Encontro Farmarcas 2022","","text/html; charset=utf-8","438","video","","portfolio-video","yes","yes","","102","","schema:,LocalBusiness,ProfessionalService,VideoObject,BreadcrumbList; tel:+55-11-91355-0533; +5511913550533; 5511913550533; 11913550533"
"alefotografo.com.br","https://www.alefotografo.com.br/videos/i-congresso-brasileiro-de-direito-da-empresa-no-novo-futebol-ibde","/videos/i-congresso-brasileiro-de-direito-da-empresa-no-novo-futebol-ibde","200","","https://www.alefotografo.com.br/videos/i-congresso-brasileiro-de-direito-da-empresa-no-novo-futebol-ibde","I Congresso Brasileiro de Direito da Empresa no Novo…","O IBDE promove o 1º Congresso Brasileiro de Direito da Empresa no Novo Futebol em São Paulo no Hotel Intercontinental, com a presença de grandes nomes da…","I Congresso Brasileiro de Direito da Empresa no Novo Futebol - IBDE","","text/html; charset=utf-8","472","video","","portfolio-video","yes","yes","","102","","schema:,LocalBusiness,ProfessionalService,VideoObject,BreadcrumbList; tel:+55-11-91355-0533; +5511913550533; 5511913550533; 11913550533"
"alefotografo.com.br","https://www.alefotografo.com.br/videos/galena-35-anos","/videos/galena-35-anos","200","","https://www.alefotografo.com.br/videos/galena-35-anos","Galena 35 anos Alê Fotógrafo","Video do evento que marcou os 35 anos da Galena, em grande estilo a Galena mostrou para seus amigos e clientes que os próximos anos vão ser incríveis, com…","Galena 35 anos","","text/html; charset=utf-8","452","video","","portfolio-video","yes","yes","","102","","schema:,LocalBusiness,ProfessionalService,VideoObject,BreadcrumbList; tel:+55-11-91355-0533; +5511913550533; 5511913550533; 11913550533"
"alefotografo.com.br","https://www.alefotografo.com.br/videos/ativa-logistiva-video-do-programa-de-sustentabilidade","/videos/ativa-logistiva-video-do-programa-de-sustentabilidade","200","","https://www.alefotografo.com.br/videos/ativa-logistiva-video-do-programa-de-sustentabilidade","ATIVA Logística - Vídeo do programa de sustentabilidade","A ATIVA Logística apresenta seu programa de sustentabilidade, mostrando diversas ações internas e colhendo muitos resultados com essa iniciativa. video…","ATIVA Logística - Vídeo do programa de sustentabilidade","","text/html; charset=utf-8","489","video","","portfolio-video","yes","yes","","102","","schema:,LocalBusiness,ProfessionalService,VideoObject,BreadcrumbList; tel:+55-11-91355-0533; +5511913550533; 5511913550533; 11913550533"
"alefotografo.com.br","https://www.alefotografo.com.br/videos/sq-quimica-na-abrafati-show-2022","/videos/sq-quimica-na-abrafati-show-2022","200","","https://www.alefotografo.com.br/videos/sq-quimica-na-abrafati-show-2022","SQ QUIMICA na ABRAFATI SHOW 2022 Alê Fotógrafo","A SQ Quimica vem crescendo e se destacando no mercado, veja como foi a sua participação no ABRAFATI SHOW 2022 @alefotografo","SQ QUIMICA na ABRAFATI SHOW 2022","","text/html; charset=utf-8","448","video","","portfolio-video","yes","yes","","102","","schema:,LocalBusiness,ProfessionalService,VideoObject,BreadcrumbList; tel:+55-11-91355-0533; +5511913550533; 5511913550533; 11913550533"
"alefotografo.com.br","https://www.alefotografo.com.br/videos/ensaio-de-retratos-profissionais-ale-fotografo","/videos/ensaio-de-retratos-profissionais-ale-fotografo","200","","https://www.alefotografo.com.br/videos/ensaio-de-retratos-profissionais-ale-fotografo","Ensaio de Retratos profissionais - Alê Fotógrafo","Ensaio fotográfico realizado no estúdio da @Lumitec Foto para os integrantes da @Salomãoconcursos. @alefotografo Tags: #retratosprofissionais…","Ensaio de Retratos profissionais - Alê Fotógrafo","","text/html; charset=utf-8","426","video","","portfolio-video","yes","yes","","102","","schema:,LocalBusiness,ProfessionalService,VideoObject,BreadcrumbList; tel:+55-11-91355-0533; +5511913550533; 5511913550533; 11913550533"
"alefotografo.com.br","https://www.alefotografo.com.br/videos/confraternizacao-abradilan","/videos/confraternizacao-abradilan","200","","https://www.alefotografo.com.br/videos/confraternizacao-abradilan","Confraternização ABRADILAN Alê Fotógrafo","Vídeo da confraternização da ABRADILAN, com cobertura audiovisual do evento realizada por Alê Fotógrafo.","Confraternização ABRADILAN","","text/html; charset=utf-8","411","video","","portfolio-video","yes","yes","","102","","schema:,LocalBusiness,ProfessionalService,VideoObject,BreadcrumbList; tel:+55-11-91355-0533; +5511913550533; 5511913550533; 11913550533"
"alefotografo.com.br","https://www.alefotografo.com.br/videos/7-forum-abradilan","/videos/7-forum-abradilan","200","","https://www.alefotografo.com.br/videos/7-forum-abradilan","7º Fórum ABRADILAN de desenvolvimento empresarial","Vídeo do 7º Fórum ABRADILAN de Desenvolvimento Empresarial, com registro audiovisual do evento corporativo.","7º Fórum ABRADILAN de desenvolvimento empresarial","","text/html; charset=utf-8","419","video","","portfolio-video","yes","yes","","102","","schema:,LocalBusiness,ProfessionalService,VideoObject,BreadcrumbList; tel:+55-11-91355-0533; +5511913550533; 5511913550533; 11913550533"
"alefotografo.com.br","https://www.alefotografo.com.br/videos/retratos-profissionais-em-estudio","/videos/retratos-profissionais-em-estudio","200","","https://www.alefotografo.com.br/videos/retratos-profissionais-em-estudio","Retratos profissionais em estúdio Alê Fotógrafo","Ensaio fotografico realizado em estudio em São Paulo para Salomão Concursos","Retratos profissionais em estúdio","","text/html; charset=utf-8","434","video","","portfolio-video","yes","yes","","102","","schema:,LocalBusiness,ProfessionalService,VideoObject,BreadcrumbList; tel:+55-11-91355-0533; +5511913550533; 5511913550533; 11913550533"
"alefotografo.com.br","https://www.alefotografo.com.br/videos/retrato-corporativo-ensaio-fotografico","/videos/retrato-corporativo-ensaio-fotografico","200","","https://www.alefotografo.com.br/videos/retrato-corporativo-ensaio-fotografico","Retrato Corporativo - Ensaio fotografico Alê Fotógrafo","Ensaio de Retratos profissionais para Salomão Concursos","Retrato Corporativo - Ensaio fotografico","","text/html; charset=utf-8","425","video","","portfolio-video","yes","yes","","102","","schema:,LocalBusiness,ProfessionalService,VideoObject,BreadcrumbList; tel:+55-11-91355-0533; +5511913550533; 5511913550533; 11913550533"
"alefotografo.com.br","https://www.alefotografo.com.br/videos/teaser-ibis-botucatu-sp","/videos/teaser-ibis-botucatu-sp","200","","https://www.alefotografo.com.br/videos/teaser-ibis-botucatu-sp","Teaser do evento de inauguração - IBIS Botucatu -SP","Teaser do evento de inauguração do IBIS Botucatu - SP","Teaser do evento de inauguração - IBIS Botucatu -SP","","text/html; charset=utf-8","444","video","","portfolio-video","yes","yes","","102","","schema:,LocalBusiness,ProfessionalService,VideoObject,BreadcrumbList; tel:+55-11-91355-0533; +5511913550533; 5511913550533; 11913550533"
"alefotografo.com.br","https://www.alefotografo.com.br/videos/ibis-botucatu-video-manifesto","/videos/ibis-botucatu-video-manifesto","200","","https://www.alefotografo.com.br/videos/ibis-botucatu-video-manifesto","IBIS Botucatu - Video manifesto Alê Fotógrafo","Este video foi criado para ser apresentado no evento de inauguração para os investidores do IBIS na cidade de Botucatu - SP","IBIS Botucatu - Video manifesto","","text/html; charset=utf-8","442","video","","portfolio-video","yes","yes","","102","","schema:,LocalBusiness,ProfessionalService,VideoObject,BreadcrumbList; tel:+55-11-91355-0533; +5511913550533; 5511913550533; 11913550533"
"alefotografo.com.br","https://www.alefotografo.com.br/videos/curso-de-prestacao-de-contas-eleitorais-com-a-professora-rita-goncalves","/videos/curso-de-prestacao-de-contas-eleitorais-com-a-professora-rita-goncalves","200","","https://www.alefotografo.com.br/videos/curso-de-prestacao-de-contas-eleitorais-com-a-professora-rita-goncalves","Curso de Prestação de Contas Eleitorais com a Professora…","Vídeo do Curso de Prestação de Contas Eleitorais ministrado pela Professora Rita Gonçalves, com produção audiovisual de Alê Fotógrafo.","Curso de Prestação de Contas Eleitorais com a Professora Rita Gonçalves","","text/html; charset=utf-8","455","video","","portfolio-video","yes","yes","","102","","schema:,LocalBusiness,ProfessionalService,VideoObject,BreadcrumbList; tel:+55-11-91355-0533; +5511913550533; 5511913550533; 11913550533"
"alefotografo.com.br","https://www.alefotografo.com.br/videos/latin-sales-meeting-2022-em-punta-cana","/videos/latin-sales-meeting-2022-em-punta-cana","200","","https://www.alefotografo.com.br/videos/latin-sales-meeting-2022-em-punta-cana","Latin Sales Meeting 2022 em Punta Cana Alê Fotógrafo","Vídeo do Latin Sales Meeting 2022 realizado em Punta Cana, com registro audiovisual do encontro de vendas.","Latin Sales Meeting 2022 em Punta Cana","","text/html; charset=utf-8","450","video","","portfolio-video","yes","yes","","102","","schema:,LocalBusiness,ProfessionalService,VideoObject,BreadcrumbList; tel:+55-11-91355-0533; +5511913550533; 5511913550533; 11913550533"
"alefotografo.com.br","https://www.alefotografo.com.br/videos/jantar-febrafar-2022","/videos/jantar-febrafar-2022","200","","https://www.alefotografo.com.br/videos/jantar-febrafar-2022","Jantar Febrafar 2022 Alê Fotógrafo","Vídeo do Jantar Febrafar 2022, com registro audiovisual do evento corporativo assinado por Alê Fotógrafo.","Jantar Febrafar 2022","","text/html; charset=utf-8","444","video","","portfolio-video","yes","yes","","102","","schema:,LocalBusiness,ProfessionalService,VideoObject,BreadcrumbList; tel:+55-11-91355-0533; +5511913550533; 5511913550533; 11913550533"
"alefotografo.com.br","https://www.alefotografo.com.br/videos/salomao-concursos-aulao-em-sao-paulo","/videos/salomao-concursos-aulao-em-sao-paulo","200","","https://www.alefotografo.com.br/videos/salomao-concursos-aulao-em-sao-paulo","Salomão Concursos - Aulão em São Paulo Alê Fotógrafo","Vídeo do aulão do Salomão Concursos realizado em São Paulo, com produção audiovisual do evento educacional.","Salomão Concursos - Aulão em São Paulo","","text/html; charset=utf-8","441","video","","portfolio-video","yes","yes","","102","","schema:,LocalBusiness,ProfessionalService,VideoObject,BreadcrumbList; tel:+55-11-91355-0533; +5511913550533; 5511913550533; 11913550533"
"alefotografo.com.br","https://www.alefotografo.com.br/videos/renove-mudancas","/videos/renove-mudancas","200","","https://www.alefotografo.com.br/videos/renove-mudancas","Renove Mudanças Alê Fotógrafo","Neste video mostramos o beneficio do cliente contratar uma bo empresa de mudanças, acreditamos que histórias reais engajam e atraem mais clientes.","Renove Mudanças","","text/html; charset=utf-8","446","video","","portfolio-video","yes","yes","","102","","schema:,LocalBusiness,ProfessionalService,VideoObject,BreadcrumbList; tel:+55-11-91355-0533; +5511913550533; 5511913550533; 11913550533"
"alefotografo.com.br","https://www.alefotografo.com.br/videos/sitivesp-80-anos","/videos/sitivesp-80-anos","200","","https://www.alefotografo.com.br/videos/sitivesp-80-anos","SITIVESP 80 Anos Alê Fotógrafo","Teaser do Evento que marcou os 80 anos do SITIVESP com a apresentação do Maestro João Carlos Martins.","SITIVESP 80 Anos","","text/html; charset=utf-8","445","video","","portfolio-video","yes","yes","","102","","schema:,LocalBusiness,ProfessionalService,VideoObject,BreadcrumbList; tel:+55-11-91355-0533; +5511913550533; 5511913550533; 11913550533"
"alefotografo.com.br","https://www.alefotografo.com.br/videos/video-escritorio-rocha-e-queiroz","/videos/video-escritorio-rocha-e-queiroz","200","","https://www.alefotografo.com.br/videos/video-escritorio-rocha-e-queiroz","Video escritorio Rocha e Queiroz Alê Fotógrafo","O escritório rocha e Queiroz apresenta sua estrutura neste video institucional. Produção: @alefotografo","Video escritorio Rocha e Queiroz","","text/html; charset=utf-8","433","video","","portfolio-video","yes","yes","","102","","schema:,LocalBusiness,ProfessionalService,VideoObject,BreadcrumbList; tel:+55-11-91355-0533; +5511913550533; 5511913550533; 11913550533"
"alefotografo.com.br","https://www.alefotografo.com.br/videos/passion-for-excellence-latam-sales-meeting-2021-convatec","/videos/passion-for-excellence-latam-sales-meeting-2021-convatec","200","","https://www.alefotografo.com.br/videos/passion-for-excellence-latam-sales-meeting-2021-convatec","PASSION FOR EXCELLENCE - LATAM SALES MEETING 2021 - CONVATEC","PASSION FOR EXCELLENCE - LATAM SALES MEETING 2021 - CONVATEC","PASSION FOR EXCELLENCE - LATAM SALES MEETING 2021 - CONVATEC","","text/html; charset=utf-8","445","video","","portfolio-video","yes","yes","","102","","schema:,LocalBusiness,ProfessionalService,VideoObject,BreadcrumbList; tel:+55-11-91355-0533; +5511913550533; 5511913550533; 11913550533"
"alefotografo.com.br","https://www.alefotografo.com.br/videos/ativa-logistica","/videos/ativa-logistica","200","","https://www.alefotografo.com.br/videos/ativa-logistica","ATIVA Logística Alê Fotógrafo","Vídeo de apresentação dos serviços da Ativa Logística.","ATIVA Logística","","text/html; charset=utf-8","403","video","","portfolio-video","yes","yes","","102","","schema:,LocalBusiness,ProfessionalService,VideoObject,BreadcrumbList; tel:+55-11-91355-0533; +5511913550533; 5511913550533; 11913550533"
"alefotografo.com.br","https://www.alefotografo.com.br/videos/video-institucional-rocha-queiroz-advogados","/videos/video-institucional-rocha-queiroz-advogados","200","","https://www.alefotografo.com.br/videos/video-institucional-rocha-queiroz-advogados","Vídeo institucional Rocha &amp; Queiroz advogados","Vídeo institucional do escritório de advocacia Rocha e Queiroz advogados.","Vídeo institucional Rocha &amp; Queiroz advogados","","text/html; charset=utf-8","414","video","","portfolio-video","yes","yes","","102","","schema:,LocalBusiness,ProfessionalService,VideoObject,BreadcrumbList; tel:+55-11-91355-0533; +5511913550533; 5511913550533; 11913550533"
"alefotografo.com.br","https://www.alefotografo.com.br/videos/video-de-boas-festas-da-ativalog","/videos/video-de-boas-festas-da-ativalog","200","","https://www.alefotografo.com.br/videos/video-de-boas-festas-da-ativalog","Vídeo de Boas Festas da ATIVALOG Alê Fotógrafo","A ATIVA LOG nos deu o privilégio de produzir seu vídeo de Boas Festas com cenas da sua unidade decorada e 3 veículos da sua frota com decoração de Natal.","Vídeo de Boas Festas da ATIVALOG","","text/html; charset=utf-8","451","video","","portfolio-video","yes","yes","","102","","schema:,LocalBusiness,ProfessionalService,VideoObject,BreadcrumbList; tel:+55-11-91355-0533; +5511913550533; 5511913550533; 11913550533"
"alefotografo.com.br","https://www.alefotografo.com.br/videos/sustainable-foods-summit-edicao-sao-paulo","/videos/sustainable-foods-summit-edicao-sao-paulo","200","","https://www.alefotografo.com.br/videos/sustainable-foods-summit-edicao-sao-paulo","Sustainable Foods Summit - Edição São Paulo Alê Fotógrafo","Vídeo da edição São Paulo do Sustainable Foods Summit, com registro audiovisual do encontro sobre sustentabilidade no setor de alimentos.","Sustainable Foods Summit - Edição São Paulo","","text/html; charset=utf-8","444","video","","portfolio-video","yes","yes","","102","","schema:,LocalBusiness,ProfessionalService,VideoObject,BreadcrumbList; tel:+55-11-91355-0533; +5511913550533; 5511913550533; 11913550533"
"alefotografo.com.br","https://www.alefotografo.com.br/videos/encontro-de-craques-germed-1","/videos/encontro-de-craques-germed-1","200","","https://www.alefotografo.com.br/videos/encontro-de-craques-germed-1","Encontro de Craques GERMED Alê Fotógrafo","A GERMED promove um evento incrível no Museu do Futebol, evento este que foi regado de gente bonita, boa musica e de uma paixão nacional o nosso futebol.","Encontro de Craques GERMED","","text/html; charset=utf-8","441","video","","portfolio-video","yes","yes","","102","","schema:,LocalBusiness,ProfessionalService,VideoObject,BreadcrumbList; tel:+55-11-91355-0533; +5511913550533; 5511913550533; 11913550533"
"alefotografo.com.br","https://www.alefotografo.com.br/videos/ativa-logistica-apresenta-o-seu-centro-de-distribuicao-em-itapevi","/videos/ativa-logistica-apresenta-o-seu-centro-de-distribuicao-em-itapevi","200","","https://www.alefotografo.com.br/videos/ativa-logistica-apresenta-o-seu-centro-de-distribuicao-em-itapevi","Ativa Logística apresenta o seu Centro de Distribuição em…","A Ativa Logística apresenta para o mercado seu novo Centro de Distribuição em Itapevi, em um evento reservado e cercado de clientes e parceiros estratégicos…","Ativa Logística apresenta o seu Centro de Distribuição em Itapevi","","text/html; charset=utf-8","433","video","","portfolio-video","yes","yes","","102","","schema:,LocalBusiness,ProfessionalService,VideoObject,BreadcrumbList; tel:+55-11-91355-0533; +5511913550533; 5511913550533; 11913550533"
"alefotografo.com.br","https://www.alefotografo.com.br/videos/video-corporativo-fcw-premio-almirante-alvaro-alberto","/videos/video-corporativo-fcw-premio-almirante-alvaro-alberto","200","","https://www.alefotografo.com.br/videos/video-corporativo-fcw-premio-almirante-alvaro-alberto","FCW - Prêmio Almirante Álvaro Alberto Alê Fotógrafo","A Cientista e Professora Helena Bonciani recebe o Prêmio Almirante Álvaro Alberto da Fundação Conrado Wessel, com a presença da diretoria da FCW e um seleto…","FCW - Prêmio Almirante Álvaro Alberto","","text/html; charset=utf-8","458","video","","portfolio-video","yes","yes","","102","","schema:,LocalBusiness,ProfessionalService,VideoObject,BreadcrumbList; tel:+55-11-91355-0533; +5511913550533; 5511913550533; 11913550533"
"alefotografo.com.br","https://www.alefotografo.com.br/videos/ativa-logistica-unidade-barueri","/videos/ativa-logistica-unidade-barueri","200","","https://www.alefotografo.com.br/videos/ativa-logistica-unidade-barueri","Ativa Logística - Unidade Barueri Alê Fotógrafo","Vídeo da unidade Barueri da Ativa Logística, com produção audiovisual realizada por Alê Fotógrafo.","Ativa Logística - Unidade Barueri","","text/html; charset=utf-8","413","video","","portfolio-video","yes","yes","","102","","schema:,LocalBusiness,ProfessionalService,VideoObject,BreadcrumbList; tel:+55-11-91355-0533; +5511913550533; 5511913550533; 11913550533"
"alefotografo.com.br","https://www.alefotografo.com.br/blog/7-erros-que-voce-deve-evitar-na-foto-de-perfil-no-linkedin","/blog/7-erros-que-voce-deve-evitar-na-foto-de-perfil-no-linkedin","200","","https://www.alefotografo.com.br/blog/7-erros-que-voce-deve-evitar-na-foto-de-perfil-no-linkedin","7 Erros que você deve evitar na foto de perfil no LinkedIn","Já falamos em outros posts aqui sobre a importância de ter um perfil profissional no LinkedIn. E um dos itens mais importantes, a foto de perfil é capaz de…","7 Erros que você deve evitar na foto de perfil no LinkedIn","","text/html; charset=utf-8","1536","blog","","editorial","yes","yes","","131","","schema:,LocalBusiness,ProfessionalService,BlogPosting,BreadcrumbList; tel:+55-11-91355-0533; +5511913550533; 5511913550533; 11913550533"
"alefotografo.com.br","https://www.alefotografo.com.br/blog/adobe-photoshop-deixe-seus-projetos-mais-ageis-usando-os-principais-atalhos-do-teclado","/blog/adobe-photoshop-deixe-seus-projetos-mais-ageis-usando-os-principais-atalhos-do-teclado","200","","https://www.alefotografo.com.br/blog/adobe-photoshop-deixe-seus-projetos-mais-ageis-usando-os-principais-atalhos-do-teclado","Adobe Photoshop: deixe seus projetos mais ágeis usando os…","Aprenda a utilizar os atalhos de teclado do Photoshop e otimize sua produtividade ao editar imagens, pinturas e animações.","Adobe Photoshop: deixe seus projetos mais ágeis usando os principais atalhos do teclado","","text/html; charset=utf-8","1040","blog","","editorial","yes","yes","","121","","schema:,LocalBusiness,ProfessionalService,BlogPosting,BreadcrumbList; tel:+55-11-91355-0533; +5511913550533; 5511913550533; 11913550533"
"alefotografo.com.br","https://www.alefotografo.com.br/blog/contratar-fotografos-pode-deixar-seu-evento-mais-divertido","/blog/contratar-fotografos-pode-deixar-seu-evento-mais-divertido","200","","https://www.alefotografo.com.br/blog/contratar-fotografos-pode-deixar-seu-evento-mais-divertido","Contratar fotógrafos pode deixar seu evento mais divertido","Nada de ficar esquentando a cabeça e perturbando os convidados com pedidos para produzirem e compartilharem as imagens tiradas com equipamento pessoal.","Contratar fotógrafos pode deixar seu evento mais divertido","","text/html; charset=utf-8","651","blog","","editorial","yes","yes","","124","","schema:,LocalBusiness,ProfessionalService,BlogPosting,BreadcrumbList; tel:+55-11-91355-0533; +5511913550533; 5511913550533; 11913550533"
"alefotografo.com.br","https://www.alefotografo.com.br/blog/comportamento-do-consumidor-como-a-fotografia-pode-ser-usada-para-influenciar-beneficamente","/blog/comportamento-do-consumidor-como-a-fotografia-pode-ser-usada-para-influenciar-beneficamente","200","","https://www.alefotografo.com.br/blog/comportamento-do-consumidor-como-a-fotografia-pode-ser-usada-para-influenciar-beneficamente","Comportamento do consumidor: como a fotografia pode ser u…","Jamais subestime o poder do visual. Até porque 65% das pessoas no mundo são aprendizes visuais. E a fotografia contribui e muito para influenciar o comport…","Comportamento do consumidor: como a fotografia pode ser usada para influenciar (beneficamente!)","","text/html; charset=utf-8","1639","blog","","editorial","yes","yes","","128","","schema:,LocalBusiness,ProfessionalService,BlogPosting,BreadcrumbList; tel:+55-11-91355-0533; +5511913550533; (11) 91355-0533; 5511913550533; 11913550533"
"alefotografo.com.br","https://www.alefotografo.com.br/blog/fotografia-em-preto-e-branco-como-tirar-fotos-lindas","/blog/fotografia-em-preto-e-branco-como-tirar-fotos-lindas","200","","https://www.alefotografo.com.br/blog/fotografia-em-preto-e-branco-como-tirar-fotos-lindas","Fotografia em Preto e Branco: 7 Dicas Práticas","Como fazer fotos em preto e branco marcantes: leitura de luz, contraste, textura e conversão sem perder detalhe. Guia prático de um fotógrafo com 30 anos de…","Fotografia em preto e branco - como tirar fotos lindas","","text/html; charset=utf-8","1689","blog","","editorial","yes","yes","","122","","schema:,LocalBusiness,ProfessionalService,BlogPosting,BreadcrumbList; tel:+55-11-91355-0533; +5511913550533; 5511913550533; 11913550533"
"alefotografo.com.br","https://www.alefotografo.com.br/blog/produtividade-em-tempos-dificeis-tudo-o-que-voce-precisa-saber-para-se-tornar-mais-produtivo","/blog/produtividade-em-tempos-dificeis-tudo-o-que-voce-precisa-saber-para-se-tornar-mais-produtivo","200","","https://www.alefotografo.com.br/blog/produtividade-em-tempos-dificeis-tudo-o-que-voce-precisa-saber-para-se-tornar-mais-produtivo","Produtividade em tempos difíceis: tudo o que você precisa…","Em tempos difíceis como os de uma pandemia que estamos vivendo, manter a produtividade e garantir uma qualidade de vida saudável é um dos maiores desafios…","Produtividade em tempos difíceis: tudo o que você precisa saber para se tornar mais produtivo","","text/html; charset=utf-8","1868","blog","","editorial","yes","yes","","125","","schema:,LocalBusiness,ProfessionalService,BlogPosting,BreadcrumbList; tel:+55-11-91355-0533; +5511913550533; 5511913550533; 11913550533"
"alefotografo.com.br","https://www.alefotografo.com.br/blog/direitos-autorais-na-fotografia-e-nos-retratos-como-funciona-1","/blog/direitos-autorais-na-fotografia-e-nos-retratos-como-funciona-1","200","","https://www.alefotografo.com.br/blog/direitos-autorais-na-fotografia-e-nos-retratos-como-funciona-1","Direitos autorais na fotografia e nos retratos: como func…","Você sabia que existem direitos autorais na fotografia? Nos retratos também. Confira no post como funcionam os direitos e deveres.","Direitos autorais na fotografia e nos retratos: como funciona","","text/html; charset=utf-8","1650","blog","","editorial","yes","yes","","125","","schema:,LocalBusiness,ProfessionalService,BlogPosting,BreadcrumbList; tel:+55-11-91355-0533; +5511913550533; 5511913550533; 11913550533"
"alefotografo.com.br","https://www.alefotografo.com.br/blog/como-criar-conteudo-envolvente-para-suas-redes-sociais-a-partir-do-seu-proprio-banco-de-imagens","/blog/como-criar-conteudo-envolvente-para-suas-redes-sociais-a-partir-do-seu-proprio-banco-de-imagens","200","","https://www.alefotografo.com.br/blog/como-criar-conteudo-envolvente-para-suas-redes-sociais-a-partir-do-seu-proprio-banco-de-imagens","Conteúdo para Redes Sociais com Banco de Imagens Próprio","Como transformar o banco de imagens da sua empresa em conteúdo constante para redes sociais: temas, formatos, cortes verticais e calendário de publicação.","Como criar conteúdo envolvente para suas redes sociais a partir do seu próprio banco de imagens","","text/html; charset=utf-8","1344","blog","","editorial","yes","yes","","128","","schema:,LocalBusiness,ProfessionalService,BlogPosting,BreadcrumbList; tel:+55-11-91355-0533; +5511913550533; 5511913550533; 11913550533"
"alefotografo.com.br","https://www.alefotografo.com.br/blog/sua-empresa-funciona-sem-voce-aprenda-a-profissionalizar-a-gestao-para-que-ela-continue-a-existir-sem-voce","/blog/sua-empresa-funciona-sem-voce-aprenda-a-profissionalizar-a-gestao-para-que-ela-continue-a-existir-sem-voce","200","","https://www.alefotografo.com.br/blog/sua-empresa-funciona-sem-voce-aprenda-a-profissionalizar-a-gestao-para-que-ela-continue-a-existir-sem-voce","Sua empresa funciona sem você? - Aprenda a profissionaliz…","Se você, empreendedor já se questionou sobre isso, este post é especialmente para você! Confira como deixar sua empresa profissionalizada na gestão.","Sua empresa funciona sem você? - Aprenda a profissionalizar a gestão para que ela continue a existir (sem você)","","text/html; charset=utf-8","1872","blog","","editorial","yes","yes","","124","","schema:,LocalBusiness,ProfessionalService,BlogPosting,BreadcrumbList; tel:+55-11-91355-0533; +5511913550533; 5511913550533; 11913550533"
"alefotografo.com.br","https://www.alefotografo.com.br/blog/linguagem-corporal-na-fotografia-de-retratos","/blog/linguagem-corporal-na-fotografia-de-retratos","200","","https://www.alefotografo.com.br/blog/linguagem-corporal-na-fotografia-de-retratos","Linguagem corporal na fotografia de retratos Alê Fotógrafo","A ciência já comprovou que o corpo tem uma linguagem própria e fala coisas que não dizemos com as palavras. E na fotografia, 100% da nossa comunicação não…","Linguagem corporal na fotografia de retratos","","text/html; charset=utf-8","1573","blog","","editorial","yes","yes","","125","","schema:,LocalBusiness,ProfessionalService,BlogPosting,BreadcrumbList; tel:+55-11-91355-0533; +5511913550533; 5511913550533; 11913550533"
"alefotografo.com.br","https://www.alefotografo.com.br/blog/10-dicas-para-ter-um-ambiente-agradavel-para-o-seu-evento-fotografia-de-evento","/blog/10-dicas-para-ter-um-ambiente-agradavel-para-o-seu-evento-fotografia-de-evento","200","","https://www.alefotografo.com.br/blog/10-dicas-para-ter-um-ambiente-agradavel-para-o-seu-evento-fotografia-de-evento","10 dicas para ter um ambiente agradável para o seu evento","O que seria um ambiente perfeito quando falamos de eventos? Seria um lugar que transmita segurança aos convidados? Um lugar que permita que eles relaxem e…","10 dicas para ter um ambiente agradável para o seu evento","","text/html; charset=utf-8","750","blog","","editorial","yes","yes","","121","","schema:,LocalBusiness,ProfessionalService,BlogPosting,BreadcrumbList; tel:+55-11-91355-0533; +5511913550533; 5511913550533; 11913550533"
"alefotografo.com.br","https://www.alefotografo.com.br/blog/a-sua-foto-de-perfil-pode-representar-mais-do-que-voce-imagina","/blog/a-sua-foto-de-perfil-pode-representar-mais-do-que-voce-imagina","200","","https://www.alefotografo.com.br/blog/a-sua-foto-de-perfil-pode-representar-mais-do-que-voce-imagina","Sua foto de perfil pode representar mais do que você imagina","Fotografo corporativo em Sao Paulo com 30 anos de experiencia. Foto e video para empresas, retratos, eventos e redes sociais. Atende em toda a Grande SP e…","Sua foto de perfil pode representar mais do que você imagina","","text/html; charset=utf-8","1935","blog","","editorial","yes","yes","","126","","schema:,LocalBusiness,ProfessionalService,BlogPosting,BreadcrumbList; tel:+55-11-91355-0533; +5511913550533; 5511913550533; 11913550533"
"alefotografo.com.br","https://www.alefotografo.com.br/blog/4-dicas-de-leitura-essenciais-para-aprender-mais-sobre-empreendedorismo-e-inovacao-em-tempos-de-crise","/blog/4-dicas-de-leitura-essenciais-para-aprender-mais-sobre-empreendedorismo-e-inovacao-em-tempos-de-crise","200","","https://www.alefotografo.com.br/blog/4-dicas-de-leitura-essenciais-para-aprender-mais-sobre-empreendedorismo-e-inovacao-em-tempos-de-crise","4 dicas de leitura essenciais para aprender mais sobre em…","Fotografo corporativo em Sao Paulo com 30 anos de experiencia. Foto e video para empresas, retratos, eventos e redes sociais. Atende em toda a Grande SP e…","4 dicas de leitura essenciais para aprender mais sobre empreendedorismo e inovação em tempos de crise","","text/html; charset=utf-8","1011","blog","","editorial","yes","yes","","125","","schema:,LocalBusiness,ProfessionalService,BlogPosting,BreadcrumbList; tel:+55-11-91355-0533; +5511913550533; 5511913550533; 11913550533"
"alefotografo.com.br","https://www.alefotografo.com.br/blog/saiba-quais-sao-os-melhores-de-postagem-nas-redes-sociais","/blog/saiba-quais-sao-os-melhores-de-postagem-nas-redes-sociais","200","","https://www.alefotografo.com.br/blog/saiba-quais-sao-os-melhores-de-postagem-nas-redes-sociais","Saiba quais são os melhores horários de postagem nas rede…","Quais são os melhores horários para postar nas redes sociais? Para tirar suas dúvidas preparei este post. Confira.","Saiba quais são os melhores horários de postagem nas redes sociais","","text/html; charset=utf-8","1727","blog","","editorial","yes","yes","","123","","schema:,LocalBusiness,ProfessionalService,BlogPosting,BreadcrumbList; tel:+55-11-91355-0533; +5511913550533; 5511913550533; 11913550533"
"alefotografo.com.br","https://www.alefotografo.com.br/blog/11-ideias-para-o-plano-de-fundo-de-seu-retrato-profissional","/blog/11-ideias-para-o-plano-de-fundo-de-seu-retrato-profissional","200","","https://www.alefotografo.com.br/blog/11-ideias-para-o-plano-de-fundo-de-seu-retrato-profissional","11 Idéias para o plano de fundo de seu Retrato Profissional","Precisando atualizar as fotos profissionais, mas está sem ideia de um local? Saiba que o plano de fundo (local) para suas fotos corporativas influenciam mu…","11 Idéias para o plano de fundo de seu Retrato Profissional","","text/html; charset=utf-8","1739","blog","","editorial","yes","yes","","128","","schema:,LocalBusiness,ProfessionalService,BlogPosting,BreadcrumbList; tel:+55-11-91355-0533; +5511913550533; 5511913550533; 11913550533"
"alefotografo.com.br","https://www.alefotografo.com.br/blog/posicionamento-de-imagem-profissional-o-que-e-e-como-aplicar","/blog/posicionamento-de-imagem-profissional-o-que-e-e-como-aplicar","200","","https://www.alefotografo.com.br/blog/posicionamento-de-imagem-profissional-o-que-e-e-como-aplicar","Posicionamento de imagem profissional: o que é e como apl…","Posicionamento é algo muito importante, principalmente quando o assunto é a criação de uma marca. E quando se trata de sua marca pessoal, deve ser levado a…","Posicionamento de imagem profissional: o que é e como aplicar","","text/html; charset=utf-8","1412","blog","","editorial","yes","yes","","125","","schema:,LocalBusiness,ProfessionalService,BlogPosting,BreadcrumbList; tel:+55-11-91355-0533; +5511913550533; 5511913550533; 11913550533"
"alefotografo.com.br","https://www.alefotografo.com.br/blog/como-explorar-a-foto-de-capa-do-seu-perfil-no-linkedin","/blog/como-explorar-a-foto-de-capa-do-seu-perfil-no-linkedin","200","","https://www.alefotografo.com.br/blog/como-explorar-a-foto-de-capa-do-seu-perfil-no-linkedin","Como explorar a foto de capa do seu perfil no LinkedIn","O LinkedIn é uma rede social que oferece ferramentas para que os usuários possam se relacionar, promover conexões e gerar novos negócios. Semelhante a outr…","Como explorar a foto de capa do seu perfil no LinkedIn","","text/html; charset=utf-8","1554","blog","","editorial","yes","yes","","125","","schema:,LocalBusiness,ProfessionalService,BlogPosting,BreadcrumbList; tel:+55-11-91355-0533; +5511913550533; 5511913550533; 11913550533"
"alefotografo.com.br","https://www.alefotografo.com.br/blog/networking-como-criar-uma-boa-rede-de-contatos-profissionais-para-voce-e-sua-empresa","/blog/networking-como-criar-uma-boa-rede-de-contatos-profissionais-para-voce-e-sua-empresa","200","","https://www.alefotografo.com.br/blog/networking-como-criar-uma-boa-rede-de-contatos-profissionais-para-voce-e-sua-empresa","Networking: como criar uma boa rede de contatos profissio…","Você tem cultivado a sua rede de contatos profissionais? Saiba que ela, se bem explorada, pode render oportunidades de negócios e parcerias. Saiba como no…","Networking: como criar uma boa rede de contatos profissionais para você e sua empresa","","text/html; charset=utf-8","1625","blog","","editorial","yes","yes","","123","","schema:,LocalBusiness,ProfessionalService,BlogPosting,BreadcrumbList; tel:+55-11-91355-0533; +5511913550533; 5511913550533; 11913550533"
"alefotografo.com.br","https://www.alefotografo.com.br/blog/dress-code-corporativo-o-que-vestir-numa-sessao-de-fotos-profissionais","/blog/dress-code-corporativo-o-que-vestir-numa-sessao-de-fotos-profissionais","200","","https://www.alefotografo.com.br/blog/dress-code-corporativo-o-que-vestir-numa-sessao-de-fotos-profissionais","Dress Code corporativo: o que vestir numa sessão de fotos…","Vai fazer uma sessão de fotos profissionais e bate aquela dúvida: o que vestir na hora das fotos? Bem respire fundo e confira as dicas que preparamos para…","Dress Code corporativo: o que vestir numa sessão de fotos profissionais","","text/html; charset=utf-8","1578","blog","","editorial","yes","yes","","124","","schema:,LocalBusiness,ProfessionalService,BlogPosting,BreadcrumbList; tel:+55-11-91355-0533; +5511913550533; 5511913550533; 11913550533"
"alefotografo.com.br","https://www.alefotografo.com.br/blog/engenharia-de-cardapio-7-tecnicas-incriveis-para-aumentar-suas-vendas","/blog/engenharia-de-cardapio-7-tecnicas-incriveis-para-aumentar-suas-vendas","200","","https://www.alefotografo.com.br/blog/engenharia-de-cardapio-7-tecnicas-incriveis-para-aumentar-suas-vendas","Engenharia de Cardápio: 7 técnicas incríveis para aumenta…","Você sabia que a engenharia de cardápio pode ajudar seu restaurante ou bar a vender mais a partir da otimização do seu cardápio? Confira as dicas no post.","Engenharia de Cardápio: 7 técnicas incríveis para aumentar suas vendas","","text/html; charset=utf-8","2117","blog","","editorial","yes","yes","","125","","schema:,LocalBusiness,ProfessionalService,BlogPosting,BreadcrumbList; tel:+55-11-91355-0533; +5511913550533; 5511913550533; 11913550533"
"alefotografo.com.br","https://www.alefotografo.com.br/blog/o-que-e-imagem-pessoal-e-por-que-ela-importa-para-profissionais","/blog/o-que-e-imagem-pessoal-e-por-que-ela-importa-para-profissionais","200","","https://www.alefotografo.com.br/blog/o-que-e-imagem-pessoal-e-por-que-ela-importa-para-profissionais","O que é imagem pessoal e por que ela importa para profiss…","Imagem pessoal vai além da aparência: entenda o que é, como funciona e por que impacta sua carreira, suas oportunidades e como você é percebido no mercado.","O que é imagem pessoal e por que ela importa para profissionais","","text/html; charset=utf-8","1395","blog","","editorial","yes","yes","","124","","schema:,LocalBusiness,ProfessionalService,BlogPosting,BreadcrumbList; tel:+55-11-91355-0533; +5511913550533; 5511913550533; 11913550533"
"alefotografo.com.br","https://www.alefotografo.com.br/blog/foto-para-linkedin-o-que-realmente-funciona","/blog/foto-para-linkedin-o-que-realmente-funciona","200","","https://www.alefotografo.com.br/blog/foto-para-linkedin-o-que-realmente-funciona","Foto para LinkedIn: o que realmente funciona (e o que voc…","O que define uma boa foto de LinkedIn: enquadramento, luz, expressão, roupa e os erros mais comuns. Guia prático para profissionais em São Paulo.","Foto para LinkedIn: o que realmente funciona (e o que você deve evitar)","","text/html; charset=utf-8","1402","blog","","editorial","yes","yes","","123","","schema:,LocalBusiness,ProfessionalService,BlogPosting,BreadcrumbList; tel:+55-11-91355-0533; +5511913550533; 5511913550533; 11913550533"
"alefotografo.com.br","https://www.alefotografo.com.br/blog/adobe-lightroom-como-tratar-fotos-de-maneira-profissional","/blog/adobe-lightroom-como-tratar-fotos-de-maneira-profissional","200","","https://www.alefotografo.com.br/blog/adobe-lightroom-como-tratar-fotos-de-maneira-profissional","Adobe Lightroom: como tratar fotos de maneira profissional","Uma foto bem editada pode ser a diferença entre em um post de sucesso e com engajamento de sua audiência. Ao conhecer o Adobe Lightroom e suas ferramentas…","Adobe Lightroom: como tratar fotos de maneira profissional","","text/html; charset=utf-8","2311","blog","","editorial","yes","yes","","126","","schema:,LocalBusiness,ProfessionalService,BlogPosting,BreadcrumbList; tel:+55-11-91355-0533; +5511913550533; 5511913550533; 11913550533"
"alefotografo.com.br","https://www.alefotografo.com.br/blog/fotografo-da-dicas-para-fotografar-comida","/blog/fotografo-da-dicas-para-fotografar-comida","200","","https://www.alefotografo.com.br/blog/fotografo-da-dicas-para-fotografar-comida","Dicas para fotografia de culinária Alê Fotógrafo","O fotografo Alexandre Machado dá algumas dicas de como fotografar comida.","Dicas para fotografia de culinária","","text/html; charset=utf-8","781","blog","","editorial","yes","yes","","127","","schema:,LocalBusiness,ProfessionalService,BlogPosting,BreadcrumbList; tel:+55-11-91355-0533; +5511913550533; 5511913550533; 11913550533"
"alefotografo.com.br","https://www.alefotografo.com.br/blog/7-dicas-para-voce-nunca-mais-errar-na-aparencia-ao-tirar-fotos-profissionais","/blog/7-dicas-para-voce-nunca-mais-errar-na-aparencia-ao-tirar-fotos-profissionais","200","","https://www.alefotografo.com.br/blog/7-dicas-para-voce-nunca-mais-errar-na-aparencia-ao-tirar-fotos-profissionais","7 Dicas para você nunca mais errar na aparência ao tirar…","Ser fotogênico parece ser uma tarefa difícil, não é? Fique tranquilo, quando o assunto é retrato profissional, o fotógrafo normalmente conduz a sessão e su…","7 Dicas para você nunca mais errar na aparência ao tirar fotos profissionais","","text/html; charset=utf-8","1748","blog","","editorial","yes","yes","","127","","schema:,LocalBusiness,ProfessionalService,BlogPosting,BreadcrumbList; tel:+55-11-91355-0533; +5511913550533; 5511913550533; 11913550533"
"alefotografo.com.br","https://www.alefotografo.com.br/blog/psicologia-das-cores-e-fotografia-saiba-como-elas-interagem","/blog/psicologia-das-cores-e-fotografia-saiba-como-elas-interagem","200","","https://www.alefotografo.com.br/blog/psicologia-das-cores-e-fotografia-saiba-como-elas-interagem","Psicologia das cores e fotografia: saiba como elas interagem","As cores têm um impacto em nossas vidas em diversos aspectos, sensoriais, psicológicos, físicos. E a fotografia tem uma influência nisso. Confira neste post.","Psicologia das cores e fotografia: saiba como elas interagem","","text/html; charset=utf-8","2349","blog","","editorial","yes","yes","","123","","schema:,LocalBusiness,ProfessionalService,BlogPosting,BreadcrumbList; tel:+55-11-91355-0533; +5511913550533; 5511913550533; 11913550533"
"alefotografo.com.br","https://www.alefotografo.com.br/blog/blazer-inspiracao-e-tendencia","/blog/blazer-inspiracao-e-tendencia","200","","https://www.alefotografo.com.br/blog/blazer-inspiracao-e-tendencia","Blazer: inspiração e tendência Alê Fotógrafo","Quem nunca usou um blazer num evento de família ou naquela entrevista de emprego, que atire a primeira pedra. Agora, separamos aqui algumas dicas e tendênc…","Blazer: inspiração e tendência","","text/html; charset=utf-8","1245","blog","","editorial","yes","yes","","124","","schema:,LocalBusiness,ProfessionalService,BlogPosting,BreadcrumbList; tel:+55-11-91355-0533; +5511913550533; 5511913550533; 11913550533"
"alefotografo.com.br","https://www.alefotografo.com.br/blog/a-importancia-do-retrato-corporativo-para-influenciadores-digitais-1","/blog/a-importancia-do-retrato-corporativo-para-influenciadores-digitais-1","200","","https://www.alefotografo.com.br/blog/a-importancia-do-retrato-corporativo-para-influenciadores-digitais-1","A importância do retrato corporativo para influenciadores…","Em um mundo onde a informação chega de forma instantânea, o retrato profissional é um grande aliado para comunicar quase que instantaneamente sua credibili…","A importância do retrato corporativo para influenciadores digitais","","text/html; charset=utf-8","1216","blog","","editorial","yes","yes","","127","","schema:,LocalBusiness,ProfessionalService,BlogPosting,BreadcrumbList; tel:+55-11-91355-0533; +5511913550533; 5511913550533; 11913550533"
"alefotografo.com.br","https://www.alefotografo.com.br/blog/seu-icloud-esta-cheio-5-dicas-para-voce-ganhar-mais-armazenamento-para-suas-fotos-e-videos","/blog/seu-icloud-esta-cheio-5-dicas-para-voce-ganhar-mais-armazenamento-para-suas-fotos-e-videos","200","","https://www.alefotografo.com.br/blog/seu-icloud-esta-cheio-5-dicas-para-voce-ganhar-mais-armazenamento-para-suas-fotos-e-videos","Seu iCloud está cheio? 5 dicas para você ganhar mais arma…","Está tendo dificuldades de armazenar seus vídeos e fotos no iCloud, por falta de espaço? Confira as 5 dicas para liberar mais armazenamento.","Seu iCloud está cheio? 5 dicas para você ganhar mais armazenamento para suas fotos e vídeos","","text/html; charset=utf-8","1416","blog","","editorial","yes","yes","","122","","schema:,LocalBusiness,ProfessionalService,BlogPosting,BreadcrumbList; tel:+55-11-91355-0533; +5511913550533; 5511913550533; 11913550533"
"alefotografo.com.br","https://www.alefotografo.com.br/blog/food-styling-7-dicas-de-fotos-de-comida-para-voce-turbinar-suas-vendas","/blog/food-styling-7-dicas-de-fotos-de-comida-para-voce-turbinar-suas-vendas","200","","https://www.alefotografo.com.br/blog/food-styling-7-dicas-de-fotos-de-comida-para-voce-turbinar-suas-vendas","Food Styling: 7 dicas de fotos de culinaria para você tur…","O food styling vai muito além de uma foto bonita de um prato. É a arte de contar histórias com a comida, valorizar os ingredientes e transmitir sensações,…","Food Styling: 7 dicas de fotos de culinaria para você turbinar suas vendas","","text/html; charset=utf-8","1707","blog","","editorial","yes","yes","","127","","schema:,LocalBusiness,ProfessionalService,BlogPosting,BreadcrumbList; tel:+55-11-91355-0533; +5511913550533; 5511913550533; 11913550533"
"alefotografo.com.br","https://www.alefotografo.com.br/blog/10-lugares-em-sao-paulo-para-tirar-boas-fotos","/blog/10-lugares-em-sao-paulo-para-tirar-boas-fotos","200","","https://www.alefotografo.com.br/blog/10-lugares-em-sao-paulo-para-tirar-boas-fotos","10 Lugares em São Paulo para tirar boas fotos","Você mora em São Paulo? Sabia que existem locais que podem ser excelentes planos de fundo para suas fotos? Alguns, gratuitos. Saiba mais neste post.","10 Lugares em São Paulo para tirar boas fotos","","text/html; charset=utf-8","1949","blog","","editorial","yes","yes","","126","","schema:,LocalBusiness,ProfessionalService,BlogPosting,BreadcrumbList; tel:+55-11-91355-0533; +5511913550533; 5511913550533; 11913550533"
"alefotografo.com.br","https://www.alefotografo.com.br/blog/conheca-as-melhores-praticas-para-bares-e-restaurantes-superarem-os-desafios-do-setor","/blog/conheca-as-melhores-praticas-para-bares-e-restaurantes-superarem-os-desafios-do-setor","200","","https://www.alefotografo.com.br/blog/conheca-as-melhores-praticas-para-bares-e-restaurantes-superarem-os-desafios-do-setor","Conheça as melhores práticas para bares e restaurantes su…","Saiba quais são as melhores práticas para implementar em seu restaurante ou bar para vencer a crise e lucrar.","Conheça as melhores práticas para bares e restaurantes superarem os desafios do setor","","text/html; charset=utf-8","2095","blog","","editorial","yes","yes","","125","","schema:,LocalBusiness,ProfessionalService,BlogPosting,BreadcrumbList; tel:+55-11-91355-0533; +5511913550533; 5511913550533; 11913550533"
"alefotografo.com.br","https://www.alefotografo.com.br/blog/como-se-preparar-para-ensaio-fotografico-corporativo","/blog/como-se-preparar-para-ensaio-fotografico-corporativo","200","","https://www.alefotografo.com.br/blog/como-se-preparar-para-ensaio-fotografico-corporativo","Como se preparar para um ensaio fotográfico corporativo","Guia completo de preparação para ensaio corporativo: roupa, pele, cabelo, logística e o que levar no dia. Tudo que você precisa saber antes de entrar no es…","Como se preparar para um ensaio fotográfico corporativo","","text/html; charset=utf-8","1451","blog","","editorial","yes","yes","","123","","schema:,LocalBusiness,ProfessionalService,BlogPosting,BreadcrumbList; tel:+55-11-91355-0533; +5511913550533; 5511913550533; 11913550533"
"alefotografo.com.br","https://www.alefotografo.com.br/blog/linkedin-como-criar-um-perfil-campeao-e-bombar-na-rede-de-negocios","/blog/linkedin-como-criar-um-perfil-campeao-e-bombar-na-rede-de-negocios","200","","https://www.alefotografo.com.br/blog/linkedin-como-criar-um-perfil-campeao-e-bombar-na-rede-de-negocios","LinkedIn: Como Criar um Perfil Campeão Alê Fotógrafo","Foto, headline, resumo e palavras-chave: o passo a passo para montar um perfil de LinkedIn que recrutadores encontram e clientes levam a sério.","LinkedIn: como criar um perfil campeão e bombar na rede de negócios","","text/html; charset=utf-8","1888","blog","","editorial","yes","yes","","125","","schema:,LocalBusiness,ProfessionalService,BlogPosting,BreadcrumbList; tel:+55-11-91355-0533; +5511913550533; 5511913550533; 11913550533"
"alefotografo.com.br","https://www.alefotografo.com.br/blog/linkedin-e-emprego-7-dicas-de-como-usar-essa-rede-social-para-conseguir-um","/blog/linkedin-e-emprego-7-dicas-de-como-usar-essa-rede-social-para-conseguir-um","200","","https://www.alefotografo.com.br/blog/linkedin-e-emprego-7-dicas-de-como-usar-essa-rede-social-para-conseguir-um","LinkedIn para Conseguir Emprego: 7 Dicas Alê Fotógrafo","Como usar o LinkedIn para ser achado por recrutadores: perfil completo, foto profissional, rede ativa e candidaturas que realmente recebem resposta.","7 dicas de como usar o LinkedIn e as redes sociais para conseguir emprego","","text/html; charset=utf-8","1685","blog","","editorial","yes","yes","","123","","schema:,LocalBusiness,ProfessionalService,BlogPosting,BreadcrumbList; tel:+55-11-91355-0533; +5511913550533; 5511913550533; 11913550533"
"alefotografo.com.br","https://www.alefotografo.com.br/blog/fotografo-da-dica-de-como-a-fotografia-de-comidas-e-bebidas-pode-te-ajudar","/blog/fotografo-da-dica-de-como-a-fotografia-de-comidas-e-bebidas-pode-te-ajudar","200","","https://www.alefotografo.com.br/blog/fotografo-da-dica-de-como-a-fotografia-de-comidas-e-bebidas-pode-te-ajudar","Fotografia de Comidas e Bebidas: Por Que Vale","Bar, restaurante ou evento: veja como a foto profissional de pratos e drinks aumenta o valor percebido do cardápio e o movimento nas redes sociais.","Como a fotografia de comidas e bebidas pode te ajudar!","","text/html; charset=utf-8","696","blog","","editorial","yes","yes","","122","","schema:,LocalBusiness,ProfessionalService,BlogPosting,BreadcrumbList; tel:+55-11-91355-0533; +5511913550533; 5511913550533; 11913550533"
"alefotografo.com.br","https://www.alefotografo.com.br/blog/12-dicas-de-como-planejar-sua-festa-de-confraternizacao-fotografo-de-eventos","/blog/12-dicas-de-como-planejar-sua-festa-de-confraternizacao-fotografo-de-eventos","200","","https://www.alefotografo.com.br/blog/12-dicas-de-como-planejar-sua-festa-de-confraternizacao-fotografo-de-eventos","Festa de Confraternização: 12 Dicas de Planejamento","Data, local, orçamento, fornecedores e registro fotográfico: o roteiro completo para organizar a confraternização da empresa sem correria de última hora.","12 dicas de como planejar sua Festa de Confraternização","","text/html; charset=utf-8","635","blog","","editorial","yes","yes","","122","","schema:,LocalBusiness,ProfessionalService,BlogPosting,BreadcrumbList; tel:+55-11-91355-0533; +5511913550533; 5511913550533; 11913550533"
"alefotografo.com.br","https://www.alefotografo.com.br/blog/dicas-de-cursos-e-aulas-online-para-voce-se-inspirar-e-capacitar","/blog/dicas-de-cursos-e-aulas-online-para-voce-se-inspirar-e-capacitar","200","","https://www.alefotografo.com.br/blog/dicas-de-cursos-e-aulas-online-para-voce-se-inspirar-e-capacitar","Cursos e Aulas Online para se Capacitar Alê Fotógrafo","Seleção de cursos e aulas online, muitos gratuitos, para quem quer se atualizar em fotografia, comunicação e imagem profissional sem sair de casa.","Dicas de cursos e aulas online para você se inspirar e capacitar","","text/html; charset=utf-8","1076","blog","","editorial","yes","yes","","127","","schema:,LocalBusiness,ProfessionalService,BlogPosting,BreadcrumbList; tel:+55-11-91355-0533; +5511913550533; 5511913550533; 11913550533"
"alefotografo.com.br","https://www.alefotografo.com.br/blog/jpeg-ou-png-vantagens-e-desvantagens-dos-dois-formatos-de-imagens","/blog/jpeg-ou-png-vantagens-e-desvantagens-dos-dois-formatos-de-imagens","200","","https://www.alefotografo.com.br/blog/jpeg-ou-png-vantagens-e-desvantagens-dos-dois-formatos-de-imagens","JPEG ou PNG: Qual Formato Usar em Cada Caso Alê Fotógrafo","Peso, transparência, qualidade e perda de dados: entenda as diferenças entre JPEG e PNG e saiba qual formato usar em site, apresentação e impressão.","JPEG ou PNG: Vantagens e desvantagens dos dois formatos de imagens","","text/html; charset=utf-8","1790","blog","","editorial","yes","yes","","123","","schema:,LocalBusiness,ProfessionalService,BlogPosting,BreadcrumbList; tel:+55-11-91355-0533; +5511913550533; 5511913550533; 11913550533"
"alefotografo.com.br","https://www.alefotografo.com.br/blog/fotografo-5-poses-para-retrato-corporativo","/blog/fotografo-5-poses-para-retrato-corporativo","200","","https://www.alefotografo.com.br/blog/fotografo-5-poses-para-retrato-corporativo","5 Melhores Poses para Retrato Corporativo Alê Fotógrafo","Postura, ângulo do ombro, queixo e mãos: cinco poses que funcionam no retrato corporativo e melhoram sua imagem no LinkedIn e nos materiais da empresa.","5 melhores poses para Retrato Corporativo","","text/html; charset=utf-8","1125","blog","","editorial","yes","yes","","127","","schema:,LocalBusiness,ProfessionalService,BlogPosting,BreadcrumbList; tel:+55-11-91355-0533; +5511913550533; 5511913550533; 11913550533"
"alefotografo.com.br","https://www.alefotografo.com.br/blog/fotografo-explica-porque-sua-empresa-deve-obter-fotos-tiradas-com-drones","/blog/fotografo-explica-porque-sua-empresa-deve-obter-fotos-tiradas-com-drones","200","","https://www.alefotografo.com.br/blog/fotografo-explica-porque-sua-empresa-deve-obter-fotos-tiradas-com-drones","Fotos com Drone: Por Que Sua Empresa Deve Ter","Fotos aéreas mostram estrutura, escala e localização como nenhuma imagem no chão consegue. Veja onde usar imagens de drone na comunicação da empresa.","Porque sua empresa deve obter fotos tiradas com drones?","","text/html; charset=utf-8","816","blog","","editorial","yes","yes","","123","","schema:,LocalBusiness,ProfessionalService,BlogPosting,BreadcrumbList; tel:+55-11-91355-0533; +5511913550533; 5511913550533; 11913550533"
"alefotografo.com.br","https://www.alefotografo.com.br/blog/banco-de-imagens-a-importancia-de-desenvolver-um-para-sua-empresa","/blog/banco-de-imagens-a-importancia-de-desenvolver-um-para-sua-empresa","200","","https://www.alefotografo.com.br/blog/banco-de-imagens-a-importancia-de-desenvolver-um-para-sua-empresa","Banco de Imagens Próprio: Por Que Sua Empresa Precisa","Ter fotos próprias reduz custo de comunicação, dá coerência à marca e acaba com a dependência de imagens genéricas de stock. Entenda como montar o seu.","Banco de imagens: a importância de sua empresa em ter fotos próprias","","text/html; charset=utf-8","1279","blog","","editorial","yes","yes","","128","","schema:,LocalBusiness,ProfessionalService,BlogPosting,BreadcrumbList; tel:+55-11-91355-0533; +5511913550533; 5511913550533; 11913550533"
"alefotografo.com.br","https://www.alefotografo.com.br/blog/7-dicas-para-maximizar-seu-perfil-no-linkedin","/blog/7-dicas-para-maximizar-seu-perfil-no-linkedin","200","","https://www.alefotografo.com.br/blog/7-dicas-para-maximizar-seu-perfil-no-linkedin","7 Dicas para Maximizar Seu Perfil no LinkedIn","Ajustes simples que fazem seu perfil aparecer mais nas buscas de recrutadores: foto, título, palavras-chave, recomendações e frequência de publicação.","7 Dicas para maximizar seu perfil no LinkedIn","","text/html; charset=utf-8","1435","blog","","editorial","yes","yes","","125","","schema:,LocalBusiness,ProfessionalService,BlogPosting,BreadcrumbList; tel:+55-11-91355-0533; +5511913550533; 5511913550533; 11913550533"
"alefotografo.com.br","https://www.alefotografo.com.br/blog/entenda-qual-a-importancia-da-identidade-visual-para-o-seu-negocio","/blog/entenda-qual-a-importancia-da-identidade-visual-para-o-seu-negocio","200","","https://www.alefotografo.com.br/blog/entenda-qual-a-importancia-da-identidade-visual-para-o-seu-negocio","Identidade Visual: Por Que Ela Importa no Negócio","Cor, tipografia e imagem coerentes fazem a empresa ser reconhecida e lembrada. Entenda o papel da identidade visual e onde a fotografia entra nela.","Entenda qual a importância da identidade visual para o seu negócio","","text/html; charset=utf-8","1154","blog","","editorial","yes","yes","","125","","schema:,LocalBusiness,ProfessionalService,BlogPosting,BreadcrumbList; tel:+55-11-91355-0533; +5511913550533; 5511913550533; 11913550533"
"alefotografo.com.br","https://www.alefotografo.com.br/blog/fotografo-dica-como-a-luz-pode-transformar-suas-fotos","/blog/fotografo-dica-como-a-luz-pode-transformar-suas-fotos","200","","https://www.alefotografo.com.br/blog/fotografo-dica-como-a-luz-pode-transformar-suas-fotos","Como a Luz Transforma Suas Fotos Alê Fotógrafo","Direção, intensidade e qualidade da luz definem se a foto valoriza ou estraga. Aprenda a ler a luz disponível e usar isso a favor da sua imagem.","Como a Luz pode transformar suas fotos","","text/html; charset=utf-8","640","blog","","editorial","yes","yes","","124","","schema:,LocalBusiness,ProfessionalService,BlogPosting,BreadcrumbList; tel:+55-11-91355-0533; +5511913550533; 5511913550533; 11913550533"
"alefotografo.com.br","https://www.alefotografo.com.br/blog/profissional-liberal-conheca-7-dicas-para-superar-os-desafios-na-carreira","/blog/profissional-liberal-conheca-7-dicas-para-superar-os-desafios-na-carreira","200","","https://www.alefotografo.com.br/blog/profissional-liberal-conheca-7-dicas-para-superar-os-desafios-na-carreira","Profissional Liberal: 7 Dicas para a Carreira","Captação de clientes, precificação, imagem e disciplina: sete formas de enfrentar os principais desafios de quem trabalha por conta própria.","Profissional Liberal: conheça 7 dicas para superar os desafios na carreira","","text/html; charset=utf-8","1687","blog","","editorial","yes","yes","","124","","schema:,LocalBusiness,ProfessionalService,BlogPosting,BreadcrumbList; tel:+55-11-91355-0533; +5511913550533; 5511913550533; 11913550533"
"alefotografo.com.br","https://www.alefotografo.com.br/blog/fotografo-da-dicas-de-3-formas-de-destacar-seus-eventos","/blog/fotografo-da-dicas-de-3-formas-de-destacar-seus-eventos","200","","https://www.alefotografo.com.br/blog/fotografo-da-dicas-de-3-formas-de-destacar-seus-eventos","3 Formas de Destacar Seus Eventos Alê Fotógrafo","Registro profissional, conteúdo em tempo real e material pós-evento: três formas de fazer o seu evento render muito além do dia em que acontece.","3 formas de destacar seus eventos","","text/html; charset=utf-8","649","blog","","editorial","yes","yes","","124","","schema:,LocalBusiness,ProfessionalService,BlogPosting,BreadcrumbList; tel:+55-11-91355-0533; +5511913550533; 5511913550533; 11913550533"
"alefotografo.com.br","https://www.alefotografo.com.br/blog/5-fatores-que-influenciam-o-seu-perfil-no-linkedin-fotografo-alexandre-machado","/blog/5-fatores-que-influenciam-o-seu-perfil-no-linkedin-fotografo-alexandre-machado","200","","https://www.alefotografo.com.br/blog/5-fatores-que-influenciam-o-seu-perfil-no-linkedin-fotografo-alexandre-machado","5 Fatores que Influenciam Seu Perfil no LinkedIn","Retrato corporativo, título, resumo, rede e atividade: os cinco fatores que decidem se o seu perfil transmite ou não autoridade profissional.","5 fatores que influenciam o seu perfil no Linkedin com Retrato Corporativo","","text/html; charset=utf-8","635","blog","","editorial","yes","yes","","125","","schema:,LocalBusiness,ProfessionalService,BlogPosting,BreadcrumbList; tel:+55-11-91355-0533; +5511913550533; 5511913550533; 11913550533"
"alefotografo.com.br","https://www.alefotografo.com.br/blog/os-6-melhores-aplicativos-para-editar-videos-pelo-celular","/blog/os-6-melhores-aplicativos-para-editar-videos-pelo-celular","200","","https://www.alefotografo.com.br/blog/os-6-melhores-aplicativos-para-editar-videos-pelo-celular","6 Melhores Aplicativos para Editar Vídeo no Celular","Cortes, legendas, filtros e trilha direto do celular: seis aplicativos de edição de vídeo que dão acabamento profissional ao conteúdo das suas redes.","Os 6 melhores aplicativos para editar vídeos pelo celular","","text/html; charset=utf-8","1693","blog","","editorial","yes","yes","","123","","schema:,LocalBusiness,ProfessionalService,BlogPosting,BreadcrumbList; tel:+55-11-91355-0533; +5511913550533; 5511913550533; 11913550533"
"alefotografo.com.br","https://www.alefotografo.com.br/blog/personal-branding-como-estabelecer-sua-marca-pessoal","/blog/personal-branding-como-estabelecer-sua-marca-pessoal","200","","https://www.alefotografo.com.br/blog/personal-branding-como-estabelecer-sua-marca-pessoal","Personal Branding: Como Construir Sua Marca Pessoal","Marca pessoal não é autopromoção: é coerência entre o que você faz, fala e mostra. Veja como construir a sua e onde a imagem profissional entra.","Personal Branding: como estabelecer sua marca pessoal","","text/html; charset=utf-8","1536","blog","","editorial","yes","yes","","124","","schema:,LocalBusiness,ProfessionalService,BlogPosting,BreadcrumbList; tel:+55-11-91355-0533; +5511913550533; 5511913550533; 11913550533"
"alefotografo.com.br","https://www.alefotografo.com.br/blog/uso-de-drones-e-eventos-corporativos-tem-feito-toda-a-diferenca","/blog/uso-de-drones-e-eventos-corporativos-tem-feito-toda-a-diferenca","200","","https://www.alefotografo.com.br/blog/uso-de-drones-e-eventos-corporativos-tem-feito-toda-a-diferenca","Drone em Eventos Corporativos: O Que Muda Alê Fotógrafo","Imagens aéreas mostram público, estrutura e dimensão do evento em um único quadro. Veja como o drone amplia o resultado da cobertura corporativa.","FOTOGRAFO MALUCO voa com drone por cima de pessoas","","text/html; charset=utf-8","629","blog","","editorial","yes","yes","","123","","schema:,LocalBusiness,ProfessionalService,BlogPosting,BreadcrumbList; tel:+55-11-91355-0533; +5511913550533; 5511913550533; 11913550533"
"alefotografo.com.br","https://www.alefotografo.com.br/blog/7-lugares-incriveis-para-tirar-fotos-profissionais-em-sao-paulo","/blog/7-lugares-incriveis-para-tirar-fotos-profissionais-em-sao-paulo","200","","https://www.alefotografo.com.br/blog/7-lugares-incriveis-para-tirar-fotos-profissionais-em-sao-paulo","7 Lugares para Fotos Profissionais em São Paulo","Locações reais em São Paulo que funcionam como fundo de foto profissional: luz, contexto urbano e discrição para retratos corporativos e de LinkedIn.","Lugares incríveis para tirar fotos profissionais em São Paulo","","text/html; charset=utf-8","1511","blog","","editorial","yes","yes","","127","","schema:,LocalBusiness,ProfessionalService,BlogPosting,BreadcrumbList; tel:+55-11-91355-0533; +5511913550533; 5511913550533; 11913550533"
"alefotografo.com.br","https://www.alefotografo.com.br/blog/como-manter-sua-imagem-profissional-em-tempos-de-home-office","/blog/como-manter-sua-imagem-profissional-em-tempos-de-home-office","200","","https://www.alefotografo.com.br/blog/como-manter-sua-imagem-profissional-em-tempos-de-home-office","Imagem Profissional no Home Office: Como Manter","Fundo, luz, enquadramento e postura em reuniões remotas. Veja como manter uma imagem profissional consistente trabalhando de casa.","Como manter sua imagem profissional em tempos de home office","","text/html; charset=utf-8","1344","blog","","editorial","yes","yes","","127","","schema:,LocalBusiness,ProfessionalService,BlogPosting,BreadcrumbList; tel:+55-11-91355-0533; +5511913550533; 5511913550533; 11913550533"
"alefotografo.com.br","https://www.alefotografo.com.br/blog/fotografo-ensina-que-foto-profissional-aparece-14-vezes-mais-do-que-uma-foto-amadora-no-linkedin","/blog/fotografo-ensina-que-foto-profissional-aparece-14-vezes-mais-do-que-uma-foto-amadora-no-linkedin","200","","https://www.alefotografo.com.br/blog/fotografo-ensina-que-foto-profissional-aparece-14-vezes-mais-do-que-uma-foto-amadora-no-linkedin","Foto Profissional Aparece 14x Mais no LinkedIn","Perfis com foto profissional recebem muito mais visualizações do que perfis com foto amadora. Entenda o porquê e o que muda no seu retrato.","Você sabia? Que uma Foto Profissional aparece 14X mais do que uma foto amadora no LinkedIn","","text/html; charset=utf-8","851","blog","","editorial","yes","yes","","124","","schema:,LocalBusiness,ProfessionalService,BlogPosting,BreadcrumbList; tel:+55-11-91355-0533; +5511913550533; 5511913550533; 11913550533"
"alefotografo.com.br","https://www.alefotografo.com.br/blog/fotografo-de-retrato-corporativo","/blog/fotografo-de-retrato-corporativo","200","","https://www.alefotografo.com.br/blog/fotografo-de-retrato-corporativo","Retratos Corporativos da Diretoria da ASUS Alê Fotógrafo","Bastidores do ensaio de retrato corporativo com executivos da ASUS: direção de pose, luz controlada e padrão único para toda a diretoria.","Fotografo faz Retratos Corporativos da Diretoria da ASUS","","text/html; charset=utf-8","626","blog","","editorial","yes","yes","","125","","schema:,LocalBusiness,ProfessionalService,BlogPosting,BreadcrumbList; tel:+55-11-91355-0533; +5511913550533; 5511913550533; 11913550533"
"alefotografo.com.br","https://www.alefotografo.com.br/blog/retratos-da-equipe-de-colaboradores","/blog/retratos-da-equipe-de-colaboradores","200","","https://www.alefotografo.com.br/blog/retratos-da-equipe-de-colaboradores","Retratos da Equipe de Colaboradores da Meltwater","Como foi padronizar os retratos de toda a equipe da Meltwater em São Paulo: mesma luz, mesmo enquadramento e agilidade para não travar a operação.","Retratos da equipe de colaboradores da Meltwater","","text/html; charset=utf-8","666","blog","","editorial","yes","yes","","126","","schema:,LocalBusiness,ProfessionalService,BlogPosting,BreadcrumbList; tel:+55-11-91355-0533; +5511913550533; 5511913550533; 11913550533"
"alefotografo.com.br","https://www.alefotografo.com.br/blog/instituto-rauen","/blog/instituto-rauen","200","","https://www.alefotografo.com.br/blog/instituto-rauen","Instituto Rauen: Ensaio Institucional Alê Fotógrafo","Registro institucional do Instituto Rauen: ambientes, equipe e atendimento fotografados para site, redes sociais e materiais de comunicação.","Instituto Rauen","","text/html; charset=utf-8","677","blog","","editorial","yes","yes","","127","","schema:,LocalBusiness,ProfessionalService,BlogPosting,BreadcrumbList; tel:+55-11-91355-0533; +5511913550533; 5511913550533; 11913550533"
"alefotografo.com.br","https://www.alefotografo.com.br/blog/o-que-vestir-sessao-de-fotos-corporativa","/blog/o-que-vestir-sessao-de-fotos-corporativa","200","","https://www.alefotografo.com.br/blog/o-que-vestir-sessao-de-fotos-corporativa","O Que Vestir na Sessão de Fotos Corporativa Alê Fotógrafo","Cores, estampas, camadas e acessórios: o guia de vestuário para orientar sua equipe antes do ensaio e evitar retrabalho por roupa errada.","O que vestir na sessão de fotos corporativa: o guia que evita retrabalho","","text/html; charset=utf-8","951","blog","","editorial","yes","yes","","124","","schema:,LocalBusiness,ProfessionalService,BlogPosting,BreadcrumbList; tel:+55-11-91355-0533; +5511913550533; 5511913550533; 11913550533"
"alefotografo.com.br","https://www.alefotografo.com.br/blog/retrato-posado-ou-fotografia-documental","/blog/retrato-posado-ou-fotografia-documental","200","","https://www.alefotografo.com.br/blog/retrato-posado-ou-fotografia-documental","Retrato Posado ou Fotografia Documental? Alê Fotógrafo","Posado e documental servem a objetivos diferentes. Veja quando usar cada linguagem e como combiná-las sem quebrar a identidade visual da empresa.","Retrato posado ou fotografia documental? Como escolher a linguagem de cada material","","text/html; charset=utf-8","918","blog","","editorial","yes","yes","","123","","schema:,LocalBusiness,ProfessionalService,BlogPosting,BreadcrumbList; tel:+55-11-91355-0533; +5511913550533; 5511913550533; 11913550533"
"alefotografo.com.br","https://www.alefotografo.com.br/blog/manual-de-uso-de-imagem-corporativa","/blog/manual-de-uso-de-imagem-corporativa","200","","https://www.alefotografo.com.br/blog/manual-de-uso-de-imagem-corporativa","Manual de Uso de Imagem Corporativa Alê Fotógrafo","Acervo sem regra vira acervo distorcido. Veja como um manual simples orienta áreas e fornecedores a usarem as fotos sem quebrar a identidade da marca.","Manual de uso de imagem: como impedir que o seu acervo seja usado errado","","text/html; charset=utf-8","979","blog","","editorial","yes","yes","","121","","schema:,LocalBusiness,ProfessionalService,BlogPosting,BreadcrumbList; tel:+55-11-91355-0533; +5511913550533; 5511913550533; 11913550533"
"alefotografo.com.br","https://www.alefotografo.com.br/blog/calibracao-perfil-de-cor-monitores","/blog/calibracao-perfil-de-cor-monitores","200","","https://www.alefotografo.com.br/blog/calibracao-perfil-de-cor-monitores","Calibração de Monitor e Perfil de Cor na Prática","A mesma foto muda de cor em cada tela e trava aprovações. Entenda calibração, perfis de cor e como padronizar o que a equipe enxerga.","Calibração e perfil de cor: por que a mesma foto muda em cada tela","","text/html; charset=utf-8","963","blog","","editorial","yes","yes","","122","","schema:,LocalBusiness,ProfessionalService,BlogPosting,BreadcrumbList; tel:+55-11-91355-0533; +5511913550533; 5511913550533; 11913550533"
"alefotografo.com.br","https://www.alefotografo.com.br/blog/quanto-tempo-leva-projeto-fotografia-corporativa","/blog/quanto-tempo-leva-projeto-fotografia-corporativa","200","","https://www.alefotografo.com.br/blog/quanto-tempo-leva-projeto-fotografia-corporativa","Quanto Tempo Leva um Projeto de Fotografia Alê Fotógrafo","Briefing, produção, captação, seleção e tratamento: os prazos reais de cada etapa da fotografia corporativa para você planejar sem atropelo.","Quanto tempo leva um projeto de fotografia corporativa? Prazos reais por etapa","","text/html; charset=utf-8","949","blog","","editorial","yes","yes","","123","","schema:,LocalBusiness,ProfessionalService,BlogPosting,BreadcrumbList; tel:+55-11-91355-0533; +5511913550533; 5511913550533; 11913550533"
"alefotografo.com.br","https://www.alefotografo.com.br/blog/fotografia-integracao-pos-fusao-aquisicao","/blog/fotografia-integracao-pos-fusao-aquisicao","200","","https://www.alefotografo.com.br/blog/fotografia-integracao-pos-fusao-aquisicao","Fotografia na Integração Pós-Fusão Alê Fotógrafo","Depois da fusão, a imagem das empresas continua dividida. Veja como a fotografia unifica a identidade e simboliza a integração para dentro e para fora.","Fotografia na integração pós-fusão: quando duas empresas precisam virar uma imagem só","","text/html; charset=utf-8","946","blog","","editorial","yes","yes","","123","","schema:,LocalBusiness,ProfessionalService,BlogPosting,BreadcrumbList; tel:+55-11-91355-0533; +5511913550533; 5511913550533; 11913550533"
"alefotografo.com.br","https://www.alefotografo.com.br/blog/digitalizacao-restauracao-acervo-historico-empresa","/blog/digitalizacao-restauracao-acervo-historico-empresa","200","","https://www.alefotografo.com.br/blog/digitalizacao-restauracao-acervo-historico-empresa","Digitalização e Restauração do Acervo da Empresa","Fotos antigas se deterioram em caixas e álbuns. Veja como digitalizar e restaurar esse acervo transforma memória em material de marca utilizável hoje.","Digitalização e restauração do acervo histórico da empresa: recuperar o que está apagando","","text/html; charset=utf-8","969","blog","","editorial","yes","yes","","123","","schema:,LocalBusiness,ProfessionalService,BlogPosting,BreadcrumbList; tel:+55-11-91355-0533; +5511913550533; 5511913550533; 11913550533"
"alefotografo.com.br","https://www.alefotografo.com.br/blog/fotografia-entrega-no-cliente-antes-e-depois","/blog/fotografia-entrega-no-cliente-antes-e-depois","200","","https://www.alefotografo.com.br/blog/fotografia-entrega-no-cliente-antes-e-depois","Fotografia de Entrega: o Antes e Depois em B2B","Registrar o resultado entregue na casa do cliente cria a prova mais persuasiva que existe. Veja como estruturar o antes e depois em projetos B2B.","Fotografia de entrega no cliente: o antes e depois que vende sozinho","","text/html; charset=utf-8","954","blog","","editorial","yes","yes","","121","","schema:,LocalBusiness,ProfessionalService,BlogPosting,BreadcrumbList; tel:+55-11-91355-0533; +5511913550533; 5511913550533; 11913550533"
"alefotografo.com.br","https://www.alefotografo.com.br/blog/fotografia-processo-tecnico-metodo","/blog/fotografia-processo-tecnico-metodo","200","","https://www.alefotografo.com.br/blog/fotografia-processo-tecnico-metodo","Fotografia de Processo Técnico: Mostre Seu Método","Processos bem fotografados comunicam método, rigor e competência — e sustentam o seu preço. Veja o que vale registrar dentro da sua operação.","Fotografia de processo técnico: mostrar o método que justifica o seu preço","","text/html; charset=utf-8","910","blog","","editorial","yes","yes","","123","","schema:,LocalBusiness,ProfessionalService,BlogPosting,BreadcrumbList; tel:+55-11-91355-0533; +5511913550533; 5511913550533; 11913550533"
"alefotografo.com.br","https://www.alefotografo.com.br/blog/como-medir-retorno-fotografia-corporativa","/blog/como-medir-retorno-fotografia-corporativa","200","","https://www.alefotografo.com.br/blog/como-medir-retorno-fotografia-corporativa","Como Medir o Retorno da Fotografia Corporativa","Fotografia parece imensurável, mas há indicadores concretos. Veja como reportar à diretoria o resultado do investimento em imagem sem inventar número.","Como medir o retorno da fotografia corporativa (sem inventar número)","","text/html; charset=utf-8","946","blog","","editorial","yes","yes","","123","","schema:,LocalBusiness,ProfessionalService,BlogPosting,BreadcrumbList; tel:+55-11-91355-0533; +5511913550533; 5511913550533; 11913550533"
"alefotografo.com.br","https://www.alefotografo.com.br/blog/onde-publicar-suas-fotos-pontos-de-contato","/blog/onde-publicar-suas-fotos-pontos-de-contato","200","","https://www.alefotografo.com.br/blog/onde-publicar-suas-fotos-pontos-de-contato","Onde Publicar as Fotos da Sua Empresa Alê Fotógrafo","Empresas usam uma fração das imagens que produzem. Conheça os pontos de contato esquecidos que deveriam receber fotografia própria e multiplicar o uso.","Onde publicar suas fotos: os pontos de contato que quase toda empresa esquece","","text/html; charset=utf-8","970","blog","","editorial","yes","yes","","122","","schema:,LocalBusiness,ProfessionalService,BlogPosting,BreadcrumbList; tel:+55-11-91355-0533; +5511913550533; 5511913550533; 11913550533"
"alefotografo.com.br","https://www.alefotografo.com.br/blog/fotos-mudam-de-cor-na-impressao-cmyk","/blog/fotos-mudam-de-cor-na-impressao-cmyk","200","","https://www.alefotografo.com.br/blog/fotos-mudam-de-cor-na-impressao-cmyk","Por Que Suas Fotos Mudam de Cor ao Imprimir Alê Fotógrafo","Imagens aprovadas na tela decepcionam no papel. Entenda RGB, CMYK e prova de cor para o impresso sair como a equipe aprovou.","Da tela para o papel: por que suas fotos mudam de cor quando são impressas","","text/html; charset=utf-8","980","blog","","editorial","yes","yes","","121","","schema:,LocalBusiness,ProfessionalService,BlogPosting,BreadcrumbList; tel:+55-11-91355-0533; +5511913550533; 5511913550533; 11913550533"
"alefotografo.com.br","https://www.alefotografo.com.br/blog/fotografia-ambientes-com-clientes-privacidade-lgpd","/blog/fotografia-ambientes-com-clientes-privacidade-lgpd","200","","https://www.alefotografo.com.br/blog/fotografia-ambientes-com-clientes-privacidade-lgpd","Fotografia com Clientes: Privacidade e LGPD Alê Fotógrafo","Fotografar ambientes com clientes exige cuidado com privacidade e dados pessoais. Veja como planejar a produção e evitar risco jurídico na publicação.","Fotografia em ambientes com clientes: privacidade, LGPD e o que pode ser publicado","","text/html; charset=utf-8","929","blog","","editorial","yes","yes","","121","","schema:,LocalBusiness,ProfessionalService,BlogPosting,BreadcrumbList; tel:+55-11-91355-0533; +5511913550533; 5511913550533; 11913550533"
"alefotografo.com.br","https://www.alefotografo.com.br/blog/fotografia-grande-formato-banners-backdrops","/blog/fotografia-grande-formato-banners-backdrops","200","","https://www.alefotografo.com.br/blog/fotografia-grande-formato-banners-backdrops","Fotografia para Grande Formato: Banners e Painéis","Ampliar uma foto comum para três metros revela todos os defeitos. Veja os requisitos técnicos de imagens para banners, backdrops e painéis de estande.","Fotografia para grande formato: o que muda quando a imagem vira um painel de três metros","","text/html; charset=utf-8","946","blog","","editorial","yes","yes","","121","","schema:,LocalBusiness,ProfessionalService,BlogPosting,BreadcrumbList; tel:+55-11-91355-0533; +5511913550533; 5511913550533; 11913550533"
"alefotografo.com.br","https://www.alefotografo.com.br/blog/fotografia-comunicacao-interna-murais-paredes","/blog/fotografia-comunicacao-interna-murais-paredes","200","","https://www.alefotografo.com.br/blog/fotografia-comunicacao-interna-murais-paredes","Fotografia para Comunicação Interna e Murais Alê Fotógrafo","Murais e ambientação interna comunicam cuidado ou descuido. Veja como imagens próprias fortalecem cultura, reconhecimento e orgulho de pertencer.","Fotografia para comunicação interna: o que suas paredes dizem para o seu time","","text/html; charset=utf-8","927","blog","","editorial","yes","yes","","122","","schema:,LocalBusiness,ProfessionalService,BlogPosting,BreadcrumbList; tel:+55-11-91355-0533; +5511913550533; 5511913550533; 11913550533"
"alefotografo.com.br","https://www.alefotografo.com.br/blog/imagem-topo-do-site-hero-conversao","/blog/imagem-topo-do-site-hero-conversao","200","","https://www.alefotografo.com.br/blog/imagem-topo-do-site-hero-conversao","Imagem do Topo do Site: os 3 Segundos Decisivos","A imagem de topo é o elemento mais visto do site. Veja como escolher e produzir a foto que segura o visitante e aumenta a conversão da página.","A imagem do topo do site: os três segundos que decidem se o visitante fica","","text/html; charset=utf-8","974","blog","","editorial","yes","yes","","121","","schema:,LocalBusiness,ProfessionalService,BlogPosting,BreadcrumbList; tel:+55-11-91355-0533; +5511913550533; 5511913550533; 11913550533"
"alefotografo.com.br","https://www.alefotografo.com.br/blog/fotografia-divulgacao-eventos-inscricoes","/blog/fotografia-divulgacao-eventos-inscricoes","200","","https://www.alefotografo.com.br/blog/fotografia-divulgacao-eventos-inscricoes","Fotografia para Divulgação de Eventos Alê Fotógrafo","Arte genérica reduz inscrições. Veja como imagens próprias de edições anteriores e retratos de palestrantes aumentam a conversão da divulgação.","Fotografia para divulgação de eventos: as imagens que enchem a inscrição","","text/html; charset=utf-8","943","blog","","editorial","yes","yes","","124","","schema:,LocalBusiness,ProfessionalService,BlogPosting,BreadcrumbList; tel:+55-11-91355-0533; +5511913550533; 5511913550533; 11913550533"
"alefotografo.com.br","https://www.alefotografo.com.br/blog/retratos-para-conteudo-autoral-artigos","/blog/retratos-para-conteudo-autoral-artigos","200","","https://www.alefotografo.com.br/blog/retratos-para-conteudo-autoral-artigos","Retratos para Conteúdo Autoral e Artigos Alê Fotógrafo","Conteúdo autoral ilustrado com foto de banco perde autoridade. Veja como retratos próprios sustentam a credibilidade do que a sua empresa publica.","Retratos para conteúdo autoral: a imagem que dá autoridade a artigos e posts","","text/html; charset=utf-8","953","blog","","editorial","yes","yes","","123","","schema:,LocalBusiness,ProfessionalService,BlogPosting,BreadcrumbList; tel:+55-11-91355-0533; +5511913550533; 5511913550533; 11913550533"
"alefotografo.com.br","https://www.alefotografo.com.br/blog/fotografia-criativos-anuncio-performance","/blog/fotografia-criativos-anuncio-performance","200","","https://www.alefotografo.com.br/blog/fotografia-criativos-anuncio-performance","Fotografia para Criativos de Anúncio Alê Fotógrafo","Foto institucional e foto de anúncio têm lógicas opostas. Veja como produzir imagens feitas para campanha e reduzir o custo por resultado.","Fotografia para criativos de anúncio: por que a foto institucional não converte em campanha","","text/html; charset=utf-8","984","blog","","editorial","yes","yes","","122","","schema:,LocalBusiness,ProfessionalService,BlogPosting,BreadcrumbList; tel:+55-11-91355-0533; +5511913550533; 5511913550533; 11913550533"
"alefotografo.com.br","https://www.alefotografo.com.br/blog/shot-list-lista-de-fotos-sessao-corporativa","/blog/shot-list-lista-de-fotos-sessao-corporativa","200","","https://www.alefotografo.com.br/blog/shot-list-lista-de-fotos-sessao-corporativa","Shot List: a Lista de Fotos da Sessão Corporativa","Sessão sem shot list gera lacunas caras no acervo. Veja como montar a lista de imagens necessárias antes da produção e aproveitar cada minuto do dia.","Shot list: a lista que impede você de descobrir depois que faltou a foto principal","","text/html; charset=utf-8","962","blog","","editorial","yes","yes","","122","","schema:,LocalBusiness,ProfessionalService,BlogPosting,BreadcrumbList; tel:+55-11-91355-0533; +5511913550533; 5511913550533; 11913550533"
"alefotografo.com.br","https://www.alefotografo.com.br/blog/foto-funciona-em-miniatura-tela-pequena","/blog/foto-funciona-em-miniatura-tela-pequena","200","","https://www.alefotografo.com.br/blog/foto-funciona-em-miniatura-tela-pequena","Sua Foto Funciona em Miniatura? Faça o Teste Alê Fotógrafo","Imagens complexas viram borrão em tela pequena e perdem alcance. Veja como produzir fotos legíveis na miniatura sem perder qualidade no tamanho grande.","Sua foto funciona em miniatura? O teste que quase ninguém faz antes de publicar","","text/html; charset=utf-8","987","blog","","editorial","yes","yes","","122","","schema:,LocalBusiness,ProfessionalService,BlogPosting,BreadcrumbList; tel:+55-11-91355-0533; +5511913550533; 5511913550533; 11913550533"
"alefotografo.com.br","https://www.alefotografo.com.br/blog/espaco-negativo-fotos-com-area-para-texto","/blog/espaco-negativo-fotos-com-area-para-texto","200","","https://www.alefotografo.com.br/blog/espaco-negativo-fotos-com-area-para-texto","Espaço Negativo: Fotos com Área para Texto e Logo","Fotos sem área livre travam o trabalho do design. Veja como o espaço negativo planejado na captação viabiliza capas, campanhas e materiais institucionais.","Espaço negativo: por que suas fotos precisam de área livre para texto e logo","","text/html; charset=utf-8","941","blog","","editorial","yes","yes","","121","","schema:,LocalBusiness,ProfessionalService,BlogPosting,BreadcrumbList; tel:+55-11-91355-0533; +5511913550533; 5511913550533; 11913550533"
"alefotografo.com.br","https://www.alefotografo.com.br/blog/fotografia-campanhas-seguranca-epi-prevencao","/blog/fotografia-campanhas-seguranca-epi-prevencao","200","","https://www.alefotografo.com.br/blog/fotografia-campanhas-seguranca-epi-prevencao","Fotografia para Campanhas de Segurança e EPI Alê Fotógrafo","Campanha de segurança com imagem genérica é ignorada. Veja como fotografar a própria operação aumenta a adesão às práticas de prevenção no dia a dia.","Fotografia para campanhas de segurança: quando o time se reconhece, a mensagem gruda","","text/html; charset=utf-8","936","blog","","editorial","yes","yes","","123","","schema:,LocalBusiness,ProfessionalService,BlogPosting,BreadcrumbList; tel:+55-11-91355-0533; +5511913550533; 5511913550533; 11913550533"
"alefotografo.com.br","https://www.alefotografo.com.br/blog/fotografia-certificacoes-conformidade-qualidade","/blog/fotografia-certificacoes-conformidade-qualidade","200","","https://www.alefotografo.com.br/blog/fotografia-certificacoes-conformidade-qualidade","Fotografia de Certificações e Conformidade Alê Fotógrafo","Certificação vira selo esquecido no rodapé. Veja como fotografar estrutura e processos transforma conformidade em argumento comercial de verdade.","Fotografia de certificações e conformidade: transformar selo em argumento de venda","","text/html; charset=utf-8","921","blog","","editorial","yes","yes","","124","","schema:,LocalBusiness,ProfessionalService,BlogPosting,BreadcrumbList; tel:+55-11-91355-0533; +5511913550533; 5511913550533; 11913550533"
"alefotografo.com.br","https://www.alefotografo.com.br/blog/registro-fotografico-periodico-de-obra","/blog/registro-fotografico-periodico-de-obra","200","","https://www.alefotografo.com.br/blog/registro-fotografico-periodico-de-obra","Registro Fotográfico Periódico de Obra Alê Fotógrafo","O acompanhamento periódico documenta a evolução da obra, tranquiliza compradores e vira portfólio de execução. Veja como estruturar esse registro.","Registro fotográfico periódico de obra: a sequência que prova execução e prazo","","text/html; charset=utf-8","915","blog","","editorial","yes","yes","","121","","schema:,LocalBusiness,ProfessionalService,BlogPosting,BreadcrumbList; tel:+55-11-91355-0533; +5511913550533; 5511913550533; 11913550533"
"alefotografo.com.br","https://www.alefotografo.com.br/blog/portfolio-visual-projetos-entregues-concorrencias","/blog/portfolio-visual-projetos-entregues-concorrencias","200","","https://www.alefotografo.com.br/blog/portfolio-visual-projetos-entregues-concorrencias","Portfólio Visual de Projetos Entregues Alê Fotógrafo","Em concorrência, atestado técnico é só texto. Veja como o portfólio fotográfico de projetos entregues comprova capacidade e diferencia a sua proposta.","Portfólio visual de projetos entregues: a prova que diferencia sua proposta na concorrência","","text/html; charset=utf-8","935","blog","","editorial","yes","yes","","121","","schema:,LocalBusiness,ProfessionalService,BlogPosting,BreadcrumbList; tel:+55-11-91355-0533; +5511913550533; 5511913550533; 11913550533"
"alefotografo.com.br","https://www.alefotografo.com.br/blog/fotografia-produtos-digitais-software-mockup","/blog/fotografia-produtos-digitais-software-mockup","200","","https://www.alefotografo.com.br/blog/fotografia-produtos-digitais-software-mockup","Fotografia para Produtos Digitais e Software Alê Fotógrafo","Software não tem o que fotografar, mas precisa de imagem. Veja como device shots e contexto de uso criam valor percebido para produtos digitais.","Fotografia para produtos digitais: como dar corpo a um software que não existe fisicamente","","text/html; charset=utf-8","974","blog","","editorial","yes","yes","","123","","schema:,LocalBusiness,ProfessionalService,BlogPosting,BreadcrumbList; tel:+55-11-91355-0533; +5511913550533; 5511913550533; 11913550533"
"alefotografo.com.br","https://www.alefotografo.com.br/blog/fotografia-conceitual-corporativa-abstrato","/blog/fotografia-conceitual-corporativa-abstrato","200","","https://www.alefotografo.com.br/blog/fotografia-conceitual-corporativa-abstrato","Fotografia Conceitual Corporativa Alê Fotógrafo","Segurança, agilidade e escala são conceitos invisíveis. Veja como a fotografia conceitual traduz atributos abstratos em imagem própria e memorável.","Fotografia conceitual corporativa: dar forma visual ao que sua empresa vende e não se vê","","text/html; charset=utf-8","975","blog","","editorial","yes","yes","","124","","schema:,LocalBusiness,ProfessionalService,BlogPosting,BreadcrumbList; tel:+55-11-91355-0533; +5511913550533; 5511913550533; 11913550533"
"alefotografo.com.br","https://www.alefotografo.com.br/blog/fotografia-materiais-integracao-onboarding","/blog/fotografia-materiais-integracao-onboarding","200","","https://www.alefotografo.com.br/blog/fotografia-materiais-integracao-onboarding","Fotografia para Onboarding e Integração Alê Fotógrafo","Material de integração com imagem própria transmite cuidado e acelera o pertencimento do novo colaborador. Veja o que produzir para o seu onboarding.","Fotografia para materiais de integração: o primeiro dia também se comunica com imagem","","text/html; charset=utf-8","960","blog","","editorial","yes","yes","","123","","schema:,LocalBusiness,ProfessionalService,BlogPosting,BreadcrumbList; tel:+55-11-91355-0533; +5511913550533; 5511913550533; 11913550533"
"alefotografo.com.br","https://www.alefotografo.com.br/blog/fotografia-um-dia-na-vida-recrutamento","/blog/fotografia-um-dia-na-vida-recrutamento","200","","https://www.alefotografo.com.br/blog/fotografia-um-dia-na-vida-recrutamento","Ensaio &#x27;Um Dia na Vida&#x27; para Recrutamento Alê Fotógrafo","Mostrar a rotina real aumenta candidaturas qualificadas e reduz desistências. Veja como produzir um ensaio de rotina para atrair o candidato certo.","Fotografia &quot;um dia na vida&quot;: mostre ao candidato a rotina que ele vai viver","","text/html; charset=utf-8","989","blog","","editorial","yes","yes","","122","","schema:,LocalBusiness,ProfessionalService,BlogPosting,BreadcrumbList; tel:+55-11-91355-0533; +5511913550533; 5511913550533; 11913550533"
"alefotografo.com.br","https://www.alefotografo.com.br/blog/fotografia-golden-hour-noturna-corporativa","/blog/fotografia-golden-hour-noturna-corporativa","200","","https://www.alefotografo.com.br/blog/fotografia-golden-hour-noturna-corporativa","Golden Hour e Fotografia Noturna Corporativa Alê Fotógrafo","O horário da captação muda o impacto das imagens externas. Entenda por que golden hour e blue hour valorizam fachadas, estruturas e sedes de empresa.","Golden hour e fotografia noturna corporativa: o horário que muda o impacto da imagem","","text/html; charset=utf-8","845","blog","","editorial","yes","yes","","122","","schema:,LocalBusiness,ProfessionalService,BlogPosting,BreadcrumbList; tel:+55-11-91355-0533; +5511913550533; 5511913550533; 11913550533"
"alefotografo.com.br","https://www.alefotografo.com.br/blog/foto-e-video-juntos-producao-integrada","/blog/foto-e-video-juntos-producao-integrada","200","","https://www.alefotografo.com.br/blog/foto-e-video-juntos-producao-integrada","Foto e Vídeo Juntos: Produção Integrada Alê Fotógrafo","Produzir foto e vídeo separados custa mais e gera materiais que não conversam. Veja as vantagens de planejar as duas entregas numa única produção.","Foto e vídeo juntos: por que produzir separado custa mais e entrega menos","","text/html; charset=utf-8","832","blog","","editorial","yes","yes","","123","","schema:,LocalBusiness,ProfessionalService,BlogPosting,BreadcrumbList; tel:+55-11-91355-0533; +5511913550533; 5511913550533; 11913550533"
"alefotografo.com.br","https://www.alefotografo.com.br/blog/fotografia-visita-tecnica-clientes-planta","/blog/fotografia-visita-tecnica-clientes-planta","200","","https://www.alefotografo.com.br/blog/fotografia-visita-tecnica-clientes-planta","Fotografia de Visita Técnica de Clientes Alê Fotógrafo","Registrar a visita do cliente à sua operação gera conteúdo de relacionamento, prova social e material comercial. Veja como aproveitar esse momento.","Fotografia de visitas técnicas: transformar a visita do cliente em conteúdo de relacionamento","","text/html; charset=utf-8","826","blog","","editorial","yes","yes","","121","","schema:,LocalBusiness,ProfessionalService,BlogPosting,BreadcrumbList; tel:+55-11-91355-0533; +5511913550533; 5511913550533; 11913550533"
"alefotografo.com.br","https://www.alefotografo.com.br/blog/30-anos-fotografia-corporativa-licoes","/blog/30-anos-fotografia-corporativa-licoes","200","","https://www.alefotografo.com.br/blog/30-anos-fotografia-corporativa-licoes","30 Anos de Fotografia Corporativa: o Que Importa","Experiência se traduz em previsibilidade, leitura de contexto e capacidade de resolver imprevisto. O que três décadas ensinam sobre imagem de empresa.","O que 30 anos de fotografia corporativa ensinam sobre o que realmente importa","","text/html; charset=utf-8","827","blog","","editorial","yes","yes","","123","","schema:,LocalBusiness,ProfessionalService,BlogPosting,BreadcrumbList; tel:+55-11-91355-0533; +5511913550533; 5511913550533; 11913550533"
"alefotografo.com.br","https://www.alefotografo.com.br/blog/fotografia-inauguracao-marcos-empresa","/blog/fotografia-inauguracao-marcos-empresa","200","","https://www.alefotografo.com.br/blog/fotografia-inauguracao-marcos-empresa","Fotografia de Inaugurações e Marcos da Empresa","Inaugurações, aniversários e marcos são registro histórico da empresa. Veja por que a cobertura profissional desses momentos rende material por anos.","Fotografia de inaugurações e marcos: registrar a história que a empresa vai contar depois","","text/html; charset=utf-8","801","blog","","editorial","yes","yes","","123","","schema:,LocalBusiness,ProfessionalService,BlogPosting,BreadcrumbList; tel:+55-11-91355-0533; +5511913550533; 5511913550533; 11913550533"
"alefotografo.com.br","https://www.alefotografo.com.br/blog/variedade-visual-redes-sociais-corporativas","/blog/variedade-visual-redes-sociais-corporativas","200","","https://www.alefotografo.com.br/blog/variedade-visual-redes-sociais-corporativas","Variedade Visual nas Redes Sociais da Empresa","Repetir sempre a mesma imagem cansa o público e derruba o engajamento. Veja como construir variedade visual sem perder a identidade da marca.","Variedade visual nas redes: como não cansar o público com sempre a mesma imagem","","text/html; charset=utf-8","831","blog","","editorial","yes","yes","","122","","schema:,LocalBusiness,ProfessionalService,BlogPosting,BreadcrumbList; tel:+55-11-91355-0533; +5511913550533; 5511913550533; 11913550533"
"alefotografo.com.br","https://www.alefotografo.com.br/blog/fotografia-convencao-de-vendas","/blog/fotografia-convencao-de-vendas","200","","https://www.alefotografo.com.br/blog/fotografia-convencao-de-vendas","Fotografia de Convenção de Vendas Alê Fotógrafo","A convenção reúne o time uma vez por ano. Veja como a cobertura fotográfica preserva a energia do encontro e sustenta a motivação nos meses seguintes.","Fotografia de convenção de vendas: registrar a energia que motiva o time o ano inteiro","","text/html; charset=utf-8","805","blog","","editorial","yes","yes","","124","","schema:,LocalBusiness,ProfessionalService,BlogPosting,BreadcrumbList; tel:+55-11-91355-0533; +5511913550533; 5511913550533; 11913550533"
"alefotografo.com.br","https://www.alefotografo.com.br/blog/luz-escritorio-fotos-internas-corporativas","/blog/luz-escritorio-fotos-internas-corporativas","200","","https://www.alefotografo.com.br/blog/luz-escritorio-fotos-internas-corporativas","Luz de Escritório: Por Que as Fotos Internas Falham","Escritório mistura luz de janela e lâmpada, gerando fotos escuras ou estouradas. Entenda o desafio técnico e como ele é resolvido em produção profissional.","Luz de escritório: por que suas fotos internas nunca ficam boas","","text/html; charset=utf-8","840","blog","","editorial","yes","yes","","122","","schema:,LocalBusiness,ProfessionalService,BlogPosting,BreadcrumbList; tel:+55-11-91355-0533; +5511913550533; 5511913550533; 11913550533"
"alefotografo.com.br","https://www.alefotografo.com.br/blog/fotografia-treinamentos-workshops-corporativos","/blog/fotografia-treinamentos-workshops-corporativos","200","","https://www.alefotografo.com.br/blog/fotografia-treinamentos-workshops-corporativos","Fotografia de Treinamentos e Workshops Alê Fotógrafo","Registrar capacitações prova o investimento em pessoas, aumenta a adesão aos próximos programas e alimenta o employer branding. Veja o que fotografar.","Fotografia de treinamentos e workshops: transformar capacitação em prova de investimento","","text/html; charset=utf-8","794","blog","","editorial","yes","yes","","122","","schema:,LocalBusiness,ProfessionalService,BlogPosting,BreadcrumbList; tel:+55-11-91355-0533; +5511913550533; 5511913550533; 11913550533"
"alefotografo.com.br","https://www.alefotografo.com.br/blog/fotografo-pontual-ou-parceiro-continuo","/blog/fotografo-pontual-ou-parceiro-continuo","200","","https://www.alefotografo.com.br/blog/fotografo-pontual-ou-parceiro-continuo","Fotógrafo Pontual ou Parceiro Contínuo? Alê Fotógrafo","Trocar de fotógrafo a cada projeto custa consistência e tempo. Veja o que muda quando o profissional já conhece a empresa, o time e os seus padrões.","Fotógrafo pontual ou parceiro contínuo: o que muda quando alguém conhece a sua empresa","","text/html; charset=utf-8","822","blog","","editorial","yes","yes","","122","","schema:,LocalBusiness,ProfessionalService,BlogPosting,BreadcrumbList; tel:+55-11-91355-0533; +5511913550533; 5511913550533; 11913550533"
"alefotografo.com.br","https://www.alefotografo.com.br/blog/fotografia-premiacoes-cerimonias-corporativas","/blog/fotografia-premiacoes-cerimonias-corporativas","200","","https://www.alefotografo.com.br/blog/fotografia-premiacoes-cerimonias-corporativas","Fotografia de Premiações e Cerimônias Alê Fotógrafo","Em premiação, o momento decisivo dura segundos e não se repete. Veja como a cobertura profissional garante as imagens que valorizam o reconhecimento.","Fotografia de premiações e cerimônias corporativas: capturar o momento que não se repete","","text/html; charset=utf-8","824","blog","","editorial","yes","yes","","122","","schema:,LocalBusiness,ProfessionalService,BlogPosting,BreadcrumbList; tel:+55-11-91355-0533; +5511913550533; 5511913550533; 11913550533"
"alefotografo.com.br","https://www.alefotografo.com.br/blog/rebranding-fotografia-nova-identidade","/blog/rebranding-fotografia-nova-identidade","200","","https://www.alefotografo.com.br/blog/rebranding-fotografia-nova-identidade","Rebranding e Fotografia: a Marca Nova Precisa de Fotos","Rebranding com imagem antiga não convence. Veja por que a fotografia precisa acompanhar a nova identidade para o reposicionamento realmente pegar.","Rebranding e fotografia: por que a nova marca não pega com as fotos antigas","","text/html; charset=utf-8","829","blog","","editorial","yes","yes","","121","","schema:,LocalBusiness,ProfessionalService,BlogPosting,BreadcrumbList; tel:+55-11-91355-0533; +5511913550533; 5511913550533; 11913550533"
"alefotografo.com.br","https://www.alefotografo.com.br/blog/tour-virtual-360-fotografia-imersiva","/blog/tour-virtual-360-fotografia-imersiva","200","","https://www.alefotografo.com.br/blog/tour-virtual-360-fotografia-imersiva","Tour Virtual 360 da Sua Estrutura Alê Fotógrafo","O tour 360 leva cliente e candidato à sua estrutura sem sair da mesa, encurtando o ciclo de decisão. Veja quando esse formato faz sentido de verdade.","Tour virtual 360: como levar o cliente até a sua estrutura sem ele sair da mesa","","text/html; charset=utf-8","842","blog","","editorial","yes","yes","","122","","schema:,LocalBusiness,ProfessionalService,BlogPosting,BreadcrumbList; tel:+55-11-91355-0533; +5511913550533; 5511913550533; 11913550533"
"alefotografo.com.br","https://www.alefotografo.com.br/blog/fotografia-acoes-sociais-esg-impacto","/blog/fotografia-acoes-sociais-esg-impacto","200","","https://www.alefotografo.com.br/blog/fotografia-acoes-sociais-esg-impacto","Fotografia de Ações Sociais e ESG Alê Fotógrafo","Ação social mal fotografada parece propaganda e gera desconfiança. Veja como registrar impacto real com dignidade, contexto e credibilidade.","Fotografia de ações sociais e ESG: mostrar impacto sem parecer propaganda","","text/html; charset=utf-8","790","blog","","editorial","yes","yes","","121","","schema:,LocalBusiness,ProfessionalService,BlogPosting,BreadcrumbList; tel:+55-11-91355-0533; +5511913550533; 5511913550533; 11913550533"
"alefotografo.com.br","https://www.alefotografo.com.br/blog/fotos-google-perfil-empresa-conversao","/blog/fotos-google-perfil-empresa-conversao","200","","https://www.alefotografo.com.br/blog/fotos-google-perfil-empresa-conversao","Fotos no Perfil da Empresa no Google Alê Fotógrafo","O Perfil da Empresa no Google é a primeira vitrine de quem busca você. Veja como fotos profissionais aumentam cliques, ligações e visitas ao local.","Fotos no Perfil da Empresa no Google: a vitrine que você não está controlando","","text/html; charset=utf-8","841","blog","","editorial","yes","yes","","121","","schema:,LocalBusiness,ProfessionalService,BlogPosting,BreadcrumbList; tel:+55-11-91355-0533; +5511913550533; 5511913550533; 11913550533"
"alefotografo.com.br","https://www.alefotografo.com.br/blog/fotografia-estande-feiras-eventos-setor","/blog/fotografia-estande-feiras-eventos-setor","200","","https://www.alefotografo.com.br/blog/fotografia-estande-feiras-eventos-setor","Fotografia de Estande em Feiras de Negócios Alê Fotógrafo","Estande custa caro e desaparece em três dias. Veja como o registro fotográfico transforma a feira em prova, relacionamento e material de prospecção.","Fotografia de estande em feiras: comprovar o investimento e alimentar o relacionamento","","text/html; charset=utf-8","805","blog","","editorial","yes","yes","","122","","schema:,LocalBusiness,ProfessionalService,BlogPosting,BreadcrumbList; tel:+55-11-91355-0533; +5511913550533; 5511913550533; 11913550533"
"alefotografo.com.br","https://www.alefotografo.com.br/blog/fotografia-embalagem-packaging-marca","/blog/fotografia-embalagem-packaging-marca","200","","https://www.alefotografo.com.br/blog/fotografia-embalagem-packaging-marca","Fotografia de Embalagem e Packaging Alê Fotógrafo","A foto profissional revela textura, acabamento e detalhe que justificam o investimento em embalagem. Veja o que muda na produção desse tipo de imagem.","Fotografia de embalagem: como não desperdiçar o investimento em packaging","","text/html; charset=utf-8","820","blog","","editorial","yes","yes","","122","","schema:,LocalBusiness,ProfessionalService,BlogPosting,BreadcrumbList; tel:+55-11-91355-0533; +5511913550533; 5511913550533; 11913550533"
"alefotografo.com.br","https://www.alefotografo.com.br/blog/enquadramento-multiplos-formatos-redes-sociais","/blog/enquadramento-multiplos-formatos-redes-sociais","200","","https://www.alefotografo.com.br/blog/enquadramento-multiplos-formatos-redes-sociais","Enquadramento para Vertical, Quadrado e Horizontal","Fotos produzidas sem pensar nos formatos ficam cortadas nas redes e no site. Veja como planejar o enquadramento para usar a mesma imagem em todo canal.","Enquadramento para múltiplos formatos: por que sua foto fica cortada nas redes","","text/html; charset=utf-8","835","blog","","editorial","yes","yes","","123","","schema:,LocalBusiness,ProfessionalService,BlogPosting,BreadcrumbList; tel:+55-11-91355-0533; +5511913550533; 5511913550533; 11913550533"
"alefotografo.com.br","https://www.alefotografo.com.br/blog/packshot-fundo-branco-ecommerce-b2b","/blog/packshot-fundo-branco-ecommerce-b2b","200","","https://www.alefotografo.com.br/blog/packshot-fundo-branco-ecommerce-b2b","Packshot em Fundo Branco para E-commerce B2B Alê Fotógrafo","O packshot padroniza o catálogo, transmite qualidade e aumenta a conversão no e-commerce B2B. Veja o que muda na produção desse padrão de imagem.","Packshot em fundo branco para e-commerce B2B: o padrão que vende no catálogo","","text/html; charset=utf-8","820","blog","","editorial","yes","yes","","122","","schema:,LocalBusiness,ProfessionalService,BlogPosting,BreadcrumbList; tel:+55-11-91355-0533; +5511913550533; 5511913550533; 11913550533"
"alefotografo.com.br","https://www.alefotografo.com.br/blog/cor-fotografia-corporativa-identidade-visual","/blog/cor-fotografia-corporativa-identidade-visual","200","","https://www.alefotografo.com.br/blog/cor-fotografia-corporativa-identidade-visual","Cor na Fotografia Corporativa e Identidade Visual","Cor inconsistente quebra a identidade da marca. Entenda como o tratamento de cor alinha fotografia e branding em site, impresso e redes sociais.","Cor na fotografia corporativa: por que suas imagens não parecem da sua marca","","text/html; charset=utf-8","821","blog","","editorial","yes","yes","","122","","schema:,LocalBusiness,ProfessionalService,BlogPosting,BreadcrumbList; tel:+55-11-91355-0533; +5511913550533; 5511913550533; 11913550533"
"alefotografo.com.br","https://www.alefotografo.com.br/blog/fotografia-palestrantes-speakers-corporativos","/blog/fotografia-palestrantes-speakers-corporativos","200","","https://www.alefotografo.com.br/blog/fotografia-palestrantes-speakers-corporativos","Fotografia para Palestrantes e Speakers Alê Fotógrafo","Organizadores contratam palestrante pela imagem. Veja quais fotos todo speaker precisa ter para transmitir autoridade e fechar mais convites.","Fotografia para palestrantes e speakers corporativos: as imagens que fecham convites","","text/html; charset=utf-8","831","blog","","editorial","yes","yes","","124","","schema:,LocalBusiness,ProfessionalService,BlogPosting,BreadcrumbList; tel:+55-11-91355-0533; +5511913550533; 5511913550533; 11913550533"
"alefotografo.com.br","https://www.alefotografo.com.br/blog/produto-evolui-imagem-desatualizada-catalogo","/blog/produto-evolui-imagem-desatualizada-catalogo","200","","https://www.alefotografo.com.br/blog/produto-evolui-imagem-desatualizada-catalogo","Catálogo Desatualizado: o Custo da Imagem Antiga","O produto evolui e a imagem fica para trás, gerando expectativa errada e retrabalho comercial. Veja como manter o acervo alinhado ao produto atual.","Quando o produto evolui e a imagem não: o custo de um catálogo desatualizado","","text/html; charset=utf-8","832","blog","","editorial","yes","yes","","121","","schema:,LocalBusiness,ProfessionalService,BlogPosting,BreadcrumbList; tel:+55-11-91355-0533; +5511913550533; 5511913550533; 11913550533"
"alefotografo.com.br","https://www.alefotografo.com.br/blog/fotografia-press-kit-assessoria-imprensa","/blog/fotografia-press-kit-assessoria-imprensa","200","","https://www.alefotografo.com.br/blog/fotografia-press-kit-assessoria-imprensa","Fotografia para Press Kit e Assessoria de Imprensa","Um press kit com imagens profissionais garante que a imprensa publique a sua empresa bem. Veja o que todo kit de imprensa precisa ter pronto.","Fotografia para press kit: esteja pronto quando a imprensa ligar","","text/html; charset=utf-8","840","blog","","editorial","yes","yes","","124","","schema:,LocalBusiness,ProfessionalService,BlogPosting,BreadcrumbList; tel:+55-11-91355-0533; +5511913550533; 5511913550533; 11913550533"
"alefotografo.com.br","https://www.alefotografo.com.br/blog/apresentacao-comercial-imagem-material-vendas","/blog/apresentacao-comercial-imagem-material-vendas","200","","https://www.alefotografo.com.br/blog/apresentacao-comercial-imagem-material-vendas","Apresentação Comercial: o Papel da Imagem Alê Fotógrafo","Apresentação visualmente pobre enfraquece o discurso comercial. Veja como imagens próprias fortalecem a proposta e aumentam a confiança do cliente.","Apresentação comercial que não constrange: o papel da imagem no material de vendas","","text/html; charset=utf-8","817","blog","","editorial","yes","yes","","121","","schema:,LocalBusiness,ProfessionalService,BlogPosting,BreadcrumbList; tel:+55-11-91355-0533; +5511913550533; 5511913550533; 11913550533"
"alefotografo.com.br","https://www.alefotografo.com.br/blog/retrato-executivo-lideranca-feminina","/blog/retrato-executivo-lideranca-feminina","200","","https://www.alefotografo.com.br/blog/retrato-executivo-lideranca-feminina","Retrato Executivo de Liderança Feminina Alê Fotógrafo","Retrato de executiva exige direção que transmita autoridade e naturalidade, longe de estereótipo. Veja o que faz um retrato de liderança funcionar.","Retrato executivo de liderança feminina: autoridade sem estereótipo","","text/html; charset=utf-8","805","blog","","editorial","yes","yes","","124","","schema:,LocalBusiness,ProfessionalService,BlogPosting,BreadcrumbList; tel:+55-11-91355-0533; +5511913550533; 5511913550533; 11913550533"
"alefotografo.com.br","https://www.alefotografo.com.br/blog/vagas-poucos-candidatos-qualificados-imagem","/blog/vagas-poucos-candidatos-qualificados-imagem","200","","https://www.alefotografo.com.br/blog/vagas-poucos-candidatos-qualificados-imagem","Por Que Suas Vagas Atraem Poucos Candidatos Alê Fotógrafo","Vaga sem material visual compete em desvantagem por talento qualificado. Veja como a imagem própria aumenta a atratividade das suas oportunidades.","Por que suas vagas atraem poucos candidatos qualificados (e o que a imagem tem a ver)","","text/html; charset=utf-8","834","blog","","editorial","yes","yes","","122","","schema:,LocalBusiness,ProfessionalService,BlogPosting,BreadcrumbList; tel:+55-11-91355-0533; +5511913550533; 5511913550533; 11913550533"
"alefotografo.com.br","https://www.alefotografo.com.br/blog/fotografia-conselho-administracao-board","/blog/fotografia-conselho-administracao-board","200","","https://www.alefotografo.com.br/blog/fotografia-conselho-administracao-board","Fotografia do Conselho de Administração Alê Fotógrafo","Retratos padronizados do conselho reforçam a percepção de governança e solidez para investidores e stakeholders. Veja como produzir esse material.","Fotografia do conselho de administração: a imagem da governança da sua empresa","","text/html; charset=utf-8","823","blog","","editorial","yes","yes","","122","","schema:,LocalBusiness,ProfessionalService,BlogPosting,BreadcrumbList; tel:+55-11-91355-0533; +5511913550533; 5511913550533; 11913550533"
"alefotografo.com.br","https://www.alefotografo.com.br/blog/gargalo-marketing-falta-de-imagem-propria","/blog/gargalo-marketing-falta-de-imagem-propria","200","","https://www.alefotografo.com.br/blog/gargalo-marketing-falta-de-imagem-propria","Quando a Campanha Para por Falta de Imagem Alê Fotógrafo","Time de marketing perde velocidade sem imagem própria. Veja como um acervo planejado destrava campanhas e reduz a dependência de banco de imagens.","O gargalo silencioso do marketing: quando a campanha para por falta de imagem","","text/html; charset=utf-8","832","blog","","editorial","yes","yes","","123","","schema:,LocalBusiness,ProfessionalService,BlogPosting,BreadcrumbList; tel:+55-11-91355-0533; +5511913550533; 5511913550533; 11913550533"
"alefotografo.com.br","https://www.alefotografo.com.br/blog/fotografia-coworking-espacos-compartilhados","/blog/fotografia-coworking-espacos-compartilhados","200","","https://www.alefotografo.com.br/blog/fotografia-coworking-espacos-compartilhados","Fotografia para Coworking e Espaços Compartilhados","Quem escolhe um coworking compra ambiente e pertencimento. Veja como a fotografia transmite o clima do espaço e aumenta visitas e contratos.","Fotografia para coworkings e espaços compartilhados: vender o clima, não os metros quadrados","","text/html; charset=utf-8","841","blog","","editorial","yes","yes","","122","","schema:,LocalBusiness,ProfessionalService,BlogPosting,BreadcrumbList; tel:+55-11-91355-0533; +5511913550533; 5511913550533; 11913550533"
"alefotografo.com.br","https://www.alefotografo.com.br/blog/imagem-do-ceo-ativo-da-empresa","/blog/imagem-do-ceo-ativo-da-empresa","200","","https://www.alefotografo.com.br/blog/imagem-do-ceo-ativo-da-empresa","A Imagem do CEO como Ativo da Empresa Alê Fotógrafo","A imagem pública do líder influencia parcerias, convites e captação. Veja por que o posicionamento visual do CEO é decisão estratégica, não vaidade.","A imagem do CEO como ativo da empresa: quando o líder abre portas que o comercial não abre","","text/html; charset=utf-8","823","blog","","editorial","yes","yes","","123","","schema:,LocalBusiness,ProfessionalService,BlogPosting,BreadcrumbList; tel:+55-11-91355-0533; +5511913550533; 5511913550533; 11913550533"
"alefotografo.com.br","https://www.alefotografo.com.br/blog/fotografia-franquias-padronizacao-imagem","/blog/fotografia-franquias-padronizacao-imagem","200","","https://www.alefotografo.com.br/blog/fotografia-franquias-padronizacao-imagem","Fotografia para Franquias: Padronizar a Rede Alê Fotógrafo","Cada unidade produzindo seu próprio material descaracteriza a marca. Veja como um padrão fotográfico protege a identidade em toda a rede de franquias.","Fotografia para franquias: como manter a marca igual em todas as unidades","","text/html; charset=utf-8","829","blog","","editorial","yes","yes","","123","","schema:,LocalBusiness,ProfessionalService,BlogPosting,BreadcrumbList; tel:+55-11-91355-0533; +5511913550533; 5511913550533; 11913550533"
"alefotografo.com.br","https://www.alefotografo.com.br/blog/fotografia-casos-de-sucesso-depoimentos","/blog/fotografia-casos-de-sucesso-depoimentos","200","","https://www.alefotografo.com.br/blog/fotografia-casos-de-sucesso-depoimentos","Fotografia para Casos de Sucesso e Depoimentos","Depoimento só em texto convence pouco. Veja como a fotografia de clientes reais transforma prova social em argumento de venda concreto e confiável.","Fotografia para casos de sucesso e depoimentos: dar rosto à sua prova social","","text/html; charset=utf-8","829","blog","","editorial","yes","yes","","124","","schema:,LocalBusiness,ProfessionalService,BlogPosting,BreadcrumbList; tel:+55-11-91355-0533; +5511913550533; 5511913550533; 11913550533"
"alefotografo.com.br","https://www.alefotografo.com.br/blog/fotografia-cooperativas-associacoes","/blog/fotografia-cooperativas-associacoes","200","","https://www.alefotografo.com.br/blog/fotografia-cooperativas-associacoes","Fotografia para Cooperativas e Associações Alê Fotógrafo","Cooperativa se sustenta em pertencimento. A fotografia mostra cooperados e impacto real, fortalecendo o vínculo e a comunicação institucional.","Fotografia para cooperativas e associações: mostrar as pessoas por trás do propósito","","text/html; charset=utf-8","793","blog","","editorial","yes","yes","","125","","schema:,LocalBusiness,ProfessionalService,BlogPosting,BreadcrumbList; tel:+55-11-91355-0533; +5511913550533; 5511913550533; 11913550533"
"alefotografo.com.br","https://www.alefotografo.com.br/blog/fotografo-corporativo-especializacao-importa","/blog/fotografo-corporativo-especializacao-importa","200","","https://www.alefotografo.com.br/blog/fotografo-corporativo-especializacao-importa","Por Que a Especialização do Fotógrafo Importa","Fotografia corporativa exige repertório próprio: ambiente difícil, agenda apertada e sensibilidade empresarial. Entenda por que especialização importa.","Fotógrafo de casamento não é fotógrafo corporativo: por que a especialização importa","","text/html; charset=utf-8","816","blog","","editorial","yes","yes","","123","","schema:,LocalBusiness,ProfessionalService,BlogPosting,BreadcrumbList; tel:+55-11-91355-0533; +5511913550533; 5511913550533; 11913550533"
"alefotografo.com.br","https://www.alefotografo.com.br/blog/fotografia-concessionarias-setor-automotivo","/blog/fotografia-concessionarias-setor-automotivo","200","","https://www.alefotografo.com.br/blog/fotografia-concessionarias-setor-automotivo","Fotografia para Concessionárias e Setor Automotivo","A foto profissional aumenta o valor percebido do veículo e acelera a venda. Veja o que muda entre a foto de pátio e a imagem feita com produção.","Fotografia para concessionárias e setor automotivo: valorizar o produto que já está no pátio","","text/html; charset=utf-8","835","blog","","editorial","yes","yes","","122","","schema:,LocalBusiness,ProfessionalService,BlogPosting,BreadcrumbList; tel:+55-11-91355-0533; +5511913550533; 5511913550533; 11913550533"
"alefotografo.com.br","https://www.alefotografo.com.br/blog/custo-real-contratar-fotografia-menor-preco","/blog/custo-real-contratar-fotografia-menor-preco","200","","https://www.alefotografo.com.br/blog/custo-real-contratar-fotografia-menor-preco","O Custo Real de Contratar Fotografia Barata Alê Fotógrafo","Contratar pelo menor preço costuma gerar retrabalho, atraso e material inutilizável. Entenda o custo total de uma produção fotográfica malsucedida.","Por que refazer sai mais caro: o custo real de contratar fotografia pelo menor preço","","text/html; charset=utf-8","822","blog","","editorial","yes","yes","","122","","schema:,LocalBusiness,ProfessionalService,BlogPosting,BreadcrumbList; tel:+55-11-91355-0533; +5511913550533; 5511913550533; 11913550533"
"alefotografo.com.br","https://www.alefotografo.com.br/blog/fotografia-laboratorios-industria-farmaceutica","/blog/fotografia-laboratorios-industria-farmaceutica","200","","https://www.alefotografo.com.br/blog/fotografia-laboratorios-industria-farmaceutica","Fotografia para Laboratórios e Farmacêutica Alê Fotógrafo","Imagem profissional em laboratório comunica rigor, controle de qualidade e confiança. Veja como registrar ambientes controlados sem quebrar protocolo.","Fotografia para laboratórios e indústria farmacêutica: rigor técnico que transmite confiança","","text/html; charset=utf-8","799","blog","","editorial","yes","yes","","124","","schema:,LocalBusiness,ProfessionalService,BlogPosting,BreadcrumbList; tel:+55-11-91355-0533; +5511913550533; 5511913550533; 11913550533"
"alefotografo.com.br","https://www.alefotografo.com.br/blog/com-que-frequencia-atualizar-fotos-da-empresa","/blog/com-que-frequencia-atualizar-fotos-da-empresa","200","","https://www.alefotografo.com.br/blog/com-que-frequencia-atualizar-fotos-da-empresa","Com Que Frequência Atualizar as Fotos da Empresa","Foto desatualizada gera ruído e prejudica a credibilidade. Veja os sinais objetivos de que chegou a hora de renovar o acervo visual da sua empresa.","Com que frequência atualizar as fotos da empresa? Os sinais de que já passou da hora","","text/html; charset=utf-8","835","blog","","editorial","yes","yes","","121","","schema:,LocalBusiness,ProfessionalService,BlogPosting,BreadcrumbList; tel:+55-11-91355-0533; +5511913550533; 5511913550533; 11913550533"
"alefotografo.com.br","https://www.alefotografo.com.br/blog/fotografia-varejo-redes-de-lojas","/blog/fotografia-varejo-redes-de-lojas","200","","https://www.alefotografo.com.br/blog/fotografia-varejo-redes-de-lojas","Fotografia para Varejo e Redes de Lojas Alê Fotógrafo","Rede de lojas precisa de imagem padronizada em todos os pontos. Veja como a fotografia profissional fortalece a marca no varejo e nas campanhas.","Fotografia para varejo e redes de lojas: padronizar a imagem de todos os pontos","","text/html; charset=utf-8","832","blog","","editorial","yes","yes","","123","","schema:,LocalBusiness,ProfessionalService,BlogPosting,BreadcrumbList; tel:+55-11-91355-0533; +5511913550533; 5511913550533; 11913550533"
"alefotografo.com.br","https://www.alefotografo.com.br/blog/fotografia-despesa-ou-investimento-orcamento","/blog/fotografia-despesa-ou-investimento-orcamento","200","","https://www.alefotografo.com.br/blog/fotografia-despesa-ou-investimento-orcamento","Fotografia é Despesa ou Investimento? Alê Fotógrafo","Fotografia costuma ser tratada como despesa e cortada primeiro. Veja como apresentar a imagem como ativo com vida útil longa e defender o orçamento.","Fotografia é despesa ou investimento? Como justificar o orçamento para a diretoria","","text/html; charset=utf-8","821","blog","","editorial","yes","yes","","124","","schema:,LocalBusiness,ProfessionalService,BlogPosting,BreadcrumbList; tel:+55-11-91355-0533; +5511913550533; 5511913550533; 11913550533"
"alefotografo.com.br","https://www.alefotografo.com.br/blog/fotografia-instituicoes-ensino-educacao-corporativa","/blog/fotografia-instituicoes-ensino-educacao-corporativa","200","","https://www.alefotografo.com.br/blog/fotografia-instituicoes-ensino-educacao-corporativa","Fotografia para Instituições de Ensino Alê Fotógrafo","Mostrar a experiência de aprendizado, e não só o prédio, atrai alunos e participantes. Veja o que registrar em escolas e educação corporativa.","Fotografia para instituições de ensino e educação corporativa: mostrar a experiência, não o prédio","","text/html; charset=utf-8","818","blog","","editorial","yes","yes","","124","","schema:,LocalBusiness,ProfessionalService,BlogPosting,BreadcrumbList; tel:+55-11-91355-0533; +5511913550533; 5511913550533; 11913550533"
"alefotografo.com.br","https://www.alefotografo.com.br/blog/representatividade-imagens-corporativas","/blog/representatividade-imagens-corporativas","200","","https://www.alefotografo.com.br/blog/representatividade-imagens-corporativas","Representatividade nas Imagens Corporativas Alê Fotógrafo","Falar de diversidade e usar imagem que não representa ninguém gera incoerência. Veja como construir um acervo visual coerente com o time real.","Representatividade nas imagens corporativas: coerência entre discurso e o que se vê","","text/html; charset=utf-8","839","blog","","editorial","yes","yes","","123","","schema:,LocalBusiness,ProfessionalService,BlogPosting,BreadcrumbList; tel:+55-11-91355-0533; +5511913550533; 5511913550533; 11913550533"
"alefotografo.com.br","https://www.alefotografo.com.br/blog/fotografia-energia-infraestrutura-usinas","/blog/fotografia-energia-infraestrutura-usinas","200","","https://www.alefotografo.com.br/blog/fotografia-energia-infraestrutura-usinas","Fotografia para Energia e Infraestrutura Alê Fotógrafo","Usinas, subestações e grandes ativos exigem imagem à altura. Veja como registrar magnitude e rigor técnico para clientes, órgãos e investidores.","Fotografia para energia e infraestrutura: registrar a magnitude de uma operação técnica","","text/html; charset=utf-8","807","blog","","editorial","yes","yes","","125","","schema:,LocalBusiness,ProfessionalService,BlogPosting,BreadcrumbList; tel:+55-11-91355-0533; +5511913550533; 5511913550533; 11913550533"
"alefotografo.com.br","https://www.alefotografo.com.br/blog/storytelling-visual-fotografia-corporativa","/blog/storytelling-visual-fotografia-corporativa","200","","https://www.alefotografo.com.br/blog/storytelling-visual-fotografia-corporativa","Storytelling Visual na Fotografia Corporativa","Foto isolada informa; sequência conta história. Veja como estruturar uma narrativa visual que faz a marca ser lembrada e não apenas vista.","Storytelling visual: como uma sequência de imagens conta a história da sua empresa","","text/html; charset=utf-8","832","blog","","editorial","yes","yes","","123","","schema:,LocalBusiness,ProfessionalService,BlogPosting,BreadcrumbList; tel:+55-11-91355-0533; +5511913550533; 5511913550533; 11913550533"
"alefotografo.com.br","https://www.alefotografo.com.br/blog/fotografia-agronegocio-corporativo","/blog/fotografia-agronegocio-corporativo","200","","https://www.alefotografo.com.br/blog/fotografia-agronegocio-corporativo","Fotografia para o Agronegócio Corporativo Alê Fotógrafo","O agro moderno é tecnologia e escala, mas costuma ser comunicado com imagem genérica. Veja como traduzir essa operação em fotografia própria.","Fotografia para o agronegócio corporativo: escala, tecnologia e gente no campo","","text/html; charset=utf-8","824","blog","","editorial","yes","yes","","123","","schema:,LocalBusiness,ProfessionalService,BlogPosting,BreadcrumbList; tel:+55-11-91355-0533; +5511913550533; 5511913550533; 11913550533"
"alefotografo.com.br","https://www.alefotografo.com.br/blog/seo-de-imagens-fotos-site-corporativo","/blog/seo-de-imagens-fotos-site-corporativo","200","","https://www.alefotografo.com.br/blog/seo-de-imagens-fotos-site-corporativo","SEO de Imagens: Fotos que Ajudam o Site a Ranquear","Imagem mal otimizada derruba a velocidade e o SEO do site. Veja como preparar fotos corporativas para performance, acessibilidade e busca por imagem.","SEO de imagens: como as fotos do seu site afetam ranqueamento e conversão","","text/html; charset=utf-8","823","blog","","editorial","yes","yes","","123","","schema:,LocalBusiness,ProfessionalService,BlogPosting,BreadcrumbList; tel:+55-11-91355-0533; +5511913550533; 5511913550533; 11913550533"
"alefotografo.com.br","https://www.alefotografo.com.br/blog/fotografia-logistica-centros-distribuicao","/blog/fotografia-logistica-centros-distribuicao","200","","https://www.alefotografo.com.br/blog/fotografia-logistica-centros-distribuicao","Fotografia para Logística e Centros de Distribuição","No B2B logístico, o cliente precisa ver a estrutura antes de confiar volume. Veja como fotografar CD e frota para fortalecer propostas comerciais.","Fotografia para logística e centros de distribuição: mostre a estrutura que ganha o contrato","","text/html; charset=utf-8","815","blog","","editorial","yes","yes","","123","","schema:,LocalBusiness,ProfessionalService,BlogPosting,BreadcrumbList; tel:+55-11-91355-0533; +5511913550533; 5511913550533; 11913550533"
"alefotografo.com.br","https://www.alefotografo.com.br/blog/calendario-producao-fotografica-anual","/blog/calendario-producao-fotografica-anual","200","","https://www.alefotografo.com.br/blog/calendario-producao-fotografica-anual","Calendário de Produção Fotográfica Anual Alê Fotógrafo","Planejar as imagens ao longo do ano acaba com o improviso e alinha o material às campanhas. Veja como montar o seu calendário de produção.","Calendário de produção fotográfica: pare de improvisar imagem em cima da hora","","text/html; charset=utf-8","839","blog","","editorial","yes","yes","","121","","schema:,LocalBusiness,ProfessionalService,BlogPosting,BreadcrumbList; tel:+55-11-91355-0533; +5511913550533; 5511913550533; 11913550533"
"alefotografo.com.br","https://www.alefotografo.com.br/blog/fotografia-construtoras-canteiro-de-obras","/blog/fotografia-construtoras-canteiro-de-obras","200","","https://www.alefotografo.com.br/blog/fotografia-construtoras-canteiro-de-obras","Fotografia para Construtoras e Canteiros de Obra","A imagem de obra prova capacidade de execução a clientes, investidores e parceiros. Veja como registrar canteiro e entrega com força comercial.","Fotografia para construtoras e canteiros de obra: transformar execução em argumento de venda","","text/html; charset=utf-8","825","blog","","editorial","yes","yes","","123","","schema:,LocalBusiness,ProfessionalService,BlogPosting,BreadcrumbList; tel:+55-11-91355-0533; +5511913550533; 5511913550533; 11913550533"
"alefotografo.com.br","https://www.alefotografo.com.br/blog/organizacao-acervo-fotografico-corporativo","/blog/organizacao-acervo-fotografico-corporativo","200","","https://www.alefotografo.com.br/blog/organizacao-acervo-fotografico-corporativo","Organização de Acervo Fotográfico Corporativo","Empresa perde imagem que já pagou por falta de organização. Veja como estruturar um acervo fotográfico acessível e realmente útil para o time.","Organização de acervo fotográfico: pare de perder as imagens que você já pagou","","text/html; charset=utf-8","841","blog","","editorial","yes","yes","","121","","schema:,LocalBusiness,ProfessionalService,BlogPosting,BreadcrumbList; tel:+55-11-91355-0533; +5511913550533; 5511913550533; 11913550533"
"alefotografo.com.br","https://www.alefotografo.com.br/blog/fotografia-bancos-fintechs-instituicoes-financeiras","/blog/fotografia-bancos-fintechs-instituicoes-financeiras","200","","https://www.alefotografo.com.br/blog/fotografia-bancos-fintechs-instituicoes-financeiras","Fotografia para Bancos, Fintechs e Gestoras Alê Fotógrafo","No setor financeiro, imagem comunica segurança. Veja como a fotografia profissional transmite solidez e proximidade em bancos, fintechs e gestoras.","Fotografia para bancos, fintechs e instituições financeiras: a imagem da confiança","","text/html; charset=utf-8","822","blog","","editorial","yes","yes","","125","","schema:,LocalBusiness,ProfessionalService,BlogPosting,BreadcrumbList; tel:+55-11-91355-0533; +5511913550533; 5511913550533; 11913550533"
"alefotografo.com.br","https://www.alefotografo.com.br/blog/selecao-aprovacao-fotos-corporativas","/blog/selecao-aprovacao-fotos-corporativas","200","","https://www.alefotografo.com.br/blog/selecao-aprovacao-fotos-corporativas","Seleção e Aprovação de Fotos Corporativas Alê Fotógrafo","A etapa de seleção costuma travar projetos. Veja como organizar a aprovação interna e escolher as imagens com critério, agilidade e menos reunião.","Seleção e aprovação de fotos: como não travar o projeto na hora de escolher","","text/html; charset=utf-8","847","blog","","editorial","yes","yes","","122","","schema:,LocalBusiness,ProfessionalService,BlogPosting,BreadcrumbList; tel:+55-11-91355-0533; +5511913550533; 5511913550533; 11913550533"
"alefotografo.com.br","https://www.alefotografo.com.br/blog/fotografia-startups-empresas-tecnologia","/blog/fotografia-startups-empresas-tecnologia","200","","https://www.alefotografo.com.br/blog/fotografia-startups-empresas-tecnologia","Fotografia para Startups e Empresas de Tecnologia","Startup com imagem própria atrai talento e investidor com mais facilidade. Veja o acervo essencial para empresas de tecnologia em crescimento.","Fotografia para startups e empresas de tecnologia: imagem à altura do que você está construindo","","text/html; charset=utf-8","853","blog","","editorial","yes","yes","","123","","schema:,LocalBusiness,ProfessionalService,BlogPosting,BreadcrumbList; tel:+55-11-91355-0533; +5511913550533; 5511913550533; 11913550533"
"alefotografo.com.br","https://www.alefotografo.com.br/blog/como-equipe-relaxar-frente-camera","/blog/como-equipe-relaxar-frente-camera","200","","https://www.alefotografo.com.br/blog/como-equipe-relaxar-frente-camera","Como Fazer Sua Equipe Relaxar na Frente da Câmera","Expressão dura em foto corporativa é problema de direção, não de quem é fotografado. Veja o que faz uma equipe parecer natural diante da câmera.","Como fazer sua equipe relaxar na frente da câmera (e por que isso é trabalho do fotógrafo)","","text/html; charset=utf-8","856","blog","","editorial","yes","yes","","122","","schema:,LocalBusiness,ProfessionalService,BlogPosting,BreadcrumbList; tel:+55-11-91355-0533; +5511913550533; 5511913550533; 11913550533"
"alefotografo.com.br","https://www.alefotografo.com.br/blog/fotografia-consultorias-auditorias","/blog/fotografia-consultorias-auditorias","200","","https://www.alefotografo.com.br/blog/fotografia-consultorias-auditorias","Fotografia para Consultorias e Auditorias Alê Fotógrafo","Consultoria vende conhecimento, algo invisível. A fotografia dá forma visual à competência e ao método, aumentando a confiança do cliente na proposta.","Fotografia para consultorias e auditorias: como dar forma visual a um serviço intangível","","text/html; charset=utf-8","825","blog","","editorial","yes","yes","","124","","schema:,LocalBusiness,ProfessionalService,BlogPosting,BreadcrumbList; tel:+55-11-91355-0533; +5511913550533; 5511913550533; 11913550533"
"alefotografo.com.br","https://www.alefotografo.com.br/blog/como-preparar-empresa-sessao-fotos-corporativa","/blog/como-preparar-empresa-sessao-fotos-corporativa","200","","https://www.alefotografo.com.br/blog/como-preparar-empresa-sessao-fotos-corporativa","Como Preparar a Empresa para a Sessão de Fotos","A preparação define o resultado do ensaio corporativo. Veja o checklist do que organizar antes do fotógrafo chegar e aproveitar cada minuto do dia.","Como preparar sua empresa para uma sessão de fotos corporativa","","text/html; charset=utf-8","824","blog","","editorial","yes","yes","","124","","schema:,LocalBusiness,ProfessionalService,BlogPosting,BreadcrumbList; tel:+55-11-91355-0533; +5511913550533; 5511913550533; 11913550533"
"alefotografo.com.br","https://www.alefotografo.com.br/blog/fotografia-escritorios-advocacia","/blog/fotografia-escritorios-advocacia","200","","https://www.alefotografo.com.br/blog/fotografia-escritorios-advocacia","Fotografia para Escritórios de Advocacia Alê Fotógrafo","Escritório com fotografia profissional transmite solidez antes da primeira reunião. Veja o que registrar em sócios, equipe e ambiente do escritório.","Fotografia para escritórios de advocacia: credibilidade que se vê antes da primeira reunião","","text/html; charset=utf-8","841","blog","","editorial","yes","yes","","125","","schema:,LocalBusiness,ProfessionalService,BlogPosting,BreadcrumbList; tel:+55-11-91355-0533; +5511913550533; 5511913550533; 11913550533"
"alefotografo.com.br","https://www.alefotografo.com.br/blog/fotografo-interno-ou-profissional-contratado","/blog/fotografo-interno-ou-profissional-contratado","200","","https://www.alefotografo.com.br/blog/fotografo-interno-ou-profissional-contratado","Fotógrafo Interno ou Profissional Contratado?","Alguém do time fotografando ajuda no dia a dia, mas não substitui produção profissional em material estratégico. Veja onde traçar essa linha.","Fotógrafo interno ou profissional contratado: quando cada opção faz sentido","","text/html; charset=utf-8","835","blog","","editorial","yes","yes","","123","","schema:,LocalBusiness,ProfessionalService,BlogPosting,BreadcrumbList; tel:+55-11-91355-0533; +5511913550533; 5511913550533; 11913550533"
"alefotografo.com.br","https://www.alefotografo.com.br/blog/guia-estilo-visual-consistencia-imagem-empresa","/blog/guia-estilo-visual-consistencia-imagem-empresa","200","","https://www.alefotografo.com.br/blog/guia-estilo-visual-consistencia-imagem-empresa","Guia de Estilo Visual para as Fotos da Empresa","Luz, cor, enquadramento e tom padronizados dão consistência à marca em todos os canais. Veja como construir o guia de estilo visual da sua empresa.","Guia de estilo visual: como manter consistência de imagem em toda a empresa","","text/html; charset=utf-8","879","blog","","editorial","yes","yes","","122","","schema:,LocalBusiness,ProfessionalService,BlogPosting,BreadcrumbList; tel:+55-11-91355-0533; +5511913550533; 5511913550533; 11913550533"
"alefotografo.com.br","https://www.alefotografo.com.br/blog/como-comparar-orcamentos-fotografia-corporativa","/blog/como-comparar-orcamentos-fotografia-corporativa","200","","https://www.alefotografo.com.br/blog/como-comparar-orcamentos-fotografia-corporativa","Como Comparar Orçamentos de Fotografia Alê Fotógrafo","Orçamentos de fotografia variam muito e nem sempre comparam a mesma coisa. Veja os critérios que revelam o que está realmente incluso em cada proposta.","Como comparar orçamentos de fotografia corporativa sem errar na escolha","","text/html; charset=utf-8","851","blog","","editorial","yes","yes","","121","","schema:,LocalBusiness,ProfessionalService,BlogPosting,BreadcrumbList; tel:+55-11-91355-0533; +5511913550533; 5511913550533; 11913550533"
"alefotografo.com.br","https://www.alefotografo.com.br/blog/direitos-uso-licenca-imagem-corporativa","/blog/direitos-uso-licenca-imagem-corporativa","200","","https://www.alefotografo.com.br/blog/direitos-uso-licenca-imagem-corporativa","Direitos de Uso e Licença de Imagem Corporativa","Entender licença de uso e autorização de imagem evita problema jurídico com as fotos da empresa. Veja o que todo gestor precisa saber antes de publicar.","Direitos de uso e licença de imagem corporativa: o que todo gestor precisa saber","","text/html; charset=utf-8","891","blog","","editorial","yes","yes","","123","","schema:,LocalBusiness,ProfessionalService,BlogPosting,BreadcrumbList; tel:+55-11-91355-0533; +5511913550533; 5511913550533; 11913550533"
"alefotografo.com.br","https://www.alefotografo.com.br/blog/retrato-ambientado-executivo-contexto","/blog/retrato-ambientado-executivo-contexto","200","","https://www.alefotografo.com.br/blog/retrato-ambientado-executivo-contexto","Retrato Ambientado: o Executivo no Contexto Real","O retrato ambientado mostra o executivo no ambiente de trabalho e conta o que o fundo neutro não conta. Veja quando usar cada um dos dois formatos.","Retrato ambientado: o retrato executivo que conta o que você faz","","text/html; charset=utf-8","803","blog","","editorial","yes","yes","","123","","schema:,LocalBusiness,ProfessionalService,BlogPosting,BreadcrumbList; tel:+55-11-91355-0533; +5511913550533; 5511913550533; 11913550533"
"alefotografo.com.br","https://www.alefotografo.com.br/blog/pos-producao-retoque-profissional-nao-e-filtro","/blog/pos-producao-retoque-profissional-nao-e-filtro","200","","https://www.alefotografo.com.br/blog/pos-producao-retoque-profissional-nao-e-filtro","Pós-Produção: Por Que Filtro Não é Tratamento","Filtro automático não substitui tratamento profissional, que é o que dá acabamento de marca à foto corporativa. Entenda a diferença na prática.","Pós-produção e retoque profissional: por que filtro não é tratamento de imagem","","text/html; charset=utf-8","856","blog","","editorial","yes","yes","","124","","schema:,LocalBusiness,ProfessionalService,BlogPosting,BreadcrumbList; tel:+55-11-91355-0533; +5511913550533; 5511913550533; 11913550533"
"alefotografo.com.br","https://www.alefotografo.com.br/blog/fotografia-bastidores-behind-the-scenes-redes","/blog/fotografia-bastidores-behind-the-scenes-redes","200","","https://www.alefotografo.com.br/blog/fotografia-bastidores-behind-the-scenes-redes","Fotografia de Bastidores para as Redes Sociais","O conteúdo de bastidores mostra o lado humano da empresa, gera engajamento e aproxima o público. Veja por que esse material funciona tão bem.","Fotografia de bastidores: o conteúdo &#x27;behind the scenes&#x27; que humaniza a marca nas redes","","text/html; charset=utf-8","867","blog","","editorial","yes","yes","","124","","schema:,LocalBusiness,ProfessionalService,BlogPosting,BreadcrumbList; tel:+55-11-91355-0533; +5511913550533; 5511913550533; 11913550533"
"alefotografo.com.br","https://www.alefotografo.com.br/blog/fotografia-fachada-arquitetura-sede-corporativa","/blog/fotografia-fachada-arquitetura-sede-corporativa","200","","https://www.alefotografo.com.br/blog/fotografia-fachada-arquitetura-sede-corporativa","Fotografia de Fachada e Arquitetura Corporativa","A imagem da fachada e dos espaços transmite solidez e cuidado, valorizando a marca no site, nos materiais e na recepção de clientes. Veja como produzir.","Fotografia de fachada e arquitetura corporativa: a primeira impressão do seu espaço","","text/html; charset=utf-8","866","blog","","editorial","yes","yes","","124","","schema:,LocalBusiness,ProfessionalService,BlogPosting,BreadcrumbList; tel:+55-11-91355-0533; +5511913550533; 5511913550533; 11913550533"
"alefotografo.com.br","https://www.alefotografo.com.br/blog/fotografia-relatorio-anual-materiais-institucionais","/blog/fotografia-relatorio-anual-materiais-institucionais","200","","https://www.alefotografo.com.br/blog/fotografia-relatorio-anual-materiais-institucionais","Fotografia para Relatório Anual e Institucionais","Fotografia profissional dá nível ao relatório anual e transmite a solidez da empresa a investidores e parceiros. Veja o que produzir para esse material.","Fotografia para relatório anual e materiais institucionais: imagem à altura da empresa","","text/html; charset=utf-8","827","blog","","editorial","yes","yes","","123","","schema:,LocalBusiness,ProfessionalService,BlogPosting,BreadcrumbList; tel:+55-11-91355-0533; +5511913550533; 5511913550533; 11913550533"
"alefotografo.com.br","https://www.alefotografo.com.br/blog/fotografia-equipe-comercial-confianca-proposta","/blog/fotografia-equipe-comercial-confianca-proposta","200","","https://www.alefotografo.com.br/blog/fotografia-equipe-comercial-confianca-proposta","Fotografia da Equipe Comercial na Proposta Alê Fotógrafo","Mostrar o rosto da equipe na proposta reduz o risco percebido e aumenta a confiança no fechamento. Veja por que a foto certa faz diferença na venda.","Fotografia da equipe comercial: o detalhe que aumenta a confiança na proposta","","text/html; charset=utf-8","844","blog","","editorial","yes","yes","","123","","schema:,LocalBusiness,ProfessionalService,BlogPosting,BreadcrumbList; tel:+55-11-91355-0533; +5511913550533; 5511913550533; 11913550533"
"alefotografo.com.br","https://www.alefotografo.com.br/blog/headshots-equipe-escala-50-colaboradores-um-dia","/blog/headshots-equipe-escala-50-colaboradores-um-dia","200","","https://www.alefotografo.com.br/blog/headshots-equipe-escala-50-colaboradores-um-dia","Headshots de Equipe: 50+ Pessoas em Um Dia Alê Fotógrafo","É possível padronizar headshots de 50 ou mais colaboradores em um único dia, com a mesma luz e estética, sem travar a operação. Veja como funciona.","Headshots de equipe em escala: como padronizar 50+ colaboradores em um único dia","","text/html; charset=utf-8","863","blog","","editorial","yes","yes","","124","","schema:,LocalBusiness,ProfessionalService,BlogPosting,BreadcrumbList; tel:+55-11-91355-0533; +5511913550533; 5511913550533; 11913550533"
"alefotografo.com.br","https://www.alefotografo.com.br/blog/fotografia-pitch-deck-apresentacoes-investidores","/blog/fotografia-pitch-deck-apresentacoes-investidores","200","","https://www.alefotografo.com.br/blog/fotografia-pitch-deck-apresentacoes-investidores","Fotografia para Pitch Deck e Investidores Alê Fotógrafo","Imagem própria dá credibilidade ao pitch deck e às apresentações para investidores. Veja por que foto de banco enfraquece a sua narrativa.","Fotografia para pitch deck e apresentações: a imagem que sustenta a sua narrativa","","text/html; charset=utf-8","850","blog","","editorial","yes","yes","","123","","schema:,LocalBusiness,ProfessionalService,BlogPosting,BreadcrumbList; tel:+55-11-91355-0533; +5511913550533; 5511913550533; 11913550533"
"alefotografo.com.br","https://www.alefotografo.com.br/blog/fotografia-lifestyle-corporativa-produto-em-uso","/blog/fotografia-lifestyle-corporativa-produto-em-uso","200","","https://www.alefotografo.com.br/blog/fotografia-lifestyle-corporativa-produto-em-uso","Fotografia Lifestyle: o Produto Sendo Usado Alê Fotógrafo","A imagem lifestyle mostra produto e serviço no mundo real, gerando identificação que a foto posada não gera. Veja a diferença entre os dois caminhos.","Fotografia lifestyle corporativa: mostre seu produto sendo usado, não apenas exposto","","text/html; charset=utf-8","839","blog","","editorial","yes","yes","","122","","schema:,LocalBusiness,ProfessionalService,BlogPosting,BreadcrumbList; tel:+55-11-91355-0533; +5511913550533; 5511913550533; 11913550533"
"alefotografo.com.br","https://www.alefotografo.com.br/blog/30-poses-para-fotos-profissionais","/blog/30-poses-para-fotos-profissionais","200","","https://www.alefotografo.com.br/blog/30-poses-para-fotos-profissionais","30+ Poses para Fotos Profissionais: Guia Completo","Mais de 30 poses para foto profissional, com direção por perfil: retrato corporativo, LinkedIn, advogados, médicos, executivos e fotos de equipe.","30+ poses para fotos profissionais: guia completo por perfil (executivos, advogados, médicos e mais)","","text/html; charset=utf-8","1956","blog","","editorial","yes","yes","","131","","schema:,LocalBusiness,ProfessionalService,BlogPosting,BreadcrumbList; tel:+55-11-91355-0533; +5511913550533; 5511913550533; 11913550533"
"alefotografo.com.br","https://www.alefotografo.com.br/blog/retratos-executivos-linkedin-guia-definitivo","/blog/retratos-executivos-linkedin-guia-definitivo","200","","https://www.alefotografo.com.br/blog/retratos-executivos-linkedin-guia-definitivo","Retratos Executivos para LinkedIn: Guia Definitivo","Da pose à iluminação e ao tratamento: como produzir um retrato executivo que comunica autoridade, confiança e atualidade no perfil do LinkedIn.","Retratos executivos para LinkedIn: guia definitivo","","text/html; charset=utf-8","804","blog","","editorial","yes","yes","","124","","schema:,LocalBusiness,ProfessionalService,BlogPosting,BreadcrumbList; tel:+55-11-91355-0533; +5511913550533; 5511913550533; 11913550533"
"alefotografo.com.br","https://www.alefotografo.com.br/blog/retrato-corporativo-percepacao-negocio","/blog/retrato-corporativo-percepacao-negocio","200","","https://www.alefotografo.com.br/blog/retrato-corporativo-percepacao-negocio","Retrato Corporativo e a Percepção do Negócio Alê Fotógrafo","Por que diretores e C-levels precisam de retrato corporativo atualizado e o que muda nas decisões de clientes quando a foto passa credibilidade.","Retrato corporativo: como a foto certa transforma a percepção do negócio","","text/html; charset=utf-8","789","blog","","editorial","yes","yes","","127","","schema:,LocalBusiness,ProfessionalService,BlogPosting,BreadcrumbList; tel:+55-11-91355-0533; +5511913550533; 5511913550533; 11913550533"
"alefotografo.com.br","https://www.alefotografo.com.br/blog/fotografia-medica-clinicas-hospitais","/blog/fotografia-medica-clinicas-hospitais","200","","https://www.alefotografo.com.br/blog/fotografia-medica-clinicas-hospitais","Fotografia Médica para Clínicas e Hospitais Alê Fotógrafo","Como fotografar médicos, equipes e ambientes clínicos respeitando as diretrizes do CFM e construindo a autoridade que faz o paciente marcar consulta.","Fotografia médica para clínicas e hospitais: ética, autoridade e confiança","","text/html; charset=utf-8","772","blog","","editorial","yes","yes","","126","","schema:,LocalBusiness,ProfessionalService,BlogPosting,BreadcrumbList; tel:+55-11-91355-0533; +5511913550533; 1143257940; 5511913550533; 11913550533"
"alefotografo.com.br","https://www.alefotografo.com.br/blog/fotografia-imobiliaria-corporativa-aceleracao-vendas","/blog/fotografia-imobiliaria-corporativa-aceleracao-vendas","200","","https://www.alefotografo.com.br/blog/fotografia-imobiliaria-corporativa-aceleracao-vendas","Fotografia Imobiliária Corporativa Acelera Vendas","Imóvel com fotografia profissional vende mais rápido. Para incorporadoras e imobiliárias, isso significa fluxo de caixa e menos tempo de estoque.","Fotografia imobiliária corporativa: como imagens profissionais aceleram vendas","","text/html; charset=utf-8","920","blog","","editorial","yes","yes","","124","","schema:,LocalBusiness,ProfessionalService,BlogPosting,BreadcrumbList; tel:+55-11-91355-0533; +5511913550533; 5511913550533; 11913550533"
"alefotografo.com.br","https://www.alefotografo.com.br/blog/foto-perfil-linkedin-gestor-contratos","/blog/foto-perfil-linkedin-gestor-contratos","200","","https://www.alefotografo.com.br/blog/foto-perfil-linkedin-gestor-contratos","A Foto do LinkedIn do Seu Gestor Custa Contratos","Uma foto de perfil profissional pode decidir entre fechar ou perder um negócio no LinkedIn. Veja por que isso acontece e como resolver ainda hoje.","Por que a foto de perfil do LinkedIn do seu gestor está custando contratos","","text/html; charset=utf-8","880","blog","","editorial","yes","yes","","125","","schema:,LocalBusiness,ProfessionalService,BlogPosting,BreadcrumbList; tel:+55-11-91355-0533; +5511913550533; 5511913550533; 11913550533"
"alefotografo.com.br","https://www.alefotografo.com.br/blog/fotografia-cultura-organizacional","/blog/fotografia-cultura-organizacional","200","","https://www.alefotografo.com.br/blog/fotografia-cultura-organizacional","Fotografia de Cultura Organizacional Alê Fotógrafo","Ensaios de cultura interna atraem os talentos certos, fortalecem o employer branding e dão veracidade à comunicação institucional. Veja como produzir.","Fotografia de cultura organizacional: como mostrar quem sua empresa realmente é","","text/html; charset=utf-8","778","blog","","editorial","yes","yes","","124","","schema:,LocalBusiness,ProfessionalService,BlogPosting,BreadcrumbList; tel:+55-11-91355-0533; +5511913550533; 5511913550533; 11913550533"
"alefotografo.com.br","https://www.alefotografo.com.br/blog/fotografia-eventos-corporativos-briefing","/blog/fotografia-eventos-corporativos-briefing","200","","https://www.alefotografo.com.br/blog/fotografia-eventos-corporativos-briefing","Briefing de Fotografia de Eventos Corporativos","Briefing ruim é a causa número 1 de decepção com fotógrafo de evento. Veja o checklist que garante imagens que contam a história do seu evento.","Fotografia de eventos corporativos: o que seu fotógrafo precisa saber antes de chegar","","text/html; charset=utf-8","881","blog","","editorial","yes","yes","","125","","schema:,LocalBusiness,ProfessionalService,BlogPosting,BreadcrumbList; tel:+55-11-91355-0533; +5511913550533; 5511913550533; 11913550533"
"alefotografo.com.br","https://www.alefotografo.com.br/blog/retratos-corporativos-advogados-contadores","/blog/retratos-corporativos-advogados-contadores","200","","https://www.alefotografo.com.br/blog/retratos-corporativos-advogados-contadores","Retratos Corporativos para Advogados e Contadores","Como sócios de escritórios jurídicos e contábeis devem se posicionar visualmente no LinkedIn, no site e nos materiais de captação de clientes.","Retratos corporativos para advogados e contadores: autoridade que abre portas","","text/html; charset=utf-8","768","blog","","editorial","yes","yes","","126","","schema:,LocalBusiness,ProfessionalService,BlogPosting,BreadcrumbList; tel:+55-11-91355-0533; +5511913550533; 5511913550533; 11913550533"
"alefotografo.com.br","https://www.alefotografo.com.br/blog/fotografia-escritorios-contabilidade","/blog/fotografia-escritorios-contabilidade","200","","https://www.alefotografo.com.br/blog/fotografia-escritorios-contabilidade","Fotografia para Escritórios de Contabilidade Alê Fotógrafo","Contador com imagem profissional transmite credibilidade e ganha mais contratos. Veja como a fotografia funciona na captação de clientes contábeis.","Fotografia para escritórios de contabilidade: como imagens profissionais fecham mais clientes","","text/html; charset=utf-8","876","blog","","editorial","yes","yes","","125","","schema:,LocalBusiness,ProfessionalService,BlogPosting,BreadcrumbList; tel:+55-11-91355-0533; +5511913550533; 5511913550533; 11913550533"
"alefotografo.com.br","https://www.alefotografo.com.br/blog/como-escolher-fotografo-corporativo","/blog/como-escolher-fotografo-corporativo","200","","https://www.alefotografo.com.br/blog/como-escolher-fotografo-corporativo","Como Escolher um Fotógrafo Corporativo Alê Fotógrafo","Sete critérios objetivos para contratar um fotógrafo corporativo em São Paulo sem se decepcionar com o resultado, o prazo ou o uso das imagens.","Como escolher um fotógrafo corporativo: checklist para gestores de marketing","","text/html; charset=utf-8","797","blog","","editorial","yes","yes","","127","","schema:,LocalBusiness,ProfessionalService,BlogPosting,BreadcrumbList; tel:+55-11-91355-0533; +5511913550533; 5511913550533; 11913550533"
"alefotografo.com.br","https://www.alefotografo.com.br/blog/retrato-corporativo-diretores-ceos","/blog/retrato-corporativo-diretores-ceos","200","","https://www.alefotografo.com.br/blog/retrato-corporativo-diretores-ceos","Retrato Corporativo para Diretores e CEOs Alê Fotógrafo","A foto do líder comunica cultura, valores e ambição da organização, muito além da aparência. Veja como acertar no retrato de diretoria e CEO.","Retrato corporativo para diretores e CEOs: o que as imagens dos líderes comunicam sobre a empresa","","text/html; charset=utf-8","870","blog","","editorial","yes","yes","","125","","schema:,LocalBusiness,ProfessionalService,BlogPosting,BreadcrumbList; tel:+55-11-91355-0533; +5511913550533; 5511913550533; 11913550533"
"alefotografo.com.br","https://www.alefotografo.com.br/blog/banco-de-imagens-corporativo","/blog/banco-de-imagens-corporativo","200","","https://www.alefotografo.com.br/blog/banco-de-imagens-corporativo","Banco de Imagens Corporativo Próprio Alê Fotógrafo","Um banco de imagens próprio reduz custo de comunicação, melhora a coerência visual e elimina a dependência de fotos genéricas de stock. Veja como montar.","Banco de imagens corporativo: por que sua empresa precisa do próprio","","text/html; charset=utf-8","809","blog","","editorial","yes","yes","","124","","schema:,LocalBusiness,ProfessionalService,BlogPosting,BreadcrumbList; tel:+55-11-91355-0533; +5511913550533; 5511913550533; 11913550533"
"alefotografo.com.br","https://www.alefotografo.com.br/blog/fotografia-hotelaria-imagens-que-enchem-quartos","/blog/fotografia-hotelaria-imagens-que-enchem-quartos","200","","https://www.alefotografo.com.br/blog/fotografia-hotelaria-imagens-que-enchem-quartos","Fotografia de Hotelaria que Enche Quartos Alê Fotógrafo","Hotel com fotografia profissional gera mais reserva direta e depende menos das OTAs. Veja o que faz uma imagem de hotelaria realmente converter.","Fotografia de hotelaria: como imagens profissionais enchem quartos","","text/html; charset=utf-8","887","blog","","editorial","yes","yes","","123","","schema:,LocalBusiness,ProfessionalService,BlogPosting,BreadcrumbList; tel:+55-11-91355-0533; +5511913550533; 5511913550533; 11913550533"
"alefotografo.com.br","https://www.alefotografo.com.br/blog/fotografia-produto-corporativo-lancamento","/blog/fotografia-produto-corporativo-lancamento","200","","https://www.alefotografo.com.br/blog/fotografia-produto-corporativo-lancamento","Fotografia de Produto para Lançamento Corporativo","Em B2B e produto premium, a imagem do lançamento define a percepção de valor. Veja o que muda entre uma foto técnica e uma foto de campanha.","Fotografia de produto para lançamento corporativo: como vender antes do release","","text/html; charset=utf-8","804","blog","","editorial","yes","yes","","123","","schema:,LocalBusiness,ProfessionalService,BlogPosting,BreadcrumbList; tel:+55-11-91355-0533; +5511913550533; 5511913550533; 11913550533"
"alefotografo.com.br","https://www.alefotografo.com.br/blog/fotografia-industrial-fabrica-operacao","/blog/fotografia-industrial-fabrica-operacao","200","","https://www.alefotografo.com.br/blog/fotografia-industrial-fabrica-operacao","Fotografia Industrial e de Fábrica em Operação","Mostrar a operação com imagem profissional aumenta a credibilidade com clientes B2B, investidores e parceiros — sem parar a linha de produção.","Fotografia industrial e de fábrica: registrando grandeza operacional sem parar a produção","","text/html; charset=utf-8","858","blog","","editorial","yes","yes","","126","","schema:,LocalBusiness,ProfessionalService,BlogPosting,BreadcrumbList; tel:+55-11-91355-0533; +5511913550533; 5511913550533; 11913550533"
"alefotografo.com.br","https://www.alefotografo.com.br/blog/quanto-custa-sessao-fotos-corporativas","/blog/quanto-custa-sessao-fotos-corporativas","200","","https://www.alefotografo.com.br/blog/quanto-custa-sessao-fotos-corporativas","Quanto Custa uma Sessão de Fotos Corporativas","Faixas de preço, o que influencia o orçamento de fotografia corporativa em São Paulo e como evitar comparar propostas que não são equivalentes.","Quanto custa uma sessão de fotos corporativas? Entenda a formação do preço","","text/html; charset=utf-8","802","blog","","editorial","yes","yes","","127","","schema:,LocalBusiness,ProfessionalService,BlogPosting,BreadcrumbList; tel:+55-11-91355-0533; +5511913550533; 5511913550533; 11913550533"
"alefotografo.com.br","https://www.alefotografo.com.br/blog/quanto-custa-sessao-fotos-corporativas-sao-paulo","/blog/quanto-custa-sessao-fotos-corporativas-sao-paulo","200","","https://www.alefotografo.com.br/blog/quanto-custa-sessao-fotos-corporativas-sao-paulo","Preço de Fotos Corporativas em São Paulo Alê Fotógrafo","Tabela orientativa de preços para fotografia corporativa em São Paulo: o que está incluído em cada faixa e por que o barato quase sempre sai caro.","Quanto custa uma sessão de fotos corporativas profissional em São Paulo?","","text/html; charset=utf-8","891","blog","","editorial","yes","yes","","126","","schema:,LocalBusiness,ProfessionalService,BlogPosting,BreadcrumbList; tel:+55-11-91355-0533; +5511913550533; 5511913550533; 11913550533"
"alefotografo.com.br","https://www.alefotografo.com.br/blog/case-ativa-logistica-fotografia-video","/blog/case-ativa-logistica-fotografia-video","200","","https://www.alefotografo.com.br/blog/case-ativa-logistica-fotografia-video","Case ATIVA Logística: Fotografia e Vídeo Corporativo","Case real: fotografia de estrutura e operação e vídeos institucionais produzidos para a ATIVA Logística — CD Itapevi, unidade Barueri e 30 anos.","ATIVA Logística: fotografia e vídeo para mostrar estrutura e operação","","text/html; charset=utf-8","886","blog","","editorial","yes","yes","","132","","schema:,LocalBusiness,ProfessionalService,BlogPosting,BreadcrumbList; tel:+55-11-91355-0533; +5511913550533; 5511913550533; 11913550533"
"alefotografo.com.br","https://www.alefotografo.com.br/blog/fotografia-para-transportadoras","/blog/fotografia-para-transportadoras","200","","https://www.alefotografo.com.br/blog/fotografia-para-transportadoras","Fotografia para Transportadoras: Frota, Operação e Equipe","O que fotografar para montar o banco de imagens de uma transportadora: frota, armazém, centro de distribuição, docas, equipes e liderança.","Fotografia para transportadoras: como construir um banco de imagens próprio","","text/html; charset=utf-8","884","blog","","editorial","yes","yes","","131","","schema:,LocalBusiness,ProfessionalService,BlogPosting,BreadcrumbList; tel:+55-11-91355-0533; +5511913550533; 5511913550533; 11913550533"
"alefotografo.com.br","https://www.alefotografo.com.br/blog/video-institucional-para-transportadoras","/blog/video-institucional-para-transportadoras","200","","https://www.alefotografo.com.br/blog/video-institucional-para-transportadoras","Vídeo Institucional para Transportadoras e Empresas de…","Como o vídeo institucional apresenta estrutura, operação e equipes de transportadoras — com cases reais produzidos para ATIVA, Fiorde e BMX.","Vídeo institucional para transportadoras: estrutura, operação e pessoas","","text/html; charset=utf-8","849","blog","","editorial","yes","yes","","133","","schema:,LocalBusiness,ProfessionalService,BlogPosting,BreadcrumbList; tel:+55-11-91355-0533; +5511913550533; 5511913550533; 11913550533"
"alefotografo.com.br","https://www.alefotografo.com.br/videos/beauty-fair-2026-3o-dia-tendencias-lancamentos-e-os-melhores-momentos-da-feira","/videos/beauty-fair-2026-3o-dia-tendencias-lancamentos-e-os-melhores-momentos-da-feira","200","","https://www.alefotografo.com.br/videos/beauty-fair-2026-3o-dia-tendencias-lancamentos-e-os-melhores-momentos-da-feira","Beauty Fair 2026 3º Dia Tendências, Lançamentos e os…","Cobertura em vídeo do 3º dia da Beauty Fair 2026, com tendências, lançamentos e os principais momentos registrados na feira.","Beauty Fair 2026 3º Dia Tendências, Lançamentos e os Melhores Momentos da Feira","","text/html; charset=utf-8","464","video","","portfolio-video","yes","yes","","102","","schema:,LocalBusiness,ProfessionalService,VideoObject,BreadcrumbList; tel:+55-11-91355-0533; +5511913550533; 5511913550533; 11913550533"
"alefotografo.com.br","https://www.alefotografo.com.br/videos/flexfunds-solucoes-financeiras-inteligentes-para-empresas-video-institucional","/videos/flexfunds-solucoes-financeiras-inteligentes-para-empresas-video-institucional","200","","https://www.alefotografo.com.br/videos/flexfunds-solucoes-financeiras-inteligentes-para-empresas-video-institucional","FlexFunds Soluções Financeiras Inteligentes para…","Vídeo institucional da FlexFunds apresentando soluções financeiras inteligentes desenvolvidas para empresas.","FlexFunds Soluções Financeiras Inteligentes para Empresas Vídeo Institucional","","text/html; charset=utf-8","417","video","","portfolio-video","yes","yes","","102","","schema:,LocalBusiness,ProfessionalService,VideoObject,BreadcrumbList; tel:+55-11-91355-0533; +5511913550533; 5511913550533; 11913550533"
"alefotografo.com.br","https://www.alefotografo.com.br/videos/procooler-na-febrava-cobertura-profissional-de-feiras-e-eventos-corporativos","/videos/procooler-na-febrava-cobertura-profissional-de-feiras-e-eventos-corporativos","200","","https://www.alefotografo.com.br/videos/procooler-na-febrava-cobertura-profissional-de-feiras-e-eventos-corporativos","Procooler na FEBRAVA Cobertura Profissional de Feiras e…","Cobertura em vídeo da participação da Procooler na FEBRAVA, com registro da presença da empresa na feira de negócios.","Procooler na FEBRAVA Cobertura Profissional de Feiras e Eventos Corporativos","","text/html; charset=utf-8","468","video","","portfolio-video","yes","yes","","102","","schema:,LocalBusiness,ProfessionalService,VideoObject,BreadcrumbList; tel:+55-11-91355-0533; +5511913550533; 5511913550533; 11913550533"
"alefotografo.com.br","https://www.alefotografo.com.br/videos/sq-quimica-na-fce-pharma-cobertura-profissional-de-feira-de-negocios-com-fotogra","/videos/sq-quimica-na-fce-pharma-cobertura-profissional-de-feira-de-negocios-com-fotogra","200","","https://www.alefotografo.com.br/videos/sq-quimica-na-fce-pharma-cobertura-profissional-de-feira-de-negocios-com-fotogra","SQ Química na FCE Pharma: fotografia e vídeo na mesma…","Produzimos a cobertura da participação da SQ Química na FCE Pharma reunindo fotografia e vídeo em uma mesma diária de feira de negócios. Nossa equipe…","SQ Química na FCE Pharma: fotografia e vídeo na mesma cobertura de feira","","text/html; charset=utf-8","501","video","","portfolio-video","yes","yes","","102","","schema:,LocalBusiness,ProfessionalService,VideoObject,BreadcrumbList; tel:+55-11-91355-0533; +5511913550533; 5511913550533; 11913550533"
"alefotografo.com.br","https://www.alefotografo.com.br/videos/sq-quimica-na-fce-pharma-cobertura-profissional-em-video-para-feiras-e-eventos-c","/videos/sq-quimica-na-fce-pharma-cobertura-profissional-em-video-para-feiras-e-eventos-c","200","","https://www.alefotografo.com.br/videos/sq-quimica-na-fce-pharma-cobertura-profissional-em-video-para-feiras-e-eventos-c","SQ Química na FCE Pharma: vídeo da participação da empresa…","Produzimos em vídeo o registro da presença da SQ Química na FCE Pharma, com captação realizada durante o evento. Nossa equipe atua em feiras e eventos…","SQ Química na FCE Pharma: vídeo da participação da empresa no evento","","text/html; charset=utf-8","498","video","","portfolio-video","yes","yes","","102","","schema:,LocalBusiness,ProfessionalService,VideoObject,BreadcrumbList; tel:+55-11-91355-0533; +5511913550533; 5511913550533; 11913550533"
"alefotografo.com.br","https://www.alefotografo.com.br/videos/g-tech-na-conexao-farma-2023-inovacao-tecnologia-e-solucoes-para-a-saude","/videos/g-tech-na-conexao-farma-2023-inovacao-tecnologia-e-solucoes-para-a-saude","200","","https://www.alefotografo.com.br/videos/g-tech-na-conexao-farma-2023-inovacao-tecnologia-e-solucoes-para-a-saude","G-TECH na Conexão Farma 2023 Inovação, Tecnologia e…","Vídeo da participação da G-TECH na Conexão Farma 2023, evento de negócios dedicado a inovação, tecnologia e soluções para a saúde.","G-TECH na Conexão Farma 2023 Inovação, Tecnologia e Soluções para a Saúde","","text/html; charset=utf-8","442","video","","portfolio-video","yes","yes","","102","","schema:,LocalBusiness,ProfessionalService,VideoObject,BreadcrumbList; tel:+55-11-91355-0533; +5511913550533; 5511913550533; 11913550533"
"alefotografo.com.br","https://www.alefotografo.com.br/videos/ativa-logistica-30-anos","/videos/ativa-logistica-30-anos","200","","https://www.alefotografo.com.br/videos/ativa-logistica-30-anos","ATIVA Logística 30 anos Alê Fotógrafo","Vídeo corporativo dos 30 anos da ATIVA Logística, com produção audiovisual realizada por Alê Fotógrafo.","ATIVA Logística 30 anos","","text/html; charset=utf-8","414","video","","portfolio-video","yes","yes","","102","","schema:,LocalBusiness,ProfessionalService,VideoObject,BreadcrumbList; tel:+55-11-91355-0533; +5511913550533; 5511913550533; 11913550533"
"alefotografo.com.br","https://www.alefotografo.com.br/videos/tecnisa-almoco-com-fornecedores","/videos/tecnisa-almoco-com-fornecedores","200","","https://www.alefotografo.com.br/videos/tecnisa-almoco-com-fornecedores","Tecnisa Almoço com Fornecedores Alê Fotógrafo","Cobertura em vídeo do almoço com fornecedores promovido pela Tecnisa, registrando o encontro entre a empresa e seus parceiros.","Tecnisa Almoço com Fornecedores","","text/html; charset=utf-8","436","video","","portfolio-video","yes","yes","","102","","schema:,LocalBusiness,ProfessionalService,VideoObject,BreadcrumbList; tel:+55-11-91355-0533; +5511913550533; 5511913550533; 11913550533"
"alefotografo.com.br","https://www.alefotografo.com.br/videos/curso-de-prestacao-de-contas-eleitorais-2026-turma-sao-paulo","/videos/curso-de-prestacao-de-contas-eleitorais-2026-turma-sao-paulo","200","","https://www.alefotografo.com.br/videos/curso-de-prestacao-de-contas-eleitorais-2026-turma-sao-paulo","Curso de Prestação de Contas Eleitorais 2026 Turma São…","Vídeo da turma São Paulo do Curso de Prestação de Contas Eleitorais 2026, com produção audiovisual de Alê Fotógrafo.","Curso de Prestação de Contas Eleitorais 2026 Turma São Paulo","","text/html; charset=utf-8","447","video","","portfolio-video","yes","yes","","102","","schema:,LocalBusiness,ProfessionalService,VideoObject,BreadcrumbList; tel:+55-11-91355-0533; +5511913550533; 5511913550533; 11913550533"
"alefotografo.com.br","https://www.alefotografo.com.br/videos/unipac-50-anos","/videos/unipac-50-anos","200","","https://www.alefotografo.com.br/videos/unipac-50-anos","Unipac 50 anos Alê Fotógrafo","Vídeo corporativo dos 50 anos da Unipac, com produção audiovisual realizada por Alê Fotógrafo.","Unipac 50 anos","","text/html; charset=utf-8","441","video","","portfolio-video","yes","yes","","102","","schema:,LocalBusiness,ProfessionalService,VideoObject,BreadcrumbList; tel:+55-11-91355-0533; +5511913550533; 5511913550533; 11913550533"
"alefotografo.com.br","https://www.alefotografo.com.br/videos/genesis-inteligencia-artificial-na-feira-hospitalar","/videos/genesis-inteligencia-artificial-na-feira-hospitalar","200","","https://www.alefotografo.com.br/videos/genesis-inteligencia-artificial-na-feira-hospitalar","Genesis Inteligência Artificial na Feira Hospitalar","Cobertura em vídeo da participação da Genesis Inteligência Artificial na Feira Hospitalar, evento de negócios do setor de saúde.","Genesis Inteligência Artificial na Feira Hospitalar","","text/html; charset=utf-8","456","video","","portfolio-video","yes","yes","","102","","schema:,LocalBusiness,ProfessionalService,VideoObject,BreadcrumbList; tel:+55-11-91355-0533; +5511913550533; 5511913550533; 11913550533"
"alefotografo.com.br","https://www.alefotografo.com.br/videos/11-forum-abradilan-2026","/videos/11-forum-abradilan-2026","200","","https://www.alefotografo.com.br/videos/11-forum-abradilan-2026","11º Fórum ABRADILAN 2026 Alê Fotógrafo","O 11º Fórum ABRADILAN 2026, um encontro marcado por conteúdo estratégico, troca de experiências e conexões importantes para o setor farmacêutico. Cobertura…","11º Fórum ABRADILAN 2026","","text/html; charset=utf-8","428","video","","portfolio-video","yes","yes","","102","","schema:,LocalBusiness,ProfessionalService,VideoObject,BreadcrumbList; tel:+55-11-91355-0533; +5511913550533; 5511913550533; 11913550533"
"alefotografo.com.br","https://www.alefotografo.com.br/videos/video-corporativo-do-11o-forum-abradilan-2026-cobertura-de-evento-empresarial","/videos/video-corporativo-do-11o-forum-abradilan-2026-cobertura-de-evento-empresarial","200","","https://www.alefotografo.com.br/videos/video-corporativo-do-11o-forum-abradilan-2026-cobertura-de-evento-empresarial","Vídeo Corporativo do 11º Fórum Abradilan 2026 Cobertura…","Vídeo corporativo do 11º Fórum Abradilan 2026, com cobertura audiovisual do evento empresarial.","Vídeo Corporativo do 11º Fórum Abradilan 2026 Cobertura de Evento Empresarial","","text/html; charset=utf-8","441","video","","portfolio-video","yes","yes","","102","","schema:,LocalBusiness,ProfessionalService,VideoObject,BreadcrumbList; tel:+55-11-91355-0533; +5511913550533; 5511913550533; 11913550533"
"alefotografo.com.br","https://www.alefotografo.com.br/videos/nitriflex-industria-quimica-de-polimeros-especiais-e-borrachas-nitrilicas","/videos/nitriflex-industria-quimica-de-polimeros-especiais-e-borrachas-nitrilicas","200","","https://www.alefotografo.com.br/videos/nitriflex-industria-quimica-de-polimeros-especiais-e-borrachas-nitrilicas","Nitriflex: Indústria Química de Polímeros Especiais e…","Vídeo institucional da Nitriflex, indústria química brasileira com mais de 50 anos no mercado, especializada em polímeros especiais, borrachas nitrílicas…","Nitriflex: Indústria Química de Polímeros Especiais e Borrachas Nitrílicas","","text/html; charset=utf-8","452","video","","portfolio-video","yes","yes","","102","","schema:,LocalBusiness,ProfessionalService,VideoObject,BreadcrumbList; tel:+55-11-91355-0533; +5511913550533; 5511913550533; 11913550533"
"alefotografo.com.br","https://www.alefotografo.com.br/videos/flexfunds-fundos-de-investimento-e-solucoes-financeiras-para-o-mercado-corporati","/videos/flexfunds-fundos-de-investimento-e-solucoes-financeiras-para-o-mercado-corporati","200","","https://www.alefotografo.com.br/videos/flexfunds-fundos-de-investimento-e-solucoes-financeiras-para-o-mercado-corporati","FlexFunds: Fundos de Investimento e Soluções Financeiras…","Vídeo da FlexFunds sobre fundos de investimento e soluções financeiras voltadas ao mercado corporativo.","FlexFunds: Fundos de Investimento e Soluções Financeiras para o Mercado Corporativo","","text/html; charset=utf-8","439","video","","portfolio-video","yes","yes","","102","","schema:,LocalBusiness,ProfessionalService,VideoObject,BreadcrumbList; tel:+55-11-91355-0533; +5511913550533; 5511913550533; 11913550533"
"alefotografo.com.br","https://www.alefotografo.com.br/videos/fiorde-logistica-solucoes-logisticas-integradas-para-empresas","/videos/fiorde-logistica-solucoes-logisticas-integradas-para-empresas","200","","https://www.alefotografo.com.br/videos/fiorde-logistica-solucoes-logisticas-integradas-para-empresas","Fiorde Logística: Soluções Logísticas Integradas para…","Vídeo institucional da Fiorde Logística destacando estrutura operacional, transporte, armazenagem, distribuição e gestão de processos para o mercado…","Fiorde Logística: Soluções Logísticas Integradas para Empresas","","text/html; charset=utf-8","428","video","","portfolio-video","yes","yes","","102","","schema:,LocalBusiness,ProfessionalService,VideoObject,BreadcrumbList; tel:+55-11-91355-0533; +5511913550533; 5511913550533; 11913550533"
"alefotografo.com.br","https://www.alefotografo.com.br/videos/ativa-log","/videos/ativa-log","200","","https://www.alefotografo.com.br/videos/ativa-log","ATIVA Log Vídeo Institucional Alê Fotógrafo","A ATIVA Log apresenta sua estrutura logística, tecnologia e capacidade operacional. Armazenagem, movimentação de cargas, transporte, conferência e…","ATIVA Log Vídeo Institucional","","text/html; charset=utf-8","416","video","","portfolio-video","yes","yes","","102","","schema:,LocalBusiness,ProfessionalService,VideoObject,BreadcrumbList; tel:+55-11-91355-0533; +5511913550533; 5511913550533; 11913550533"
"alefotografo.com.br","https://www.alefotografo.com.br/videos/video-manifesto-empreendimento-estrutura-e-proposito","/videos/video-manifesto-empreendimento-estrutura-e-proposito","200","","https://www.alefotografo.com.br/videos/video-manifesto-empreendimento-estrutura-e-proposito","Vídeo Manifesto Empreendimento, Estrutura e Propósito","Vídeo manifesto que apresenta a essência de um empreendimento moderno: localização, construção, tecnologia, ambientes internos e diferenciais.","Vídeo Manifesto Empreendimento, Estrutura e Propósito","","text/html; charset=utf-8","434","video","","portfolio-video","yes","yes","","102","","schema:,LocalBusiness,ProfessionalService,VideoObject,BreadcrumbList; tel:+55-11-91355-0533; +5511913550533; 5511913550533; 11913550533"
"alefotografo.com.br","https://www.alefotografo.com.br/videos/ibis-jau-evento-experiencia-e-producao-audiovisual-ale-fotografo","/videos/ibis-jau-evento-experiencia-e-producao-audiovisual-ale-fotografo","200","","https://www.alefotografo.com.br/videos/ibis-jau-evento-experiencia-e-producao-audiovisual-ale-fotografo","ibis Jaú Evento, Experiência e Produção Audiovisual Alê…","Vídeo do evento do ibis Jaú, com registro da experiência e da produção audiovisual assinada por Alê Fotógrafo.","ibis Jaú Evento, Experiência e Produção Audiovisual Alê Fotógrafo","","text/html; charset=utf-8","452","video","","portfolio-video","yes","yes","","102","","schema:,LocalBusiness,ProfessionalService,VideoObject,BreadcrumbList; tel:+55-11-91355-0533; +5511913550533; 5511913550533; 11913550533"
"alefotografo.com.br","https://www.alefotografo.com.br/videos/curso-de-prestacao-de-contas-eleitorais-2026-com-professora-rita-producao-ale-fotografo","/videos/curso-de-prestacao-de-contas-eleitorais-2026-com-professora-rita-producao-ale-fotografo","200","","https://www.alefotografo.com.br/videos/curso-de-prestacao-de-contas-eleitorais-2026-com-professora-rita-producao-ale-fotografo","Curso de Prestação de Contas Eleitorais 2026 com…","Cobertura audiovisual do Curso de Prestação de Contas Eleitorais 2026 com a Professora Rita: estrutura, recepção, networking, aula e interação dos…","Curso de Prestação de Contas Eleitorais 2026 com Professora Rita","","text/html; charset=utf-8","456","video","","portfolio-video","yes","yes","","102","","schema:,LocalBusiness,ProfessionalService,VideoObject,BreadcrumbList; tel:+55-11-91355-0533; +5511913550533; 5511913550533; 11913550533"
"alefotografo.com.br","https://www.alefotografo.com.br/videos/ibde-rio2026","/videos/ibde-rio2026","200","","https://www.alefotografo.com.br/videos/ibde-rio2026","VIII Congresso Brasileiro de Direito da Empresa IBDE Rio…","Cobertura audiovisual do VIII Congresso Brasileiro de Direito da Empresa realizado pelo IBDE no Rio de Janeiro — palestras, painéis, público e principais…","VIII Congresso Brasileiro de Direito da Empresa IBDE Rio de Janeiro","","text/html; charset=utf-8","465","video","","portfolio-video","yes","yes","","102","","schema:,LocalBusiness,ProfessionalService,VideoObject,BreadcrumbList; tel:+55-11-91355-0533; +5511913550533; 5511913550533; 11913550533"
"alefotografo.com.br","https://www.alefotografo.com.br/videos/onemba","/videos/onemba","200","","https://www.alefotografo.com.br/videos/onemba","OneMBA Produção Audiovisual Alê Fotógrafo","Produção audiovisual do OneMBA: aulas, depoimentos, atividades em grupo e momentos de interação em uma jornada executiva de desenvolvimento profissional.","OneMBA Produção Audiovisual Alê Fotógrafo","","text/html; charset=utf-8","435","video","","portfolio-video","yes","yes","","102","","schema:,LocalBusiness,ProfessionalService,VideoObject,BreadcrumbList; tel:+55-11-91355-0533; +5511913550533; 5511913550533; 11913550533"
"alefotografo.com.br","https://www.alefotografo.com.br/videos/22-forum-de-comprasive-university","/videos/22-forum-de-comprasive-university","200","","https://www.alefotografo.com.br/videos/22-forum-de-comprasive-university","22º Fórum de Compras &amp; Sourcing Alê Fotógrafo","Cobertura audiovisual do 22º Fórum de Compras &amp; Sourcing: conteúdo, networking, painéis com especialistas e palestras com empresas e profissionais do setor.","22º Fórum de Compras &amp; Sourcing","","text/html; charset=utf-8","439","video","","portfolio-video","yes","yes","","102","","schema:,LocalBusiness,ProfessionalService,VideoObject,BreadcrumbList; tel:+55-11-91355-0533; +5511913550533; 5511913550533; 11913550533"
"alefotografo.com.br","https://www.alefotografo.com.br/videos/9faznegocios","/videos/9faznegocios","200","","https://www.alefotografo.com.br/videos/9faznegocios","Faz Farma Faz Negócio 9ª Edição Produção Audiovisual Alê…","A 9ª edição do Faz Farma Faz Negócio foi marcada por conteúdo, networking, integração e relacionamento entre profissionais e grandes marcas do setor…","Faz Farma Faz Negócio 9ª Edição Produção Audiovisual Alê Fotógrafo","","text/html; charset=utf-8","509","video","","portfolio-video","yes","yes","","102","","schema:,LocalBusiness,ProfessionalService,VideoObject,BreadcrumbList; tel:+55-11-91355-0533; +5511913550533; 5511913550533; 11913550533"
"alefotografo.com.br","https://www.alefotografo.com.br/videos/depoimento-de-cliente-hausy-robotton-producao-ale-fotografo","/videos/depoimento-de-cliente-hausy-robotton-producao-ale-fotografo","200","","https://www.alefotografo.com.br/videos/depoimento-de-cliente-hausy-robotton-producao-ale-fotografo","Depoimento de Cliente Hausy Robotton Produção Alê…","Depoimento em vídeo do cliente Hausy Robotton, com produção audiovisual assinada por Alê Fotógrafo.","Depoimento de Cliente Hausy Robotton Produção Alê Fotógrafo","","text/html; charset=utf-8","438","video","","portfolio-video","yes","yes","","102","","schema:,LocalBusiness,ProfessionalService,VideoObject,BreadcrumbList; tel:+55-11-91355-0533; +5511913550533; 5511913550533; 11913550533"
"alefotografo.com.br","https://www.alefotografo.com.br/videos/video-institucional-bmx-logistica","/videos/video-institucional-bmx-logistica","200","","https://www.alefotografo.com.br/videos/video-institucional-bmx-logistica","Vídeo Institucional BMX Logística Alê Fotógrafo","Neste vídeo, apresentamos uma visão profissional sobre a BMX Logística, mostrando como a BMX Logística atua com foco em qualidade, confiança e resultado. A…","Vídeo Institucional BMX Logística","","text/html; charset=utf-8","492","video","","portfolio-video","yes","yes","","102","","schema:,LocalBusiness,ProfessionalService,VideoObject,BreadcrumbList; tel:+55-11-91355-0533; +5511913550533; (11) 913550533; 5511913550533; 11913550533"
"alefotografo.com.br","https://www.alefotografo.com.br/videos/9-forum-abradilan","/videos/9-forum-abradilan","200","","https://www.alefotografo.com.br/videos/9-forum-abradilan","9º Forum ABRADILAN Alê Fotógrafo","A ABRADILAN promove o seu 9º Fórum ABRADILAN com a presença de seus associados e parceiros, conteúdo exclusivo para o setor e de grande valor.","9º Forum ABRADILAN","","text/html; charset=utf-8","421","video","","portfolio-video","yes","yes","","102","","schema:,LocalBusiness,ProfessionalService,VideoObject,BreadcrumbList; tel:+55-11-91355-0533; +5511913550533; 5511913550533; 11913550533"
"alefotografo.com.br","https://www.alefotografo.com.br/videos/professora-rita-curso-de-prestacao-de-contas-eleitorais-2024","/videos/professora-rita-curso-de-prestacao-de-contas-eleitorais-2024","200","","https://www.alefotografo.com.br/videos/professora-rita-curso-de-prestacao-de-contas-eleitorais-2024","Professora Rita Curso de Prestação de Contas Eleitorais 2024","A Professora Rita propomove seu exclusivo Curso de Prestação de Contas Eleitorais 2024, um evento incrível com muito conteúdo e com a presença de alunos de…","Professora Rita Curso de Prestação de Contas Eleitorais 2024","","text/html; charset=utf-8","478","video","","portfolio-video","yes","yes","","102","","schema:,LocalBusiness,ProfessionalService,VideoObject,BreadcrumbList; tel:+55-11-91355-0533; +5511913550533; 5511913550533; 11913550533"
"alefotografo.com.br","https://www.alefotografo.com.br/videos/unitec-video-institucional","/videos/unitec-video-institucional","200","","https://www.alefotografo.com.br/videos/unitec-video-institucional","UNITEC - Video Institucional Alê Fotógrafo","Vídeo institucional da UNITEC, com produção audiovisual realizada por Alê Fotógrafo para a comunicação da empresa.","UNITEC - Video Institucional","","text/html; charset=utf-8","427","video","","portfolio-video","yes","yes","","102","","schema:,LocalBusiness,ProfessionalService,VideoObject,BreadcrumbList; tel:+55-11-91355-0533; +5511913550533; 5511913550533; 11913550533"
"alefotografo.com.br","https://www.alefotografo.com.br/videos/ativa-log-estrutura-operacao-e-eficiencia-logistica","/videos/ativa-log-estrutura-operacao-e-eficiencia-logistica","200","","https://www.alefotografo.com.br/videos/ativa-log-estrutura-operacao-e-eficiencia-logistica","ATIVA Log Estrutura, Operação e Eficiência Logística","Vídeo institucional da ATIVA Log apresentando a estrutura, a operação e a eficiência logística da empresa.","ATIVA Log Estrutura, Operação e Eficiência Logística","","text/html; charset=utf-8","411","video","","portfolio-video","yes","yes","","102","","schema:,LocalBusiness,ProfessionalService,VideoObject,BreadcrumbList; tel:+55-11-91355-0533; +5511913550533; 5511913550533; 11913550533"
"alefotografo.com.br","https://www.alefotografo.com.br/videos/ibde-mendoza-iii-congresso-internacional","/videos/ibde-mendoza-iii-congresso-internacional","200","","https://www.alefotografo.com.br/videos/ibde-mendoza-iii-congresso-internacional","IBDE Mendoza III Congresso Internacional Alê Fotógrafo","O IBDE realizou com maestria do III Congresso Internacional em Mendonza com a presença de grandes nomes do Direito.","IBDE Mendoza III Congresso Internacional","","text/html; charset=utf-8","451","video","","portfolio-video","yes","yes","","102","","schema:,LocalBusiness,ProfessionalService,VideoObject,BreadcrumbList; tel:+55-11-91355-0533; +5511913550533; 5511913550533; 11913550533"
"alefotografo.com.br","https://www.alefotografo.com.br/videos/abradilan-25-anos","/videos/abradilan-25-anos","200","","https://www.alefotografo.com.br/videos/abradilan-25-anos","ABRADILAN 25 anos Alê Fotógrafo","Video do jantar de posse da nova diretoria da ABRADILAN e comemoração de 25 anos da ABRADILAN.","ABRADILAN 25 anos","","text/html; charset=utf-8","414","video","","portfolio-video","yes","yes","","102","","schema:,LocalBusiness,ProfessionalService,VideoObject,BreadcrumbList; tel:+55-11-91355-0533; +5511913550533; 5511913550533; 11913550533"
"alefotografo.com.br","https://www.alefotografo.com.br/videos/encontro-farmarcas-2023","/videos/encontro-farmarcas-2023","200","","https://www.alefotografo.com.br/videos/encontro-farmarcas-2023","Encontro Farmarcas 2023 Alê Fotógrafo","A Mais Corporativo mais uma vez mostra para que veio, nesse evento grande, desafiante e incrível o Encontro Farmarcas 2023, maior evento da Industria…","Encontro Farmarcas 2023","","text/html; charset=utf-8","456","video","","portfolio-video","yes","yes","","102","","schema:,LocalBusiness,ProfessionalService,VideoObject,BreadcrumbList; tel:+55-11-91355-0533; +5511913550533; 5511913550533; 11913550533"
"alefotografo.com.br","https://www.alefotografo.com.br/videos/15-convencao-abradilan-barcelo-bavaro-palace-punta-cana-01-a-06-nov-2022","/videos/15-convencao-abradilan-barcelo-bavaro-palace-punta-cana-01-a-06-nov-2022","200","","https://www.alefotografo.com.br/videos/15-convencao-abradilan-barcelo-bavaro-palace-punta-cana-01-a-06-nov-2022","15° CONVENÇÃO ABRADILAN - BARCELÓ BAVARO PALACE - PUNTA CANA","Vídeo da 15ª Convenção ABRADILAN realizada no Barceló Bávaro Palace, em Punta Cana, com registro audiovisual do encontro.","15° CONVENÇÃO ABRADILAN - BARCELÓ BAVARO PALACE - PUNTA CANA","","text/html; charset=utf-8","427","video","","portfolio-video","yes","yes","","102","","schema:,LocalBusiness,ProfessionalService,VideoObject,BreadcrumbList; tel:+55-11-91355-0533; +5511913550533; 5511913550533; 11913550533"
"alefotografo.com.br","https://www.alefotografo.com.br/videos/convencao-de-vendas-2023-tecnisa","/videos/convencao-de-vendas-2023-tecnisa","200","","https://www.alefotografo.com.br/videos/convencao-de-vendas-2023-tecnisa","Convenção de Vendas 2023 - Tecnisa Alê Fotógrafo","Produção de Fotografias e Videos em Stand de Feira de Negócios no Expo São Paulo.Gravação e edição: www.alefotografo.com.brWhats (11) 91355-0533","Convenção de Vendas 2023 - Tecnisa","","text/html; charset=utf-8","439","video","","portfolio-video","yes","yes","","102","","schema:,LocalBusiness,ProfessionalService,VideoObject,BreadcrumbList; tel:(11) 91355-0533; +55-11-91355-0533; +5511913550533; 5511913550533; 11913550533"
"alefotografo.com.br","https://www.alefotografo.com.br/videos/copapharma-coquetel-de-lancamento","/videos/copapharma-coquetel-de-lancamento","200","","https://www.alefotografo.com.br/videos/copapharma-coquetel-de-lancamento","Copapharma Coquetel de Lançamento Alê Fotógrafo","Cobertura em vídeo do coquetel de lançamento da Copapharma, com registro audiovisual do evento.","Copapharma Coquetel de Lançamento","","text/html; charset=utf-8","446","video","","portfolio-video","yes","yes","","102","","schema:,LocalBusiness,ProfessionalService,VideoObject,BreadcrumbList; tel:+55-11-91355-0533; +5511913550533; 5511913550533; 11913550533"
"alefotografo.com.br","https://www.alefotografo.com.br/videos/faz-negocios-3","/videos/faz-negocios-3","200","","https://www.alefotografo.com.br/videos/faz-negocios-3","Faz Negócios 3 Alê Fotógrafo","Vídeo do evento corporativo Faz Negócios 3, com cobertura audiovisual realizada por Alê Fotógrafo.","Faz Negócios 3","","text/html; charset=utf-8","438","video","","portfolio-video","yes","yes","","102","","schema:,LocalBusiness,ProfessionalService,VideoObject,BreadcrumbList; tel:+55-11-91355-0533; +5511913550533; 5511913550533; 11913550533"
"alefotografo.com.br","https://www.alefotografo.com.br/videos/festa-de-confraternizacao-2022-tecnisa","/videos/festa-de-confraternizacao-2022-tecnisa","200","","https://www.alefotografo.com.br/videos/festa-de-confraternizacao-2022-tecnisa","Festa de Confraternização 2022 - Tecnisa Alê Fotógrafo","Uma empresa é feita por pessoas, este video é um reconhecimento para quem no dia a dia faz o negócio acontecer na Tecnisa.","Festa de Confraternização 2022 - Tecnisa","","text/html; charset=utf-8","427","video","","portfolio-video","yes","yes","","102","","schema:,LocalBusiness,ProfessionalService,VideoObject,BreadcrumbList; tel:+55-11-91355-0533; +5511913550533; 5511913550533; 11913550533"
"alefotografo.com.br","https://www.alefotografo.com.br/videos/ii-congreso-brasileiro-de-direito-da-empresa","/videos/ii-congreso-brasileiro-de-direito-da-empresa","200","","https://www.alefotografo.com.br/videos/ii-congreso-brasileiro-de-direito-da-empresa","III Congreso Brasileiro de Direito da Empresa","O II Congresso Brasileiro do Direito da Empresa na cidade do Rio de Janeiro. Congresso que teve a presença de nomes ilustres do Direito e foram debatidos as…","III Congreso Brasileiro de Direito da Empresa","","text/html; charset=utf-8","474","video","","portfolio-video","yes","yes","","102","","schema:,LocalBusiness,ProfessionalService,VideoObject,BreadcrumbList; tel:+55-11-91355-0533; +5511913550533; 5511913550533; 11913550533"
"alefotografo.com.br","https://www.alefotografo.com.br/videos/sq-quimica-34-premio-sitivesp-de-fornecedor-do-ano","/videos/sq-quimica-34-premio-sitivesp-de-fornecedor-do-ano","200","","https://www.alefotografo.com.br/videos/sq-quimica-34-premio-sitivesp-de-fornecedor-do-ano","SQ Quimica - 34º Premio SITIVESP de Fornecedor do Ano","A SQ Química confirmou, pelo segundo ano consecutivo, que inovação e tecnologia estão mesmo presentes no seu DNA. É que no último dia 25 de novembro, a…","SQ Quimica - 34º Premio SITIVESP de Fornecedor do Ano","","text/html; charset=utf-8","471","video","","portfolio-video","yes","yes","","102","","schema:,LocalBusiness,ProfessionalService,VideoObject,BreadcrumbList; tel:+55-11-91355-0533; +5511913550533; 5511913550533; 11913550533"
"alefotografo.com.br","https://www.alefotografo.com.br/videos/onemba-class-2023-sao-paulo","/videos/onemba-class-2023-sao-paulo","200","","https://www.alefotografo.com.br/videos/onemba-class-2023-sao-paulo","OneMBA Class 2023 - São Paulo Alê Fotógrafo","Vídeo da turma OneMBA Class 2023 em São Paulo, com registro audiovisual do programa realizado por Alê Fotógrafo.","OneMBA Class 2023 - São Paulo","","text/html; charset=utf-8","435","video","","portfolio-video","yes","yes","","102","","schema:,LocalBusiness,ProfessionalService,VideoObject,BreadcrumbList; tel:+55-11-91355-0533; +5511913550533; 5511913550533; 11913550533"
"alefotografo.com.br","https://www.alefotografo.com.br/videos/galena-celebra","/videos/galena-celebra","200","","https://www.alefotografo.com.br/videos/galena-celebra","Galena Celebra Alê Fotógrafo","A Galena promove o seu evento &quot;Celebra&quot; juntamento com seus parceiros.","Galena Celebra","","text/html; charset=utf-8","428","video","","portfolio-video","yes","yes","","102","","schema:,LocalBusiness,ProfessionalService,VideoObject,BreadcrumbList; tel:+55-11-91355-0533; +5511913550533; 5511913550533; 11913550533"
"alefotografo.com.br","https://www.alefotografo.com.br/videos/sipat-2022-foseco","/videos/sipat-2022-foseco","200","","https://www.alefotografo.com.br/videos/sipat-2022-foseco","SIPAT 2022 - Foseco Alê Fotógrafo","A Foseco fecha sua Semana da SIPAT 2022 com um evento para toda a familia Foseco, seus colaboradores puderam apresentar as depedências de toda a fábrica para…","SIPAT 2022 - Foseco","","text/html; charset=utf-8","468","video","","portfolio-video","yes","yes","","102","","schema:,LocalBusiness,ProfessionalService,VideoObject,BreadcrumbList; tel:+55-11-91355-0533; +5511913550533; 5511913550533; 11913550533"
"alefotografo.com.br","https://www.alefotografo.com.br/videos/sq-quimica-unidade-vinhedo","/videos/sq-quimica-unidade-vinhedo","200","","https://www.alefotografo.com.br/videos/sq-quimica-unidade-vinhedo","SQ Quimica - Unidade Vinhedo Alê Fotógrafo","SQ Quimica inaugura sua unidade em Vinhedo","SQ Quimica - Unidade Vinhedo","","text/html; charset=utf-8","425","video","","portfolio-video","yes","yes","","102","","schema:,LocalBusiness,ProfessionalService,VideoObject,BreadcrumbList; tel:+55-11-91355-0533; +5511913550533; 5511913550533; 11913550533"
"alefotografo.com.br","https://www.alefotografo.com.br/videos/encontro-farmarcas-2022","/videos/encontro-farmarcas-2022","200","","https://www.alefotografo.com.br/videos/encontro-farmarcas-2022","Encontro Farmarcas 2022 Alê Fotógrafo","A Farmarcas promove seu tradicional Encontro de Associados que movimenta toda a cadeia farmacêutica, nesses dias os olhos da indústria ficam voltados para…","Encontro Farmarcas 2022","","text/html; charset=utf-8","438","video","","portfolio-video","yes","yes","","102","","schema:,LocalBusiness,ProfessionalService,VideoObject,BreadcrumbList; tel:+55-11-91355-0533; +5511913550533; 5511913550533; 11913550533"
"alefotografo.com.br","https://www.alefotografo.com.br/videos/i-congresso-brasileiro-de-direito-da-empresa-no-novo-futebol-ibde","/videos/i-congresso-brasileiro-de-direito-da-empresa-no-novo-futebol-ibde","200","","https://www.alefotografo.com.br/videos/i-congresso-brasileiro-de-direito-da-empresa-no-novo-futebol-ibde","I Congresso Brasileiro de Direito da Empresa no Novo…","O IBDE promove o 1º Congresso Brasileiro de Direito da Empresa no Novo Futebol em São Paulo no Hotel Intercontinental, com a presença de grandes nomes da…","I Congresso Brasileiro de Direito da Empresa no Novo Futebol - IBDE","","text/html; charset=utf-8","472","video","","portfolio-video","yes","yes","","102","","schema:,LocalBusiness,ProfessionalService,VideoObject,BreadcrumbList; tel:+55-11-91355-0533; +5511913550533; 5511913550533; 11913550533"
"alefotografo.com.br","https://www.alefotografo.com.br/videos/galena-35-anos","/videos/galena-35-anos","200","","https://www.alefotografo.com.br/videos/galena-35-anos","Galena 35 anos Alê Fotógrafo","Video do evento que marcou os 35 anos da Galena, em grande estilo a Galena mostrou para seus amigos e clientes que os próximos anos vão ser incríveis, com…","Galena 35 anos","","text/html; charset=utf-8","452","video","","portfolio-video","yes","yes","","102","","schema:,LocalBusiness,ProfessionalService,VideoObject,BreadcrumbList; tel:+55-11-91355-0533; +5511913550533; 5511913550533; 11913550533"
"alefotografo.com.br","https://www.alefotografo.com.br/videos/ativa-logistiva-video-do-programa-de-sustentabilidade","/videos/ativa-logistiva-video-do-programa-de-sustentabilidade","200","","https://www.alefotografo.com.br/videos/ativa-logistiva-video-do-programa-de-sustentabilidade","ATIVA Logística - Vídeo do programa de sustentabilidade","A ATIVA Logística apresenta seu programa de sustentabilidade, mostrando diversas ações internas e colhendo muitos resultados com essa iniciativa. video…","ATIVA Logística - Vídeo do programa de sustentabilidade","","text/html; charset=utf-8","489","video","","portfolio-video","yes","yes","","102","","schema:,LocalBusiness,ProfessionalService,VideoObject,BreadcrumbList; tel:+55-11-91355-0533; +5511913550533; 5511913550533; 11913550533"
"alefotografo.com.br","https://www.alefotografo.com.br/videos/sq-quimica-na-abrafati-show-2022","/videos/sq-quimica-na-abrafati-show-2022","200","","https://www.alefotografo.com.br/videos/sq-quimica-na-abrafati-show-2022","SQ QUIMICA na ABRAFATI SHOW 2022 Alê Fotógrafo","A SQ Quimica vem crescendo e se destacando no mercado, veja como foi a sua participação no ABRAFATI SHOW 2022 @alefotografo","SQ QUIMICA na ABRAFATI SHOW 2022","","text/html; charset=utf-8","448","video","","portfolio-video","yes","yes","","102","","schema:,LocalBusiness,ProfessionalService,VideoObject,BreadcrumbList; tel:+55-11-91355-0533; +5511913550533; 5511913550533; 11913550533"
"alefotografo.com.br","https://www.alefotografo.com.br/videos/ensaio-de-retratos-profissionais-ale-fotografo","/videos/ensaio-de-retratos-profissionais-ale-fotografo","200","","https://www.alefotografo.com.br/videos/ensaio-de-retratos-profissionais-ale-fotografo","Ensaio de Retratos profissionais - Alê Fotógrafo","Ensaio fotográfico realizado no estúdio da @Lumitec Foto para os integrantes da @Salomãoconcursos. @alefotografo Tags: #retratosprofissionais…","Ensaio de Retratos profissionais - Alê Fotógrafo","","text/html; charset=utf-8","426","video","","portfolio-video","yes","yes","","102","","schema:,LocalBusiness,ProfessionalService,VideoObject,BreadcrumbList; tel:+55-11-91355-0533; +5511913550533; 5511913550533; 11913550533"
"alefotografo.com.br","https://www.alefotografo.com.br/videos/confraternizacao-abradilan","/videos/confraternizacao-abradilan","200","","https://www.alefotografo.com.br/videos/confraternizacao-abradilan","Confraternização ABRADILAN Alê Fotógrafo","Vídeo da confraternização da ABRADILAN, com cobertura audiovisual do evento realizada por Alê Fotógrafo.","Confraternização ABRADILAN","","text/html; charset=utf-8","411","video","","portfolio-video","yes","yes","","102","","schema:,LocalBusiness,ProfessionalService,VideoObject,BreadcrumbList; tel:+55-11-91355-0533; +5511913550533; 5511913550533; 11913550533"
"alefotografo.com.br","https://www.alefotografo.com.br/videos/7-forum-abradilan","/videos/7-forum-abradilan","200","","https://www.alefotografo.com.br/videos/7-forum-abradilan","7º Fórum ABRADILAN de desenvolvimento empresarial","Vídeo do 7º Fórum ABRADILAN de Desenvolvimento Empresarial, com registro audiovisual do evento corporativo.","7º Fórum ABRADILAN de desenvolvimento empresarial","","text/html; charset=utf-8","419","video","","portfolio-video","yes","yes","","102","","schema:,LocalBusiness,ProfessionalService,VideoObject,BreadcrumbList; tel:+55-11-91355-0533; +5511913550533; 5511913550533; 11913550533"
"alefotografo.com.br","https://www.alefotografo.com.br/videos/retratos-profissionais-em-estudio","/videos/retratos-profissionais-em-estudio","200","","https://www.alefotografo.com.br/videos/retratos-profissionais-em-estudio","Retratos profissionais em estúdio Alê Fotógrafo","Ensaio fotografico realizado em estudio em São Paulo para Salomão Concursos","Retratos profissionais em estúdio","","text/html; charset=utf-8","434","video","","portfolio-video","yes","yes","","102","","schema:,LocalBusiness,ProfessionalService,VideoObject,BreadcrumbList; tel:+55-11-91355-0533; +5511913550533; 5511913550533; 11913550533"
"alefotografo.com.br","https://www.alefotografo.com.br/videos/retrato-corporativo-ensaio-fotografico","/videos/retrato-corporativo-ensaio-fotografico","200","","https://www.alefotografo.com.br/videos/retrato-corporativo-ensaio-fotografico","Retrato Corporativo - Ensaio fotografico Alê Fotógrafo","Ensaio de Retratos profissionais para Salomão Concursos","Retrato Corporativo - Ensaio fotografico","","text/html; charset=utf-8","425","video","","portfolio-video","yes","yes","","102","","schema:,LocalBusiness,ProfessionalService,VideoObject,BreadcrumbList; tel:+55-11-91355-0533; +5511913550533; 5511913550533; 11913550533"
"alefotografo.com.br","https://www.alefotografo.com.br/videos/teaser-ibis-botucatu-sp","/videos/teaser-ibis-botucatu-sp","200","","https://www.alefotografo.com.br/videos/teaser-ibis-botucatu-sp","Teaser do evento de inauguração - IBIS Botucatu -SP","Teaser do evento de inauguração do IBIS Botucatu - SP","Teaser do evento de inauguração - IBIS Botucatu -SP","","text/html; charset=utf-8","444","video","","portfolio-video","yes","yes","","102","","schema:,LocalBusiness,ProfessionalService,VideoObject,BreadcrumbList; tel:+55-11-91355-0533; +5511913550533; 5511913550533; 11913550533"
"alefotografo.com.br","https://www.alefotografo.com.br/videos/ibis-botucatu-video-manifesto","/videos/ibis-botucatu-video-manifesto","200","","https://www.alefotografo.com.br/videos/ibis-botucatu-video-manifesto","IBIS Botucatu - Video manifesto Alê Fotógrafo","Este video foi criado para ser apresentado no evento de inauguração para os investidores do IBIS na cidade de Botucatu - SP","IBIS Botucatu - Video manifesto","","text/html; charset=utf-8","442","video","","portfolio-video","yes","yes","","102","","schema:,LocalBusiness,ProfessionalService,VideoObject,BreadcrumbList; tel:+55-11-91355-0533; +5511913550533; 5511913550533; 11913550533"
"alefotografo.com.br","https://www.alefotografo.com.br/videos/curso-de-prestacao-de-contas-eleitorais-com-a-professora-rita-goncalves","/videos/curso-de-prestacao-de-contas-eleitorais-com-a-professora-rita-goncalves","200","","https://www.alefotografo.com.br/videos/curso-de-prestacao-de-contas-eleitorais-com-a-professora-rita-goncalves","Curso de Prestação de Contas Eleitorais com a Professora…","Vídeo do Curso de Prestação de Contas Eleitorais ministrado pela Professora Rita Gonçalves, com produção audiovisual de Alê Fotógrafo.","Curso de Prestação de Contas Eleitorais com a Professora Rita Gonçalves","","text/html; charset=utf-8","455","video","","portfolio-video","yes","yes","","102","","schema:,LocalBusiness,ProfessionalService,VideoObject,BreadcrumbList; tel:+55-11-91355-0533; +5511913550533; 5511913550533; 11913550533"
"alefotografo.com.br","https://www.alefotografo.com.br/videos/latin-sales-meeting-2022-em-punta-cana","/videos/latin-sales-meeting-2022-em-punta-cana","200","","https://www.alefotografo.com.br/videos/latin-sales-meeting-2022-em-punta-cana","Latin Sales Meeting 2022 em Punta Cana Alê Fotógrafo","Vídeo do Latin Sales Meeting 2022 realizado em Punta Cana, com registro audiovisual do encontro de vendas.","Latin Sales Meeting 2022 em Punta Cana","","text/html; charset=utf-8","450","video","","portfolio-video","yes","yes","","102","","schema:,LocalBusiness,ProfessionalService,VideoObject,BreadcrumbList; tel:+55-11-91355-0533; +5511913550533; 5511913550533; 11913550533"
"alefotografo.com.br","https://www.alefotografo.com.br/videos/jantar-febrafar-2022","/videos/jantar-febrafar-2022","200","","https://www.alefotografo.com.br/videos/jantar-febrafar-2022","Jantar Febrafar 2022 Alê Fotógrafo","Vídeo do Jantar Febrafar 2022, com registro audiovisual do evento corporativo assinado por Alê Fotógrafo.","Jantar Febrafar 2022","","text/html; charset=utf-8","444","video","","portfolio-video","yes","yes","","102","","schema:,LocalBusiness,ProfessionalService,VideoObject,BreadcrumbList; tel:+55-11-91355-0533; +5511913550533; 5511913550533; 11913550533"
"alefotografo.com.br","https://www.alefotografo.com.br/videos/salomao-concursos-aulao-em-sao-paulo","/videos/salomao-concursos-aulao-em-sao-paulo","200","","https://www.alefotografo.com.br/videos/salomao-concursos-aulao-em-sao-paulo","Salomão Concursos - Aulão em São Paulo Alê Fotógrafo","Vídeo do aulão do Salomão Concursos realizado em São Paulo, com produção audiovisual do evento educacional.","Salomão Concursos - Aulão em São Paulo","","text/html; charset=utf-8","441","video","","portfolio-video","yes","yes","","102","","schema:,LocalBusiness,ProfessionalService,VideoObject,BreadcrumbList; tel:+55-11-91355-0533; +5511913550533; 5511913550533; 11913550533"
"alefotografo.com.br","https://www.alefotografo.com.br/videos/renove-mudancas","/videos/renove-mudancas","200","","https://www.alefotografo.com.br/videos/renove-mudancas","Renove Mudanças Alê Fotógrafo","Neste video mostramos o beneficio do cliente contratar uma bo empresa de mudanças, acreditamos que histórias reais engajam e atraem mais clientes.","Renove Mudanças","","text/html; charset=utf-8","446","video","","portfolio-video","yes","yes","","102","","schema:,LocalBusiness,ProfessionalService,VideoObject,BreadcrumbList; tel:+55-11-91355-0533; +5511913550533; 5511913550533; 11913550533"
"alefotografo.com.br","https://www.alefotografo.com.br/videos/sitivesp-80-anos","/videos/sitivesp-80-anos","200","","https://www.alefotografo.com.br/videos/sitivesp-80-anos","SITIVESP 80 Anos Alê Fotógrafo","Teaser do Evento que marcou os 80 anos do SITIVESP com a apresentação do Maestro João Carlos Martins.","SITIVESP 80 Anos","","text/html; charset=utf-8","445","video","","portfolio-video","yes","yes","","102","","schema:,LocalBusiness,ProfessionalService,VideoObject,BreadcrumbList; tel:+55-11-91355-0533; +5511913550533; 5511913550533; 11913550533"
"alefotografo.com.br","https://www.alefotografo.com.br/videos/video-escritorio-rocha-e-queiroz","/videos/video-escritorio-rocha-e-queiroz","200","","https://www.alefotografo.com.br/videos/video-escritorio-rocha-e-queiroz","Video escritorio Rocha e Queiroz Alê Fotógrafo","O escritório rocha e Queiroz apresenta sua estrutura neste video institucional. Produção: @alefotografo","Video escritorio Rocha e Queiroz","","text/html; charset=utf-8","433","video","","portfolio-video","yes","yes","","102","","schema:,LocalBusiness,ProfessionalService,VideoObject,BreadcrumbList; tel:+55-11-91355-0533; +5511913550533; 5511913550533; 11913550533"
"alefotografo.com.br","https://www.alefotografo.com.br/videos/passion-for-excellence-latam-sales-meeting-2021-convatec","/videos/passion-for-excellence-latam-sales-meeting-2021-convatec","200","","https://www.alefotografo.com.br/videos/passion-for-excellence-latam-sales-meeting-2021-convatec","PASSION FOR EXCELLENCE - LATAM SALES MEETING 2021 - CONVATEC","PASSION FOR EXCELLENCE - LATAM SALES MEETING 2021 - CONVATEC","PASSION FOR EXCELLENCE - LATAM SALES MEETING 2021 - CONVATEC","","text/html; charset=utf-8","445","video","","portfolio-video","yes","yes","","102","","schema:,LocalBusiness,ProfessionalService,VideoObject,BreadcrumbList; tel:+55-11-91355-0533; +5511913550533; 5511913550533; 11913550533"
"alefotografo.com.br","https://www.alefotografo.com.br/videos/ativa-logistica","/videos/ativa-logistica","200","","https://www.alefotografo.com.br/videos/ativa-logistica","ATIVA Logística Alê Fotógrafo","Vídeo de apresentação dos serviços da Ativa Logística.","ATIVA Logística","","text/html; charset=utf-8","403","video","","portfolio-video","yes","yes","","102","","schema:,LocalBusiness,ProfessionalService,VideoObject,BreadcrumbList; tel:+55-11-91355-0533; +5511913550533; 5511913550533; 11913550533"
"alefotografo.com.br","https://www.alefotografo.com.br/videos/video-institucional-rocha-queiroz-advogados","/videos/video-institucional-rocha-queiroz-advogados","200","","https://www.alefotografo.com.br/videos/video-institucional-rocha-queiroz-advogados","Vídeo institucional Rocha &amp; Queiroz advogados","Vídeo institucional do escritório de advocacia Rocha e Queiroz advogados.","Vídeo institucional Rocha &amp; Queiroz advogados","","text/html; charset=utf-8","414","video","","portfolio-video","yes","yes","","102","","schema:,LocalBusiness,ProfessionalService,VideoObject,BreadcrumbList; tel:+55-11-91355-0533; +5511913550533; 5511913550533; 11913550533"
"alefotografo.com.br","https://www.alefotografo.com.br/videos/video-de-boas-festas-da-ativalog","/videos/video-de-boas-festas-da-ativalog","200","","https://www.alefotografo.com.br/videos/video-de-boas-festas-da-ativalog","Vídeo de Boas Festas da ATIVALOG Alê Fotógrafo","A ATIVA LOG nos deu o privilégio de produzir seu vídeo de Boas Festas com cenas da sua unidade decorada e 3 veículos da sua frota com decoração de Natal.","Vídeo de Boas Festas da ATIVALOG","","text/html; charset=utf-8","451","video","","portfolio-video","yes","yes","","102","","schema:,LocalBusiness,ProfessionalService,VideoObject,BreadcrumbList; tel:+55-11-91355-0533; +5511913550533; 5511913550533; 11913550533"
"alefotografo.com.br","https://www.alefotografo.com.br/videos/sustainable-foods-summit-edicao-sao-paulo","/videos/sustainable-foods-summit-edicao-sao-paulo","200","","https://www.alefotografo.com.br/videos/sustainable-foods-summit-edicao-sao-paulo","Sustainable Foods Summit - Edição São Paulo Alê Fotógrafo","Vídeo da edição São Paulo do Sustainable Foods Summit, com registro audiovisual do encontro sobre sustentabilidade no setor de alimentos.","Sustainable Foods Summit - Edição São Paulo","","text/html; charset=utf-8","444","video","","portfolio-video","yes","yes","","102","","schema:,LocalBusiness,ProfessionalService,VideoObject,BreadcrumbList; tel:+55-11-91355-0533; +5511913550533; 5511913550533; 11913550533"
"alefotografo.com.br","https://www.alefotografo.com.br/videos/encontro-de-craques-germed-1","/videos/encontro-de-craques-germed-1","200","","https://www.alefotografo.com.br/videos/encontro-de-craques-germed-1","Encontro de Craques GERMED Alê Fotógrafo","A GERMED promove um evento incrível no Museu do Futebol, evento este que foi regado de gente bonita, boa musica e de uma paixão nacional o nosso futebol.","Encontro de Craques GERMED","","text/html; charset=utf-8","441","video","","portfolio-video","yes","yes","","102","","schema:,LocalBusiness,ProfessionalService,VideoObject,BreadcrumbList; tel:+55-11-91355-0533; +5511913550533; 5511913550533; 11913550533"
"alefotografo.com.br","https://www.alefotografo.com.br/videos/ativa-logistica-apresenta-o-seu-centro-de-distribuicao-em-itapevi","/videos/ativa-logistica-apresenta-o-seu-centro-de-distribuicao-em-itapevi","200","","https://www.alefotografo.com.br/videos/ativa-logistica-apresenta-o-seu-centro-de-distribuicao-em-itapevi","Ativa Logística apresenta o seu Centro de Distribuição em…","A Ativa Logística apresenta para o mercado seu novo Centro de Distribuição em Itapevi, em um evento reservado e cercado de clientes e parceiros estratégicos…","Ativa Logística apresenta o seu Centro de Distribuição em Itapevi","","text/html; charset=utf-8","433","video","","portfolio-video","yes","yes","","102","","schema:,LocalBusiness,ProfessionalService,VideoObject,BreadcrumbList; tel:+55-11-91355-0533; +5511913550533; 5511913550533; 11913550533"
"alefotografo.com.br","https://www.alefotografo.com.br/videos/video-corporativo-fcw-premio-almirante-alvaro-alberto","/videos/video-corporativo-fcw-premio-almirante-alvaro-alberto","200","","https://www.alefotografo.com.br/videos/video-corporativo-fcw-premio-almirante-alvaro-alberto","FCW - Prêmio Almirante Álvaro Alberto Alê Fotógrafo","A Cientista e Professora Helena Bonciani recebe o Prêmio Almirante Álvaro Alberto da Fundação Conrado Wessel, com a presença da diretoria da FCW e um seleto…","FCW - Prêmio Almirante Álvaro Alberto","","text/html; charset=utf-8","458","video","","portfolio-video","yes","yes","","102","","schema:,LocalBusiness,ProfessionalService,VideoObject,BreadcrumbList; tel:+55-11-91355-0533; +5511913550533; 5511913550533; 11913550533"
"alefotografo.com.br","https://www.alefotografo.com.br/videos/ativa-logistica-unidade-barueri","/videos/ativa-logistica-unidade-barueri","200","","https://www.alefotografo.com.br/videos/ativa-logistica-unidade-barueri","Ativa Logística - Unidade Barueri Alê Fotógrafo","Vídeo da unidade Barueri da Ativa Logística, com produção audiovisual realizada por Alê Fotógrafo.","Ativa Logística - Unidade Barueri","","text/html; charset=utf-8","413","video","","portfolio-video","yes","yes","","102","","schema:,LocalBusiness,ProfessionalService,VideoObject,BreadcrumbList; tel:+55-11-91355-0533; +5511913550533; 5511913550533; 11913550533"
"alefotografos.com.br","https://alefotografos.com.br/","/","200","","https://alefotografos.com.br/","Alê Fotógrafos — Foto e Vídeo Corporativo para Empresas","Estrutura de fotografia e vídeo corporativo em São Paulo: equipe para operações simultâneas, congressos, feiras, indústria e banco de imagens para empresas.","Fotografia e vídeo corporativo em São Paulo com estrutura para operar em escala.","","text/html; charset=utf-8","1330","home","","institucional","yes","yes","","140","","schema:,FAQPage,WebPage; tel:+5511913550533; 5511913550533; 11913550533"
"alefotografos.com.br","https://alefotografos.com.br/fotografo-corporativo","/fotografo-corporativo","200","","https://alefotografos.com.br/fotografo-corporativo","Fotos Corporativas por Segmento em São Paulo Alê Fotógrafo","Veja 35 galerias reais: retrato executivo, equipes, escritórios, clínicas, advocacia, indústria e eventos. Orçamento no mesmo dia em São Paulo.","Portfólio de fotografia corporativa por segmento","","text/html; charset=utf-8","436","service","","servico","yes","yes","","110","","tel:+5511913550533; 5511913550533; 11913550533"
"alefotografos.com.br","https://alefotografos.com.br/fotos-corporativas","/fotos-corporativas","200","","https://alefotografos.com.br/fotos-corporativas","Fotos Corporativas em São Paulo Alê Fotógrafo","Fotos corporativas em São Paulo com 30 anos de experiência: retratos profissionais, fotos de equipe, escritório, eventos e produtos. Entrega em 1 a 3 dias úteis.","Fotos corporativas em São Paulo que passam confiança","","text/html; charset=utf-8","712","service","","servico","yes","yes","","154","","tel:+5511913550533; 5511913550533; 11913550533"
"alefotografos.com.br","https://alefotografos.com.br/foto-profissional","/foto-profissional","200","","https://alefotografos.com.br/foto-profissional","Foto Profissional em São Paulo Alê Fotógrafo","Foto profissional em São Paulo para LinkedIn, currículo, site e imprensa. Direção de pose, luz controlada e entrega em 1 a 3 dias. Orçamento pelo WhatsApp.","Foto Profissional em São Paulo","","text/html; charset=utf-8","692","service","","servico","yes","yes","","87","","schema:,BreadcrumbList; tel:+5511913550533; 5511913550533; 11913550533"
"alefotografos.com.br","https://alefotografos.com.br/foto-profissional-para-linkedin","/foto-profissional-para-linkedin","200","","https://alefotografos.com.br/foto-profissional-para-linkedin","Foto Profissional para LinkedIn em SP Alê Fotógrafo","Foto profissional para LinkedIn em São Paulo: sessão rápida, direção de pose, tratamento e recorte ideal para o perfil. Entrega em até 3 dias úteis.","Foto profissional para LinkedIn em São Paulo","","text/html; charset=utf-8","466","service","","servico","yes","yes","","78","","tel:+5511913550533; 5511913550533; 11913550533"
"alefotografos.com.br","https://alefotografos.com.br/fotografia-para-clinicas","/fotografia-para-clinicas","200","","https://alefotografos.com.br/fotografia-para-clinicas","Fotografia para Clínicas em São Paulo Alê Fotógrafo","Fotografia para clínicas em São Paulo: ambientes, equipe, procedimentos e retratos de médicos com padrão de credibilidade. Entrega em 1 a 3 dias úteis.","Fotografia para clínicas em São Paulo","","text/html; charset=utf-8","816","service","","servico","yes","yes","","114","","tel:+5511913550533; 5511913550533; 11913550533"
"alefotografos.com.br","https://alefotografos.com.br/fotografia-executiva","/fotografia-executiva","200","","https://alefotografos.com.br/fotografia-executiva","Fotografia Executiva em São Paulo Alê Fotógrafo","Fotografia executiva em São Paulo: retratos de diretoria, sócios, equipe comercial e palestrantes para LinkedIn, imprensa e material institucional. Orçamento no WhatsApp.","Fotografia executiva em São Paulo para diretoria, sócios e lideranças","","text/html; charset=utf-8","927","service","","servico","yes","yes","","106","","schema:,BreadcrumbList; tel:+5511913550533; 5511913550533; 11913550533"
"alefotografos.com.br","https://alefotografos.com.br/fotos-profissionais-medicos","/fotos-profissionais-medicos","200","","https://alefotografos.com.br/fotos-profissionais-medicos","Fotos Profissionais para Médicos e Clínicas em SP","Fotos profissionais para médicos e clínicas em São Paulo: retrato médico, equipe, ambientes, site, redes sociais e Google Business Profile. Orçamento pelo WhatsApp.","Fotos profissionais para médicos e clínicas em São Paulo","","text/html; charset=utf-8","884","service","","servico","yes","yes","","106","","schema:,BreadcrumbList; tel:+5511913550533; 5511913550533; 11913550533"
"alefotografos.com.br","https://alefotografos.com.br/fotografia-para-advogados","/fotografia-para-advogados","200","","https://alefotografos.com.br/fotografia-para-advogados","Fotografia para Advogados e Escritórios em SP","Fotografia profissional para advogados e escritórios em São Paulo: retratos de sócios, equipe, LinkedIn, site e banco de imagens institucional. Orçamento no WhatsApp.","Fotografia profissional para advogados e escritórios de advocacia","","text/html; charset=utf-8","883","service","","servico","yes","yes","","106","","schema:,BreadcrumbList; tel:+5511913550533; 5511913550533; 11913550533"
"alefotografos.com.br","https://alefotografos.com.br/eventos-corporativos","/eventos-corporativos","200","","https://alefotografos.com.br/eventos-corporativos","Fotógrafo de Eventos Corporativos em São Paulo","Cobertura de eventos corporativos em São Paulo: congressos, convenções, palestras, premiações e kick-offs em foto e vídeo, com prévia no mesmo dia. Orçamento no WhatsApp.","Fotógrafo de eventos corporativos em São Paulo","","text/html; charset=utf-8","904","service","","servico","yes","yes","","106","","schema:,BreadcrumbList; tel:+5511913550533; 5511913550533; 11913550533"
"alefotografos.com.br","https://alefotografos.com.br/fotografo-empresarial","/fotografo-empresarial","200","","https://alefotografos.com.br/fotografo-empresarial","Fotógrafo Empresarial em São Paulo Orçamento Hoje","Fotógrafo empresarial em São Paulo: retratos de equipe, escritório, indústria, logística e operação para site, LinkedIn e apresentações. Nota 4,9 e orçamento no WhatsApp.","Fotógrafo empresarial em São Paulo para equipe, escritório e operação","","text/html; charset=utf-8","951","service","","servico","yes","yes","","106","","schema:,BreadcrumbList; tel:+5511913550533; 5511913550533; 11913550533"
"alefotografos.com.br","https://alefotografos.com.br/fotografo-de-feira-de-negocios","/fotografo-de-feira-de-negocios","200","","https://alefotografos.com.br/fotografo-de-feira-de-negocios","Fotógrafo de Feira de Negócios em São Paulo Alê Fotógrafo","Fotógrafo de feira de negócios em São Paulo: cobertura de stand, expositores, palestras e networking no Expo Center Norte, São Paulo Expo e Anhembi. Prévia no mesmo dia.","Fotógrafo de feira de negócios em São Paulo","","text/html; charset=utf-8","935","service","","servico","yes","yes","","106","","schema:,BreadcrumbList; tel:+5511913550533; 5511913550533; 11913550533"
"alefotografos.com.br","https://alefotografos.com.br/videos","/videos","200","","https://alefotografos.com.br/videos","Vídeo Institucional para Empresas em São Paulo","Vídeo institucional, treinamento, depoimentos, eventos e feiras em São Paulo: roteiro, captação e edição. Veja 72 produções e peça seu orçamento.","Vídeos corporativos em São Paulo para empresas que precisam vender, treinar e comunicar melhor.","","text/html; charset=utf-8","751","video","","portfolio-video","yes","yes","","100","","schema:,Service,CollectionPage,FAQPage,BreadcrumbList; tel:+5511913550533; 5511913550533; (11) 91355-0533; 11913550533"
"alefotografos.com.br","https://alefotografos.com.br/blog","/blog","200","","https://alefotografos.com.br/blog","Blog de Fotografia Corporativa para Empresas SP","Artigos para empresas, RH e marketing: fotografia corporativa, eventos, industrial, institucional e vídeo em São Paulo.","Insights sobre fotografia e imagem profissional","","text/html; charset=utf-8","281","blog","","editorial","yes","yes","","76","","schema:,Blog; tel:+5511913550533; 5511913550533; 11913550533"
"alefotografos.com.br","https://alefotografos.com.br/sobre","/sobre","200","","https://alefotografos.com.br/sobre","Como Trabalhamos — Estrutura e Atendimento a Empresas","Como funciona o atendimento do Alê Fotógrafos: método de produção, equipe de apoio, logística em São Paulo e Grande SP e os segmentos empresariais atendidos.","Como funciona o atendimento a empresas no Alê Fotógrafos","","text/html; charset=utf-8","542","about","","institucional","yes","yes","","112","","schema:,AboutPage; tel:+5511913550533; 5511913550533; 11913550533"
"alefotografos.com.br","https://alefotografos.com.br/quem-e-o-ale","/quem-e-o-ale","200","","https://alefotografos.com.br/quem-e-o-ale","Quem é o Alê — Alexandre Machado, fotógrafo corporativo em SP","Conheça Alexandre Machado, o Alê Fotógrafo. 30 anos de fotografia corporativa em São Paulo — retratos executivos, eventos, indústria e vídeo institucional.","Alexandre Machado — o fotógrafo por trás do Alê Fotógrafo","","text/html; charset=utf-8","455","about","","institucional","yes","yes","","84","","schema:,Person,BreadcrumbList; tel:+5511913550533; 5511913550533; 11913550533"
"alefotografos.com.br","https://alefotografos.com.br/depoimentos","/depoimentos","200","","https://alefotografos.com.br/depoimentos","Depoimentos de Clientes de Fotos Corporativas","Depoimentos reais de empresas e executivos que contrataram Alê Fotógrafo para fotos corporativas, retratos e vídeo institucional em São Paulo.","O que dizem nossos clientes","","text/html; charset=utf-8","693","other","","prova-social","yes","yes","","87","","schema:,LocalBusiness; tel:+5511913550533; +55-11-91355-0533; 5511913550533; 11913550533"
"alefotografos.com.br","https://alefotografos.com.br/faq","/faq","200","","https://alefotografos.com.br/faq","Dúvidas: Preço e Prazo de Fotos Corporativas Alê Fotógrafo","Quanto custa, quanto tempo leva e como funciona uma sessão de fotos corporativas em São Paulo: preços, prazos, direitos de uso, equipe e drone.","Perguntas frequentes sobre fotografia e vídeo corporativo","","text/html; charset=utf-8","385","other","","duvidas","yes","yes","","78","","schema:,FAQPage,BreadcrumbList; tel:+5511913550533; 5511913550533; 11913550533"
"alefotografos.com.br","https://alefotografos.com.br/contato","/contato","200","","https://alefotografos.com.br/contato","Contato e Orçamento de Fotos Corporativas em SP","Peça orçamento de fotos corporativas, retratos profissionais e vídeo institucional em São Paulo. Estúdio no Jardim Paulista e atendimento na sua empresa.","Vamos conversar sobre seu projeto","","text/html; charset=utf-8","285","contact","","contato","yes","yes","","78","","schema:,LocalBusiness; tel:+5511913550533; +55-11-91355-0533; 5511913550533; 11913550533"
"alefotografos.com.br","https://alefotografos.com.br/fotografo-corporativo/fotografia-para-escritorios-de-advocacia","/fotografo-corporativo/fotografia-para-escritorios-de-advocacia","200","","https://alefotografos.com.br/fotografo-corporativo/fotografia-para-escritorios-de-advocacia","Fotografia para Escritórios de Advocacia em São Paulo","Fotos para escritórios de advocacia em São Paulo: retratos de sócios, equipe e ambientes com sobriedade e autoridade para site, LinkedIn e imprensa.","Fotografia para escritórios de advocacia","","text/html; charset=utf-8","527","service","","servico","yes","yes","","102","","schema:,ImageGallery,FAQPage,BreadcrumbList; tel:+5511913550533; 5511913550533; 11913550533"
"alefotografos.com.br","https://alefotografos.com.br/fotografo-corporativo/ensaio-feminino","/fotografo-corporativo/ensaio-feminino","200","","https://alefotografos.com.br/fotografo-corporativo/ensaio-feminino","Ensaio Fotográfico Feminino em São Paulo Alê Fotógrafo","Imagem profissional com elegância, presença e padrão executivo O ensaio feminino corporativo é a base da sua imagem profissional no LinkedIn, no site e em…","Ensaio Fotográfico Feminino","","text/html; charset=utf-8","493","service","","servico","yes","yes","","103","","schema:,ImageGallery,FAQPage,BreadcrumbList; tel:+5511913550533; 5511913550533; 11913550533"
"alefotografos.com.br","https://alefotografos.com.br/fotografo-corporativo/retrato-corporativo","/fotografo-corporativo/retrato-corporativo","200","","https://alefotografos.com.br/fotografo-corporativo/retrato-corporativo","Retrato Corporativo em SP Orçamento no Mesmo Dia","Retrato corporativo em São Paulo e Grande SP: direção de pose, luz e edição para LinkedIn e site. 30 anos de experiência, nota 4,9 (144 avaliações) e orçamento no mesmo dia.","Retrato Corporativo","","text/html; charset=utf-8","512","service","","servico","yes","yes","","104","","schema:,ImageGallery,FAQPage,BreadcrumbList; tel:+5511913550533; 5511913550533; 11913550533"
"alefotografos.com.br","https://alefotografos.com.br/fotografo-corporativo/retratos-de-medicos","/fotografo-corporativo/retratos-de-medicos","200","","https://alefotografos.com.br/fotografo-corporativo/retratos-de-medicos","Retratos de Médicos em São Paulo Fotógrafo Médico","Sessão de retratos para médicos em São Paulo, no consultório ou em estúdio. Direção de imagem, tratamento profissional e entrega rápida dos arquivos.","Retratos de Médicos","","text/html; charset=utf-8","527","service","","servico","yes","yes","","104","","schema:,ImageGallery,FAQPage,BreadcrumbList; tel:+5511913550533; 5511913550533; 11913550533"
"alefotografos.com.br","https://alefotografos.com.br/fotografo-corporativo/retratos-de-medicas","/fotografo-corporativo/retratos-de-medicas","200","","https://alefotografos.com.br/fotografo-corporativo/retratos-de-medicas","Retratos de Médicas em São Paulo Fotografia Profissional","Retratos profissionais para médicas em São Paulo com direção de pose e luz. Fotos elegantes para consultório, redes sociais, LinkedIn e imprensa.","Retratos de Médicas","","text/html; charset=utf-8","527","service","","servico","yes","yes","","104","","schema:,ImageGallery,FAQPage,BreadcrumbList; tel:+5511913550533; 5511913550533; 11913550533"
"alefotografos.com.br","https://alefotografos.com.br/fotografo-corporativo/fotos-para-clinicas-medicas","/fotografo-corporativo/fotos-para-clinicas-medicas","200","","https://alefotografos.com.br/fotografo-corporativo/fotos-para-clinicas-medicas","Fotos para Clínicas Médicas em SP Orçamento Hoje","Fotógrafo de clínicas em São Paulo: fotos de ambientes, recepção, equipe e procedimentos com padrão de credibilidade. Nota 4,9 (144 avaliações) e orçamento no mesmo dia.","Fotos para Clínicas Médicas","","text/html; charset=utf-8","527","service","","servico","yes","yes","","103","","schema:,ImageGallery,FAQPage,BreadcrumbList; tel:+5511913550533; 5511913550533; 11913550533"
"alefotografos.com.br","https://alefotografos.com.br/fotografo-corporativo/fotografia-corporativa-em-sao-paulo","/fotografo-corporativo/fotografia-corporativa-em-sao-paulo","200","","https://alefotografos.com.br/fotografo-corporativo/fotografia-corporativa-em-sao-paulo","Fotografia Corporativa em São Paulo Empresas e Equipes","Fotografia corporativa em São Paulo para empresas de todos os portes: retratos de equipe, ambientes e operação. Padrão editorial e entrega rápida.","Fotografia Corporativa","","text/html; charset=utf-8","523","service","","servico","yes","yes","","104","","schema:,ImageGallery,FAQPage,BreadcrumbList; tel:+5511913550533; 5511913550533; 11913550533"
"alefotografos.com.br","https://alefotografos.com.br/fotografo-corporativo/fotografo-de-eventos-corporativos","/fotografo-corporativo/fotografo-de-eventos-corporativos","200","","https://alefotografos.com.br/fotografo-corporativo/fotografo-de-eventos-corporativos","Portfólio de Eventos Corporativos — Palco, Plateia e Marca","Portfólio de eventos corporativos fotografados por Alexandre Machado: palco, plateia, networking e aplicação de marca de patrocinadores em eventos reais.","Portfólio de eventos corporativos fotografados em São Paulo","","text/html; charset=utf-8","535","service","","servico","yes","yes","","102","","schema:,ImageGallery,FAQPage,BreadcrumbList; tel:+5511913550533; 5511913550533; 11913550533"
"alefotografos.com.br","https://alefotografos.com.br/fotografo-corporativo/fotografo-feiras-stands","/fotografo-corporativo/fotografo-feiras-stands","200","","https://alefotografos.com.br/fotografo-corporativo/fotografo-feiras-stands","Fotógrafo de Feiras e Stands em São Paulo Alê Fotógrafo","Fotógrafo de feiras e stands em São Paulo: cobertura de expositores, produtos, palestras e visitantes no São Paulo Expo, Expo Center Norte e Anhembi. Prévia no mesmo dia.","Fotógrafo de Feiras de Negócios","","text/html; charset=utf-8","533","service","","servico","yes","yes","","102","","schema:,ImageGallery,FAQPage,BreadcrumbList; tel:+5511913550533; 5511913550533; 11913550533"
"alefotografos.com.br","https://alefotografos.com.br/fotografo-corporativo/totem-fotografico-totem-mania","/fotografo-corporativo/totem-fotografico-totem-mania","200","","https://alefotografos.com.br/fotografo-corporativo/totem-fotografico-totem-mania","Totem Fotográfico em São Paulo Alê Fotógrafo","Fotos impressas na hora que geram experiência e reforçam sua marca O totem fotográfico é uma solução estratégica para eventos corporativos e feiras de…","Totem Fotográfico","","text/html; charset=utf-8","527","service","","servico","yes","yes","","104","","schema:,ImageGallery,FAQPage,BreadcrumbList; tel:+5511913550533; 5511913550533; 11913550533"
"alefotografos.com.br","https://alefotografos.com.br/fotografo-corporativo/foto-impressa-na-hora","/fotografo-corporativo/foto-impressa-na-hora","200","","https://alefotografos.com.br/fotografo-corporativo/foto-impressa-na-hora","Foto Recordação impressas na hora em São Paulo","A lembrança do seu evento entregue no momento certo, com padrão profissional A foto lembrança, também conhecida como foto recordação, é uma forma eficiente…","Foto Recordação impressas na hora","","text/html; charset=utf-8","528","service","","servico","yes","yes","","103","","schema:,ImageGallery,FAQPage,BreadcrumbList; tel:+5511913550533; 5511913550533; 11913550533"
"alefotografos.com.br","https://alefotografos.com.br/fotografo-corporativo/fotografia-de-logistica","/fotografo-corporativo/fotografia-de-logistica","200","","https://alefotografos.com.br/fotografo-corporativo/fotografia-de-logistica","Fotografia de Logística em SP Armazém e Frota","Fotografia de logística em São Paulo: centro de distribuição, armazém, expedição, frota e equipes em operação. Imagens prontas para site, propostas e licitações.","Fotografia de Logística","","text/html; charset=utf-8","526","service","","servico","yes","yes","","102","","schema:,ImageGallery,FAQPage,BreadcrumbList; tel:+5511913550533; 5511913550533; 11913550533"
"alefotografos.com.br","https://alefotografos.com.br/fotografo-corporativo/ensaio-fotografico-para-dentistas","/fotografo-corporativo/ensaio-fotografico-para-dentistas","200","","https://alefotografos.com.br/fotografo-corporativo/ensaio-fotografico-para-dentistas","Ensaio fotográfico para Dentistas em São Paulo","Imagem que transmite confiança, credibilidade e valor desde o primeiro contato A decisão do paciente começa antes da consulta. Ele avalia sua clínica no…","Ensaio fotográfico para Dentistas","","text/html; charset=utf-8","525","service","","servico","yes","yes","","102","","schema:,ImageGallery,FAQPage,BreadcrumbList; tel:+5511913550533; 5511913550533; 11913550533"
"alefotografos.com.br","https://alefotografos.com.br/fotografo-corporativo/fotografo-de-arquitetura-e-interiores","/fotografo-corporativo/fotografo-de-arquitetura-e-interiores","200","","https://alefotografos.com.br/fotografo-corporativo/fotografo-de-arquitetura-e-interiores","Fotografia de Arquitetura em São Paulo Alê Fotógrafo","Imagens que valorizam o projeto e elevam seu portfólio Fotografia de arquitetura é o que transforma um bom projeto em apresentação que convence. Eu produzo…","Fotografia de Arquitetura","","text/html; charset=utf-8","543","service","","servico","yes","yes","","102","","schema:,ImageGallery,FAQPage,BreadcrumbList; tel:+5511913550533; 5511913550533; 11913550533"
"alefotografos.com.br","https://alefotografos.com.br/fotografo-corporativo/banco-de-imagens-para-empresas","/fotografo-corporativo/banco-de-imagens-para-empresas","200","","https://alefotografos.com.br/fotografo-corporativo/banco-de-imagens-para-empresas","Banco de Imagens para Empresas em São Paulo Alê Fotógrafo","Criação de banco de imagens próprio para empresas em São Paulo: pessoas, ambientes e processos reais, com direito de uso e organização por temas.","Banco de Imagens Empresarial","","text/html; charset=utf-8","538","service","","servico","yes","yes","","104","","schema:,ImageGallery,FAQPage,BreadcrumbList; tel:+5511913550533; 5511913550533; 11913550533"
"alefotografos.com.br","https://alefotografos.com.br/fotografo-corporativo/fotografia-institucional-em-saopaulo","/fotografo-corporativo/fotografia-institucional-em-saopaulo","200","","https://alefotografos.com.br/fotografo-corporativo/fotografia-institucional-em-saopaulo","Fotografia Institucional em São Paulo Empresas","Fotografia institucional em São Paulo: retratos de liderança, ambientes e processos para relatórios, sites e materiais de comunicação corporativa.","Fotografia Institucional","","text/html; charset=utf-8","517","service","","servico","yes","yes","","102","","schema:,ImageGallery,FAQPage,BreadcrumbList; tel:+5511913550533; 5511913550533; 11913550533"
"alefotografos.com.br","https://alefotografos.com.br/fotografo-corporativo/ensaio-fotografico-para-redes-sociais","/fotografo-corporativo/ensaio-fotografico-para-redes-sociais","200","","https://alefotografos.com.br/fotografo-corporativo/ensaio-fotografico-para-redes-sociais","Ensaio Fotográfico para Redes Sociais em São Paulo","Eleve sua presença digital com fotografia e vídeo profissional Na era do conteúdo, imagem consistente é o que sustenta posicionamento e facilita parceria com…","Ensaio Fotográfico para Redes Sociais","","text/html; charset=utf-8","536","service","","servico","yes","yes","","102","","schema:,ImageGallery,FAQPage,BreadcrumbList; tel:+5511913550533; 5511913550533; 11913550533"
"alefotografos.com.br","https://alefotografos.com.br/fotografo-corporativo/fotos-aereas","/fotografo-corporativo/fotos-aereas","200","","https://alefotografos.com.br/fotografo-corporativo/fotos-aereas","Fotos Aéreas em São Paulo Alê Fotógrafo","Imagens que mostram escala, localização e impacto do seu projeto Fotografia e vídeo aéreo com drone entregam o que foto no chão não consegue: visão do…","Fotos Aéreas","","text/html; charset=utf-8","528","service","","servico","yes","yes","","102","","schema:,ImageGallery,FAQPage,BreadcrumbList; tel:+5511913550533; 5511913550533; 11913550533"
"alefotografos.com.br","https://alefotografos.com.br/fotografo-corporativo/empreendimentos-imobiliarios","/fotografo-corporativo/empreendimentos-imobiliarios","200","","https://alefotografos.com.br/fotografo-corporativo/empreendimentos-imobiliarios","Fotografia de Empreendimentos Imobiliários em SP","Fotografia de empreendimentos imobiliários em São Paulo: fachadas, áreas comuns, decorados e obra. Imagens para lançamentos, portais e material de venda.","Fotografias de Empreendimentos imobiliários","","text/html; charset=utf-8","517","service","","servico","yes","yes","","102","","schema:,ImageGallery,FAQPage,BreadcrumbList; tel:+5511913550533; 5511913550533; 11913550533"
"alefotografos.com.br","https://alefotografos.com.br/fotografo-corporativo/fotografo-de-retratos-profissionais","/fotografo-corporativo/fotografo-de-retratos-profissionais","200","","https://alefotografos.com.br/fotografo-corporativo/fotografo-de-retratos-profissionais","Banco de Imagens Corporativo Fotografia em São Paulo","Produção de banco de imagens corporativo em São Paulo com pessoas e ambientes da sua operação. Acervo consistente para site, campanhas e apresentações.","Banco de imagens para empresas","","text/html; charset=utf-8","550","service","","servico","yes","yes","","103","","schema:,ImageGallery,FAQPage,BreadcrumbList; tel:+5511913550533; 5511913550533; 11913550533"
"alefotografos.com.br","https://alefotografos.com.br/fotografo-corporativo/eventos-corporativos","/fotografo-corporativo/eventos-corporativos","200","","https://alefotografos.com.br/fotografo-corporativo/eventos-corporativos","Galeria de Eventos Empresariais — Fotos Reais de Coberturas","Galeria de fotos reais de eventos empresariais: convenções, palestras, kick-offs e premiações registrados em coberturas realizadas em São Paulo.","Galeria de fotos de eventos empresariais","","text/html; charset=utf-8","531","service","","servico","yes","yes","","102","","schema:,ImageGallery,FAQPage,BreadcrumbList; tel:+5511913550533; 5511913550533; 11913550533"
"alefotografos.com.br","https://alefotografos.com.br/fotografo-corporativo/fotografo-festa-de-confraternizacao","/fotografo-corporativo/fotografo-festa-de-confraternizacao","200","","https://alefotografos.com.br/fotografo-corporativo/fotografo-festa-de-confraternizacao","Festa da Firma em São Paulo Alê Fotógrafo","Fotografia, vídeo e foto lembrança para registrar e valorizar seu evento A festa de confraternização de empresas é um momento único para reforçar cultura…","Festa da Firma","","text/html; charset=utf-8","530","service","","servico","yes","yes","","103","","schema:,ImageGallery,FAQPage,BreadcrumbList; tel:+5511913550533; 5511913550533; 11913550533"
"alefotografos.com.br","https://alefotografos.com.br/fotografo-corporativo/fotografo-festa-de-confraternizacao-1-1","/fotografo-corporativo/fotografo-festa-de-confraternizacao-1-1","200","","https://alefotografos.com.br/fotografo-corporativo/fotografo-festa-de-confraternizacao-1-1","Festa de Confraternização em São Paulo Alê Fotógrafo","Tenho a receita perfeita para eternizar este momento. Fotografo para Festa de Confraternização em São PauloCom 30 anos atendendo grandes empresas, fazendo…","Festa de Confraternização","","text/html; charset=utf-8","534","service","","servico","yes","yes","","103","","schema:,ImageGallery,FAQPage,BreadcrumbList; tel:+5511913550533; 5511913550533; 11913550533"
"alefotografos.com.br","https://alefotografos.com.br/fotografo-corporativo/fotografo-profissional-em-sao-paulo","/fotografo-corporativo/fotografo-profissional-em-sao-paulo","200","","https://alefotografos.com.br/fotografo-corporativo/fotografo-profissional-em-sao-paulo","Fotografia Empresarial em São Paulo Fotógrafo Profissional","Fotografia empresarial em São Paulo: equipes, ambientes, produtos e eventos. Um fotógrafo profissional para abastecer site, campanhas e redes da empresa.","Fotografia empresarial","","text/html; charset=utf-8","519","service","","servico","yes","yes","","103","","schema:,ImageGallery,FAQPage,BreadcrumbList; tel:+5511913550533; 5511913550533; 11913550533"
"alefotografos.com.br","https://alefotografos.com.br/fotografo-corporativo/banco-de-imagens-para-escolas","/fotografo-corporativo/banco-de-imagens-para-escolas","200","","https://alefotografos.com.br/fotografo-corporativo/banco-de-imagens-para-escolas","Banco de Imagens para escolas em São Paulo Alê Fotógrafo","Fotos profissionais para comunicar estrutura, equipe e experiência de ensino Banco de imagens para escolas é um acervo de fotos produzido sob medida para sua…","Banco de Imagens para escolas","","text/html; charset=utf-8","556","service","","servico","yes","yes","","103","","schema:,ImageGallery,FAQPage,BreadcrumbList; tel:+5511913550533; 5511913550533; 11913550533"
"alefotografos.com.br","https://alefotografos.com.br/fotografo-corporativo/fotografo-de-grupos-times-e-equipes","/fotografo-corporativo/fotografo-de-grupos-times-e-equipes","200","","https://alefotografos.com.br/fotografo-corporativo/fotografo-de-grupos-times-e-equipes","Fotógrafo de Grupos, Times e Equipes em São Paulo","Fotos profissionais para mostrar seu time com unidade e padrão Fotografia de grupos, times e equipes é o que deixa a imagem da empresa organizada e coerente…","Fotógrafo de Grupos, Times e Equipes","","text/html; charset=utf-8","531","service","","servico","yes","yes","","103","","schema:,ImageGallery,FAQPage,BreadcrumbList; tel:+5511913550533; 5511913550533; 11913550533"
"alefotografos.com.br","https://alefotografos.com.br/fotografo-corporativo/fotografia-industrial","/fotografo-corporativo/fotografia-industrial","200","","https://alefotografos.com.br/fotografo-corporativo/fotografia-industrial","Fotografia Industrial em São Paulo Indústrias e Plantas","Fotografia industrial em São Paulo: linhas de produção, equipamentos e equipes em operação, com segurança e padrão técnico para catálogos e sites.","Fotografia Industrial","","text/html; charset=utf-8","519","service","","servico","yes","yes","","104","","schema:,ImageGallery,FAQPage,BreadcrumbList; tel:+5511913550533; 5511913550533; 11913550533"
"alefotografos.com.br","https://alefotografos.com.br/fotografo-corporativo/fotos-de-paes","/fotografo-corporativo/fotos-de-paes","200","","https://alefotografos.com.br/fotografo-corporativo/fotos-de-paes","Fotos de pães em São Paulo Alê Fotógrafo","Imagens que mostram textura, casca e miolo do jeito que vende Pão artesanal vende muito no olhar: casca crocante, miolo aberto, fermentação, manteiga…","Fotos de pães","","text/html; charset=utf-8","507","service","","servico","yes","yes","","101","","schema:,ImageGallery,FAQPage,BreadcrumbList; tel:+5511913550533; 5511913550533; 11913550533"
"alefotografos.com.br","https://alefotografos.com.br/fotografo-corporativo/fotos-de-hamburguer","/fotografo-corporativo/fotos-de-hamburguer","200","","https://alefotografos.com.br/fotografo-corporativo/fotos-de-hamburguer","Foto de Hambúrguer em São Paulo Alê Fotógrafo","Para que serve Fotos para cardápio (impresso e digital) Imagens para iFood, Rappi e outras plataformas Conteúdo para Instagram (feed, stories e anúncios)…","Foto de Hambúrguer","","text/html; charset=utf-8","504","service","","servico","yes","yes","","101","","schema:,ImageGallery,FAQPage,BreadcrumbList; tel:+5511913550533; 5511913550533; 11913550533"
"alefotografos.com.br","https://alefotografos.com.br/fotografo-corporativo/fotografo-de-drinks-coqueteis","/fotografo-corporativo/fotografo-de-drinks-coqueteis","200","","https://alefotografos.com.br/fotografo-corporativo/fotografo-de-drinks-coqueteis","Fotografia de Drinks em São Paulo Alê Fotógrafo","Imagens que destacam cor, brilho e textura para vender no cardápio e nas redes Fotografia de drinks é o que faz o cliente pedir antes mesmo do primeiro gole…","Fotografia de Drinks","","text/html; charset=utf-8","512","service","","servico","yes","yes","","101","","schema:,ImageGallery,FAQPage,BreadcrumbList; tel:+5511913550533; 5511913550533; 11913550533"
"alefotografos.com.br","https://alefotografos.com.br/fotografo-corporativo/fotografo-de-culinaria","/fotografo-corporativo/fotografo-de-culinaria","200","","https://alefotografos.com.br/fotografo-corporativo/fotografo-de-culinaria","Fotografia de Culinária em São Paulo Alê Fotógrafo","Imagens que abrem apetite e vendem no cardápio, delivery e redes sociais Fotografia de culinária é o que faz o prato parecer tão bom quanto ele é. Eu produzo…","Fotografia de Culinária","","text/html; charset=utf-8","506","service","","servico","yes","yes","","102","","schema:,ImageGallery,FAQPage,BreadcrumbList; tel:+5511913550533; 5511913550533; 11913550533"
"alefotografos.com.br","https://alefotografos.com.br/fotografo-corporativo/fotos-para-restaurantes","/fotografo-corporativo/fotos-para-restaurantes","200","","https://alefotografos.com.br/fotografo-corporativo/fotos-para-restaurantes","Fotos para Restaurantes em São Paulo Alê Fotógrafo","Imagens que valorizam seu cardápio e aumentam pedidos no delivery Fotos para restaurantes fazem o cliente decidir mais rápido: prato bonito, ambiente bem…","Fotos para Restaurantes","","text/html; charset=utf-8","504","service","","servico","yes","yes","","101","","schema:,ImageGallery,FAQPage,BreadcrumbList; tel:+5511913550533; 5511913550533; 11913550533"
"alefotografos.com.br","https://alefotografos.com.br/fotografo-corporativo/fotografo-de-retratos-corporativos","/fotografo-corporativo/fotografo-de-retratos-corporativos","200","","https://alefotografos.com.br/fotografo-corporativo/fotografo-de-retratos-corporativos","Retratos Profissionais em São Paulo Ensaio Executivo","Ensaio de retratos profissionais em São Paulo, em estúdio ou na sua empresa. Fotos com naturalidade e padrão executivo para currículo, LinkedIn e mídia.","Retratos","","text/html; charset=utf-8","497","service","","servico","yes","yes","","102","","schema:,ImageGallery,FAQPage,BreadcrumbList; tel:+5511913550533; 5511913550533; 11913550533"
"alefotografos.com.br","https://alefotografos.com.br/fotografo-corporativo/fotografia-industrial-em-sp","/fotografo-corporativo/fotografia-industrial-em-sp","200","","https://alefotografos.com.br/fotografo-corporativo/fotografia-industrial-em-sp","Fotografia Industrial em São Paulo Fábrica e Produção","Fotografia industrial em São Paulo: linha de produção, maquinário, equipes e ambientes de fábrica com segurança e padrão técnico. Orçamento no mesmo dia no WhatsApp.","Fotografia Industrial","","text/html; charset=utf-8","505","service","","servico","yes","yes","","103","","schema:,ImageGallery,FAQPage,BreadcrumbList; tel:+5511913550533; 5511913550533; 11913550533"
"alefotografos.com.br","https://alefotografos.com.br/fotografo-corporativo/fotos-profissionais-para-medicos","/fotografo-corporativo/fotos-profissionais-para-medicos","200","","https://alefotografos.com.br/fotografo-corporativo/fotos-profissionais-para-medicos","Fotos Profissionais para Médicos em São Paulo","Retratos profissionais para médicos e médicas em São Paulo: jaleco, consultório ou estúdio. Fotos que transmitem confiança para pacientes e convênios.","Fotos Profissionais para Médicos","","text/html; charset=utf-8","520","service","","servico","yes","yes","","103","","schema:,ImageGallery,FAQPage,BreadcrumbList; tel:+5511913550533; 5511913550533; 11913550533"
"alefotografos.com.br","https://alefotografos.com.br/fotografo-corporativo-em/vila-olimpia","/fotografo-corporativo-em/vila-olimpia","200","","https://alefotografos.com.br/fotografo-corporativo-em/vila-olimpia","Fotógrafo Corporativo na Vila Olímpia — SP Alê Fotógrafo","Fotografia corporativa na Vila Olímpia (Zona Sul de São Paulo): fotos de equipes, eventos de empresa, institucional e vídeo. Equipe própria, atendimento no seu escritório em SP.","Fotógrafo Corporativo na Vila Olímpia","","text/html; charset=utf-8","633","service","","local-seo","yes","yes","","128","","schema:,Service,BreadcrumbList; tel:+5511913550533; 5511913550533; 11913550533"
"alefotografos.com.br","https://alefotografos.com.br/fotografo-corporativo-em/faria-lima","/fotografo-corporativo-em/faria-lima","200","","https://alefotografos.com.br/fotografo-corporativo-em/faria-lima","Fotógrafo Corporativo na Faria Lima — SP Alê Fotógrafo","Fotografia corporativa na Faria Lima (Zona Sul de São Paulo): fotos de equipes, eventos de empresa, institucional e vídeo. Equipe própria, atendimento no seu escritório em SP.","Fotógrafo Corporativo na Faria Lima","","text/html; charset=utf-8","630","service","","local-seo","yes","yes","","128","","schema:,Service,BreadcrumbList; tel:+5511913550533; 5511913550533; 11913550533"
"alefotografos.com.br","https://alefotografos.com.br/fotografo-corporativo-em/avenida-paulista","/fotografo-corporativo-em/avenida-paulista","200","","https://alefotografos.com.br/fotografo-corporativo-em/avenida-paulista","Fotógrafo Corporativo na Avenida Paulista — SP","Fotografia corporativa na Avenida Paulista (Região Central de São Paulo): fotos de equipes, eventos de empresa, institucional e vídeo. Equipe própria, atendimento no seu escritório em SP.","Fotógrafo Corporativo na Avenida Paulista","","text/html; charset=utf-8","625","service","","local-seo","yes","yes","","128","","schema:,Service,BreadcrumbList; tel:+5511913550533; 5511913550533; 11913550533"
"alefotografos.com.br","https://alefotografos.com.br/fotografo-corporativo-em/berrini","/fotografo-corporativo-em/berrini","200","","https://alefotografos.com.br/fotografo-corporativo-em/berrini","Fotógrafo Corporativo na Berrini — SP Alê Fotógrafo","Fotografia corporativa na Berrini (Zona Sul de São Paulo): fotos de equipes, eventos de empresa, institucional e vídeo. Equipe própria, atendimento no seu escritório em SP.","Fotógrafo Corporativo na Berrini","","text/html; charset=utf-8","616","service","","local-seo","yes","yes","","128","","schema:,Service,BreadcrumbList; tel:+5511913550533; 5511913550533; 11913550533"
"alefotografos.com.br","https://alefotografos.com.br/fotografo-corporativo-em/itaim-bibi","/fotografo-corporativo-em/itaim-bibi","200","","https://alefotografos.com.br/fotografo-corporativo-em/itaim-bibi","Fotógrafo Corporativo na Itaim Bibi — SP Alê Fotógrafo","Fotografia corporativa na Itaim Bibi (Zona Sul de São Paulo): fotos de equipes, eventos de empresa, institucional e vídeo. Equipe própria, atendimento no seu escritório em SP.","Fotógrafo Corporativo na Itaim Bibi","","text/html; charset=utf-8","625","service","","local-seo","yes","yes","","128","","schema:,Service,BreadcrumbList; tel:+5511913550533; 5511913550533; 11913550533"
"alefotografos.com.br","https://alefotografos.com.br/fotografo-corporativo-em/pinheiros","/fotografo-corporativo-em/pinheiros","200","","https://alefotografos.com.br/fotografo-corporativo-em/pinheiros","Fotógrafo Corporativo em Pinheiros — SP Alê Fotógrafo","Fotografia corporativa em Pinheiros (Zona Oeste de São Paulo): fotos de equipes, eventos de empresa, institucional e vídeo. Equipe própria, atendimento no seu escritório em SP.","Fotógrafo Corporativo em Pinheiros","","text/html; charset=utf-8","627","service","","local-seo","yes","yes","","128","","schema:,Service,BreadcrumbList; tel:+5511913550533; 5511913550533; 11913550533"
"alefotografos.com.br","https://alefotografos.com.br/fotografo-corporativo-em/jardim-paulistano","/fotografo-corporativo-em/jardim-paulistano","200","","https://alefotografos.com.br/fotografo-corporativo-em/jardim-paulistano","Fotógrafo Corporativo no Jardim Paulistano — SP","Fotografia corporativa no Jardim Paulistano (Zona Sul de São Paulo): fotos de equipes, eventos de empresa, institucional e vídeo. Equipe própria, atendimento no seu escritório em SP.","Fotógrafo Corporativo no Jardim Paulistano","","text/html; charset=utf-8","617","service","","local-seo","yes","yes","","128","","schema:,Service,BreadcrumbList; tel:+5511913550533; 5511913550533; 11913550533"
"alefotografos.com.br","https://alefotografos.com.br/fotografo-corporativo-em/brooklin","/fotografo-corporativo-em/brooklin","200","","https://alefotografos.com.br/fotografo-corporativo-em/brooklin","Fotógrafo Corporativo no Brooklin — SP Alê Fotógrafo","Fotografia corporativa no Brooklin (Zona Sul de São Paulo): fotos de equipes, eventos de empresa, institucional e vídeo. Equipe própria, atendimento no seu escritório em SP.","Fotógrafo Corporativo no Brooklin","","text/html; charset=utf-8","617","service","","local-seo","yes","yes","","128","","schema:,Service,BreadcrumbList; tel:+5511913550533; 5511913550533; 11913550533"
"alefotografos.com.br","https://alefotografos.com.br/fotografo-corporativo-em/cidade-moncoes","/fotografo-corporativo-em/cidade-moncoes","200","","https://alefotografos.com.br/fotografo-corporativo-em/cidade-moncoes","Fotógrafo Corporativo na Cidade Monções — SP Alê Fotógrafo","Fotografia corporativa na Cidade Monções (Zona Sul de São Paulo): fotos de equipes, eventos de empresa, institucional e vídeo. Equipe própria, atendimento no seu escritório em SP.","Fotógrafo Corporativo na Cidade Monções","","text/html; charset=utf-8","619","service","","local-seo","yes","yes","","128","","schema:,Service,BreadcrumbList; tel:+5511913550533; 5511913550533; 11913550533"
"alefotografos.com.br","https://alefotografos.com.br/fotografo-corporativo-em/vila-madalena","/fotografo-corporativo-em/vila-madalena","200","","https://alefotografos.com.br/fotografo-corporativo-em/vila-madalena","Fotógrafo Corporativo na Vila Madalena — SP Alê Fotógrafo","Fotografia corporativa na Vila Madalena (Zona Oeste de São Paulo): fotos de equipes, eventos de empresa, institucional e vídeo. Equipe própria, atendimento no seu escritório em SP.","Fotógrafo Corporativo na Vila Madalena","","text/html; charset=utf-8","627","service","","local-seo","yes","yes","","128","","schema:,Service,BreadcrumbList; tel:+5511913550533; 5511913550533; 11913550533"
"alefotografos.com.br","https://alefotografos.com.br/fotografo-corporativo-em/cerqueira-cesar","/fotografo-corporativo-em/cerqueira-cesar","200","","https://alefotografos.com.br/fotografo-corporativo-em/cerqueira-cesar","Fotógrafo Corporativo na Cerqueira César — SP","Fotografia corporativa na Cerqueira César (Região Central de São Paulo): fotos de equipes, eventos de empresa, institucional e vídeo. Equipe própria, atendimento no seu escritório em SP.","Fotógrafo Corporativo na Cerqueira César","","text/html; charset=utf-8","614","service","","local-seo","yes","yes","","128","","schema:,Service,BreadcrumbList; tel:+5511913550533; 5511913550533; 11913550533"
"alefotografos.com.br","https://alefotografos.com.br/fotografo-corporativo-em/consolacao","/fotografo-corporativo-em/consolacao","200","","https://alefotografos.com.br/fotografo-corporativo-em/consolacao","Fotógrafo Corporativo na Consolação — SP Alê Fotógrafo","Fotografia corporativa na Consolação (Região Central de São Paulo): fotos de equipes, eventos de empresa, institucional e vídeo. Equipe própria, atendimento no seu escritório em SP.","Fotógrafo Corporativo na Consolação","","text/html; charset=utf-8","609","service","","local-seo","yes","yes","","128","","schema:,Service,BreadcrumbList; tel:+5511913550533; 5511913550533; 11913550533"
"alefotografos.com.br","https://alefotografos.com.br/fotografo-corporativo-em/republica","/fotografo-corporativo-em/republica","200","","https://alefotografos.com.br/fotografo-corporativo-em/republica","Fotógrafo Corporativo na República — SP Alê Fotógrafo","Fotografia corporativa na República (Região Central de São Paulo): fotos de equipes, eventos de empresa, institucional e vídeo. Equipe própria, atendimento no seu escritório em SP.","Fotógrafo Corporativo na República","","text/html; charset=utf-8","615","service","","local-seo","yes","yes","","128","","schema:,Service,BreadcrumbList; tel:+5511913550533; 5511913550533; 11913550533"
"alefotografos.com.br","https://alefotografos.com.br/fotografo-corporativo-em/moema","/fotografo-corporativo-em/moema","200","","https://alefotografos.com.br/fotografo-corporativo-em/moema","Fotógrafo Corporativo na Moema — SP Alê Fotógrafo","Fotografia corporativa na Moema (Zona Sul de São Paulo): fotos de equipes, eventos de empresa, institucional e vídeo. Equipe própria, atendimento no seu escritório em SP.","Fotógrafo Corporativo na Moema","","text/html; charset=utf-8","614","service","","local-seo","yes","yes","","128","","schema:,Service,BreadcrumbList; tel:+5511913550533; 5511913550533; 11913550533"
"alefotografos.com.br","https://alefotografos.com.br/fotografo-corporativo-em/vila-mariana","/fotografo-corporativo-em/vila-mariana","200","","https://alefotografos.com.br/fotografo-corporativo-em/vila-mariana","Fotógrafo Corporativo na Vila Mariana — SP Alê Fotógrafo","Fotografia corporativa na Vila Mariana (Zona Sul de São Paulo): fotos de equipes, eventos de empresa, institucional e vídeo. Equipe própria, atendimento no seu escritório em SP.","Fotógrafo Corporativo na Vila Mariana","","text/html; charset=utf-8","617","service","","local-seo","yes","yes","","128","","schema:,Service,BreadcrumbList; tel:+5511913550533; 5511913550533; 11913550533"
"alefotografos.com.br","https://alefotografos.com.br/fotografo-corporativo-em/perdizes","/fotografo-corporativo-em/perdizes","200","","https://alefotografos.com.br/fotografo-corporativo-em/perdizes","Fotógrafo Corporativo em Perdizes — SP Alê Fotógrafo","Fotografia corporativa em Perdizes (Zona Oeste de São Paulo): fotos de equipes, eventos de empresa, institucional e vídeo. Equipe própria, atendimento no seu escritório em SP.","Fotógrafo Corporativo em Perdizes","","text/html; charset=utf-8","610","service","","local-seo","yes","yes","","128","","schema:,Service,BreadcrumbList; tel:+5511913550533; 5511913550533; 11913550533"
"alefotografos.com.br","https://alefotografos.com.br/fotografo-corporativo-em/lapa","/fotografo-corporativo-em/lapa","200","","https://alefotografos.com.br/fotografo-corporativo-em/lapa","Fotógrafo Corporativo na Lapa — SP Alê Fotógrafo","Fotografia corporativa na Lapa (Zona Oeste de São Paulo): fotos de equipes, eventos de empresa, institucional e vídeo. Equipe própria, atendimento no seu escritório em SP.","Fotógrafo Corporativo na Lapa","","text/html; charset=utf-8","610","service","","local-seo","yes","yes","","128","","schema:,Service,BreadcrumbList; tel:+5511913550533; 5511913550533; 11913550533"
"alefotografos.com.br","https://alefotografos.com.br/fotografo-corporativo-em/santana","/fotografo-corporativo-em/santana","200","","https://alefotografos.com.br/fotografo-corporativo-em/santana","Fotógrafo Corporativo em Santana — SP Alê Fotógrafo","Fotografia corporativa em Santana (Zona Norte de São Paulo): fotos de equipes, eventos de empresa, institucional e vídeo. Equipe própria, atendimento no seu escritório em SP.","Fotógrafo Corporativo em Santana","","text/html; charset=utf-8","612","service","","local-seo","yes","yes","","128","","schema:,Service,BreadcrumbList; tel:+5511913550533; 5511913550533; 11913550533"
"alefotografos.com.br","https://alefotografos.com.br/fotografo-corporativo-em/tatuape","/fotografo-corporativo-em/tatuape","200","","https://alefotografos.com.br/fotografo-corporativo-em/tatuape","Fotógrafo Corporativo no Tatuapé — SP Alê Fotógrafo","Fotografia corporativa no Tatuapé (Zona Leste de São Paulo): fotos de equipes, eventos de empresa, institucional e vídeo. Equipe própria, atendimento no seu escritório em SP.","Fotógrafo Corporativo no Tatuapé","","text/html; charset=utf-8","607","service","","local-seo","yes","yes","","128","","schema:,Service,BreadcrumbList; tel:+5511913550533; 5511913550533; 11913550533"
"alefotografos.com.br","https://alefotografos.com.br/fotografo-corporativo-em/mooca","/fotografo-corporativo-em/mooca","200","","https://alefotografos.com.br/fotografo-corporativo-em/mooca","Fotógrafo Corporativo na Mooca — SP Alê Fotógrafo","Fotografia corporativa na Mooca (Zona Leste de São Paulo): fotos de equipes, eventos de empresa, institucional e vídeo. Equipe própria, atendimento no seu escritório em SP.","Fotógrafo Corporativo na Mooca","","text/html; charset=utf-8","605","service","","local-seo","yes","yes","","128","","schema:,Service,BreadcrumbList; tel:+5511913550533; 5511913550533; 11913550533"
"alefotografos.com.br","https://alefotografos.com.br/fotografo-corporativo-em/agua-branca","/fotografo-corporativo-em/agua-branca","200","","https://alefotografos.com.br/fotografo-corporativo-em/agua-branca","Fotógrafo Corporativo na Água Branca — SP Alê Fotógrafo","Fotografia corporativa na Água Branca (Zona Oeste de São Paulo): fotos de equipes, eventos de empresa, institucional e vídeo. Equipe própria, atendimento no seu escritório em SP.","Fotógrafo Corporativo na Água Branca","","text/html; charset=utf-8","610","service","","local-seo","yes","yes","","128","","schema:,Service,BreadcrumbList; tel:+5511913550533; 5511913550533; 11913550533"
"alefotografos.com.br","https://alefotografos.com.br/fotografo-corporativo-em/morumbi","/fotografo-corporativo-em/morumbi","200","","https://alefotografos.com.br/fotografo-corporativo-em/morumbi","Fotógrafo Corporativo no Morumbi — SP Alê Fotógrafo","Fotografia corporativa no Morumbi (Zona Sul de São Paulo): fotos de equipes, eventos de empresa, institucional e vídeo. Equipe própria, atendimento no seu escritório em SP.","Fotógrafo Corporativo no Morumbi","","text/html; charset=utf-8","607","service","","local-seo","yes","yes","","128","","schema:,Service,BreadcrumbList; tel:+5511913550533; 5511913550533; 11913550533"
"alefotografos.com.br","https://alefotografos.com.br/fotografo-corporativo-em/santo-amaro","/fotografo-corporativo-em/santo-amaro","200","","https://alefotografos.com.br/fotografo-corporativo-em/santo-amaro","Fotógrafo Corporativo em Santo Amaro — SP Alê Fotógrafo","Fotografia corporativa em Santo Amaro (Zona Sul de São Paulo): fotos de equipes, eventos de empresa, institucional e vídeo. Equipe própria, atendimento no seu escritório em SP.","Fotógrafo Corporativo em Santo Amaro","","text/html; charset=utf-8","617","service","","local-seo","yes","yes","","128","","schema:,Service,BreadcrumbList; tel:+5511913550533; 5511913550533; 11913550533"
"alefotografos.com.br","https://alefotografos.com.br/fotografo-corporativo-em/centro-santo-andre","/fotografo-corporativo-em/centro-santo-andre","200","","https://alefotografos.com.br/fotografo-corporativo-em/centro-santo-andre","Fotógrafo Corporativo no Centro de Santo André — SP","Fotografia corporativa no Centro de Santo André (Santo André — ABC Paulista): fotos de equipes, eventos de empresa, institucional e vídeo. Equipe própria, atendimento no seu escritório em SP.","Fotógrafo Corporativo no Centro de Santo André","","text/html; charset=utf-8","620","service","","local-seo","yes","yes","","128","","schema:,Service,BreadcrumbList; tel:+5511913550533; 5511913550533; 11913550533"
"alefotografos.com.br","https://alefotografos.com.br/fotografo-corporativo-em/campestre-santo-andre","/fotografo-corporativo-em/campestre-santo-andre","200","","https://alefotografos.com.br/fotografo-corporativo-em/campestre-santo-andre","Fotógrafo Corporativo no Bairro Campestre — SP","Fotografia corporativa no Bairro Campestre (Santo André — ABC Paulista): fotos de equipes, eventos de empresa, institucional e vídeo. Equipe própria, atendimento no seu escritório em SP.","Fotógrafo Corporativo no Bairro Campestre","","text/html; charset=utf-8","613","service","","local-seo","yes","yes","","128","","schema:,Service,BreadcrumbList; tel:+5511913550533; 5511913550533; 11913550533"
"alefotografos.com.br","https://alefotografos.com.br/fotografo-corporativo-em/vila-assuncao-santo-andre","/fotografo-corporativo-em/vila-assuncao-santo-andre","200","","https://alefotografos.com.br/fotografo-corporativo-em/vila-assuncao-santo-andre","Fotógrafo Corporativo na Vila Assunção — SP Alê Fotógrafo","Fotografia corporativa na Vila Assunção (Santo André — ABC Paulista): fotos de equipes, eventos de empresa, institucional e vídeo. Equipe própria, atendimento no seu escritório em SP.","Fotógrafo Corporativo na Vila Assunção","","text/html; charset=utf-8","611","service","","local-seo","yes","yes","","128","","schema:,Service,BreadcrumbList; tel:+5511913550533; 5511913550533; 11913550533"
"alefotografos.com.br","https://alefotografos.com.br/fotografo-corporativo-em/centro-sao-bernardo","/fotografo-corporativo-em/centro-sao-bernardo","200","","https://alefotografos.com.br/fotografo-corporativo-em/centro-sao-bernardo","Fotógrafo Corporativo no Centro de São Bernardo do Campo — SP","Fotografia corporativa no Centro de São Bernardo do Campo (São Bernardo do Campo — ABC Paulista): fotos de equipes, eventos de empresa, institucional e vídeo. Equipe própria, atendimento no seu escritório em SP.","Fotógrafo Corporativo no Centro de São Bernardo do Campo","","text/html; charset=utf-8","633","service","","local-seo","yes","yes","","128","","schema:,Service,BreadcrumbList; tel:+5511913550533; 5511913550533; 11913550533"
"alefotografos.com.br","https://alefotografos.com.br/fotografo-corporativo-em/rudge-ramos","/fotografo-corporativo-em/rudge-ramos","200","","https://alefotografos.com.br/fotografo-corporativo-em/rudge-ramos","Fotógrafo Corporativo em Rudge Ramos — SP Alê Fotógrafo","Fotografia corporativa em Rudge Ramos (São Bernardo do Campo — ABC Paulista): fotos de equipes, eventos de empresa, institucional e vídeo. Equipe própria, atendimento no seu escritório em SP.","Fotógrafo Corporativo em Rudge Ramos","","text/html; charset=utf-8","619","service","","local-seo","yes","yes","","128","","schema:,Service,BreadcrumbList; tel:+5511913550533; 5511913550533; 11913550533"
"alefotografos.com.br","https://alefotografos.com.br/fotografo-corporativo-em/baeta-neves","/fotografo-corporativo-em/baeta-neves","200","","https://alefotografos.com.br/fotografo-corporativo-em/baeta-neves","Fotógrafo Corporativo na Baeta Neves — SP Alê Fotógrafo","Fotografia corporativa na Baeta Neves (São Bernardo do Campo — ABC Paulista): fotos de equipes, eventos de empresa, institucional e vídeo. Equipe própria, atendimento no seu escritório em SP.","Fotógrafo Corporativo na Baeta Neves","","text/html; charset=utf-8","622","service","","local-seo","yes","yes","","128","","schema:,Service,BreadcrumbList; tel:+5511913550533; 5511913550533; 11913550533"
"alefotografos.com.br","https://alefotografos.com.br/fotografo-corporativo-em/centro-sao-caetano","/fotografo-corporativo-em/centro-sao-caetano","200","","https://alefotografos.com.br/fotografo-corporativo-em/centro-sao-caetano","Fotógrafo Corporativo no Centro de São Caetano do Sul — SP","Fotografia corporativa no Centro de São Caetano do Sul (São Caetano do Sul — ABC Paulista): fotos de equipes, eventos de empresa, institucional e vídeo. Equipe própria, atendimento no seu escritório em SP.","Fotógrafo Corporativo no Centro de São Caetano do Sul","","text/html; charset=utf-8","636","service","","local-seo","yes","yes","","128","","schema:,Service,BreadcrumbList; tel:+5511913550533; 5511913550533; 11913550533"
"alefotografos.com.br","https://alefotografos.com.br/fotografo-corporativo-em/santa-paula-sao-caetano","/fotografo-corporativo-em/santa-paula-sao-caetano","200","","https://alefotografos.com.br/fotografo-corporativo-em/santa-paula-sao-caetano","Fotógrafo Corporativo na Santa Paula — SP Alê Fotógrafo","Fotografia corporativa na Santa Paula (São Caetano do Sul — ABC Paulista): fotos de equipes, eventos de empresa, institucional e vídeo. Equipe própria, atendimento no seu escritório em SP.","Fotógrafo Corporativo na Santa Paula","","text/html; charset=utf-8","615","service","","local-seo","yes","yes","","128","","schema:,Service,BreadcrumbList; tel:+5511913550533; 5511913550533; 11913550533"
"alefotografos.com.br","https://alefotografos.com.br/fotografo-corporativo-em/centro-diadema","/fotografo-corporativo-em/centro-diadema","200","","https://alefotografos.com.br/fotografo-corporativo-em/centro-diadema","Fotógrafo Corporativo no Centro de Diadema — SP","Fotografia corporativa no Centro de Diadema (Diadema — ABC Paulista): fotos de equipes, eventos de empresa, institucional e vídeo. Equipe própria, atendimento no seu escritório em SP.","Fotógrafo Corporativo no Centro de Diadema","","text/html; charset=utf-8","619","service","","local-seo","yes","yes","","128","","schema:,Service,BreadcrumbList; tel:+5511913550533; 5511913550533; 11913550533"
"alefotografos.com.br","https://alefotografos.com.br/fotografo-corporativo-em/alphaville-barueri","/fotografo-corporativo-em/alphaville-barueri","200","","https://alefotografos.com.br/fotografo-corporativo-em/alphaville-barueri","Fotógrafo Corporativo em Alphaville — SP Alê Fotógrafo","Fotografia corporativa em Alphaville (Barueri — Grande São Paulo): fotos de equipes, eventos de empresa, institucional e vídeo. Equipe própria, atendimento no seu escritório em SP.","Fotógrafo Corporativo em Alphaville","","text/html; charset=utf-8","626","service","","local-seo","yes","yes","","128","","schema:,Service,BreadcrumbList; tel:+5511913550533; 5511913550533; 11913550533"
"alefotografos.com.br","https://alefotografos.com.br/videos/beauty-fair-2026-3o-dia-tendencias-lancamentos-e-os-melhores-momentos-da-feira","/videos/beauty-fair-2026-3o-dia-tendencias-lancamentos-e-os-melhores-momentos-da-feira","200","","https://alefotografos.com.br/videos/beauty-fair-2026-3o-dia-tendencias-lancamentos-e-os-melhores-momentos-da-feira","Beauty Fair 2026 3º Dia Tendências, Lançamentos e os Melhores Momentos da Feira","Beauty Fair 2026 3º Dia Tendências, Lançamentos e os Melhores Momentos da Feira — Produção audiovisual por Alê Fotógrafo","Beauty Fair 2026 3º Dia Tendências, Lançamentos e os Melhores Momentos da Feira","","text/html; charset=utf-8","340","video","","portfolio-video","yes","yes","","90","","schema:,VideoObject,BreadcrumbList; tel:+5511913550533; 5511913550533; 11913550533"
"alefotografos.com.br","https://alefotografos.com.br/videos/flexfunds-solucoes-financeiras-inteligentes-para-empresas-video-institucional","/videos/flexfunds-solucoes-financeiras-inteligentes-para-empresas-video-institucional","200","","https://alefotografos.com.br/videos/flexfunds-solucoes-financeiras-inteligentes-para-empresas-video-institucional","FlexFunds Soluções Financeiras Inteligentes para Empresas Vídeo Institucional","FlexFunds Soluções Financeiras Inteligentes para Empresas Vídeo Institucional — Produção audiovisual por Alê Fotógrafo","FlexFunds Soluções Financeiras Inteligentes para Empresas Vídeo Institucional","","text/html; charset=utf-8","332","video","","portfolio-video","yes","yes","","90","","schema:,VideoObject,BreadcrumbList; tel:+5511913550533; 5511913550533; 11913550533"
"alefotografos.com.br","https://alefotografos.com.br/videos/procooler-na-febrava-cobertura-profissional-de-feiras-e-eventos-corporativos","/videos/procooler-na-febrava-cobertura-profissional-de-feiras-e-eventos-corporativos","200","","https://alefotografos.com.br/videos/procooler-na-febrava-cobertura-profissional-de-feiras-e-eventos-corporativos","Procooler na FEBRAVA Cobertura Profissional de Feiras e Eventos Corporativos","Procooler na FEBRAVA Cobertura Profissional de Feiras e Eventos Corporativos — Produção audiovisual por Alê Fotógrafo","Procooler na FEBRAVA Cobertura Profissional de Feiras e Eventos Corporativos","","text/html; charset=utf-8","334","video","","portfolio-video","yes","yes","","90","","schema:,VideoObject,BreadcrumbList; tel:+5511913550533; 5511913550533; 11913550533"
"alefotografos.com.br","https://alefotografos.com.br/videos/sq-quimica-na-fce-pharma-cobertura-profissional-de-feira-de-negocios-com-fotogra","/videos/sq-quimica-na-fce-pharma-cobertura-profissional-de-feira-de-negocios-com-fotogra","200","","https://alefotografos.com.br/videos/sq-quimica-na-fce-pharma-cobertura-profissional-de-feira-de-negocios-com-fotogra","SQ Química na FCE Pharma Cobertura Profissional de Feira de Negócios com Fotografia e Vídeo","SQ Química na FCE Pharma Cobertura Profissional de Feira de Negócios com Fotografia e Vídeo — Produção audiovisual por Alê Fotógrafo","SQ Química na FCE Pharma Cobertura Profissional de Feira de Negócios com Fotografia e Vídeo","","text/html; charset=utf-8","344","video","","portfolio-video","yes","yes","","90","","schema:,VideoObject,BreadcrumbList; tel:+5511913550533; 5511913550533; 11913550533"
"alefotografos.com.br","https://alefotografos.com.br/videos/sq-quimica-na-fce-pharma-cobertura-profissional-em-video-para-feiras-e-eventos-c","/videos/sq-quimica-na-fce-pharma-cobertura-profissional-em-video-para-feiras-e-eventos-c","200","","https://alefotografos.com.br/videos/sq-quimica-na-fce-pharma-cobertura-profissional-em-video-para-feiras-e-eventos-c","SQ Química na FCE Pharma Cobertura Profissional em Vídeo para Feiras e Eventos Corporativos","SQ Química na FCE Pharma Cobertura Profissional em Vídeo para Feiras e Eventos Corporativos — Produção audiovisual por Alê Fotógrafo","SQ Química na FCE Pharma Cobertura Profissional em Vídeo para Feiras e Eventos Corporativos","","text/html; charset=utf-8","341","video","","portfolio-video","yes","yes","","90","","schema:,VideoObject,BreadcrumbList; tel:+5511913550533; 5511913550533; 11913550533"
"alefotografos.com.br","https://alefotografos.com.br/videos/g-tech-na-conexao-farma-2023-inovacao-tecnologia-e-solucoes-para-a-saude","/videos/g-tech-na-conexao-farma-2023-inovacao-tecnologia-e-solucoes-para-a-saude","200","","https://alefotografos.com.br/videos/g-tech-na-conexao-farma-2023-inovacao-tecnologia-e-solucoes-para-a-saude","G-TECH na Conexão Farma 2023 Inovação, Tecnologia e Soluções para a Saúde","G-TECH na Conexão Farma 2023 Inovação, Tecnologia e Soluções para a Saúde — Produção audiovisual por Alê Fotógrafo","G-TECH na Conexão Farma 2023 Inovação, Tecnologia e Soluções para a Saúde","","text/html; charset=utf-8","333","video","","portfolio-video","yes","yes","","90","","schema:,VideoObject,BreadcrumbList; tel:+5511913550533; 5511913550533; 11913550533"
"alefotografos.com.br","https://alefotografos.com.br/videos/ativa-logistica-30-anos","/videos/ativa-logistica-30-anos","200","","https://alefotografos.com.br/videos/ativa-logistica-30-anos","ATIVA Logistica 30 anos Alê Fotógrafo","ATIVA Logistica 30 anos — Produção audiovisual por Alê Fotógrafo","ATIVA Logistica 30 anos","","text/html; charset=utf-8","315","video","","portfolio-video","yes","yes","","90","","schema:,VideoObject,BreadcrumbList; tel:+5511913550533; 5511913550533; 11913550533"
"alefotografos.com.br","https://alefotografos.com.br/videos/tecnisa-almoco-com-fornecedores","/videos/tecnisa-almoco-com-fornecedores","200","","https://alefotografos.com.br/videos/tecnisa-almoco-com-fornecedores","Tecnisa Almoço com Fornecedores Alê Fotógrafo","Tecnisa Almoço com Fornecedores — Produção audiovisual por Alê Fotógrafo","Tecnisa Almoço com Fornecedores","","text/html; charset=utf-8","316","video","","portfolio-video","yes","yes","","90","","schema:,VideoObject,BreadcrumbList; tel:+5511913550533; 5511913550533; 11913550533"
"alefotografos.com.br","https://alefotografos.com.br/videos/curso-de-prestacao-de-contas-eleitorais-2026-turma-sao-paulo","/videos/curso-de-prestacao-de-contas-eleitorais-2026-turma-sao-paulo","200","","https://alefotografos.com.br/videos/curso-de-prestacao-de-contas-eleitorais-2026-turma-sao-paulo","Curso de Prestação de Contas Eleitorais 2026 Turma São Paulo","Curso de Prestação de Contas Eleitorais 2026 Turma São Paulo — Produção audiovisual por Alê Fotógrafo","Curso de Prestação de Contas Eleitorais 2026 Turma São Paulo","","text/html; charset=utf-8","332","video","","portfolio-video","yes","yes","","90","","schema:,VideoObject,BreadcrumbList; tel:+5511913550533; 5511913550533; 11913550533"
"alefotografos.com.br","https://alefotografos.com.br/videos/unipac-50-anos","/videos/unipac-50-anos","200","","https://alefotografos.com.br/videos/unipac-50-anos","Unipac 50 anos Alê Fotógrafo","Unipac 50 anos — Produção audiovisual por Alê Fotógrafo","Unipac 50 anos","","text/html; charset=utf-8","313","video","","portfolio-video","yes","yes","","90","","schema:,VideoObject,BreadcrumbList; tel:+5511913550533; 5511913550533; 11913550533"
"alefotografos.com.br","https://alefotografos.com.br/videos/genesis-inteligencia-artificial-na-feira-hospitalar","/videos/genesis-inteligencia-artificial-na-feira-hospitalar","200","","https://alefotografos.com.br/videos/genesis-inteligencia-artificial-na-feira-hospitalar","Genesis Inteligência Artificial na Feira Hospitalar","Genesis Inteligência Artificial na Feira Hospitalar — Produção audiovisual por Alê Fotógrafo","Genesis Inteligência Artificial na Feira Hospitalar","","text/html; charset=utf-8","320","video","","portfolio-video","yes","yes","","90","","schema:,VideoObject,BreadcrumbList; tel:+5511913550533; 5511913550533; 11913550533"
"alefotografos.com.br","https://alefotografos.com.br/videos/11-forum-abradilan-2026","/videos/11-forum-abradilan-2026","200","","https://alefotografos.com.br/videos/11-forum-abradilan-2026","11º Fórum ABRADILAN 2026 Alê Fotógrafo","O 11º Fórum ABRADILAN 2026, um encontro marcado por conteúdo estratégico, troca de experiências e conexões importantes para o setor farmacêutico. Cobertura audiovisual corporativa por Ale Fotógrafo.","11º Fórum ABRADILAN 2026","","text/html; charset=utf-8","340","video","","portfolio-video","yes","yes","","90","","schema:,VideoObject,BreadcrumbList; tel:+5511913550533; 5511913550533; 11913550533"
"alefotografos.com.br","https://alefotografos.com.br/videos/video-corporativo-do-11o-forum-abradilan-2026-cobertura-de-evento-empresarial","/videos/video-corporativo-do-11o-forum-abradilan-2026-cobertura-de-evento-empresarial","200","","https://alefotografos.com.br/videos/video-corporativo-do-11o-forum-abradilan-2026-cobertura-de-evento-empresarial","Vídeo Corporativo do 11º Fórum Abradilan 2026 Cobertura de Evento Empresarial","Vídeo Corporativo do 11º Fórum Abradilan 2026 Cobertura de Evento Empresarial — Produção audiovisual por Alê Fotógrafo","Vídeo Corporativo do 11º Fórum Abradilan 2026 Cobertura de Evento Empresarial","","text/html; charset=utf-8","335","video","","portfolio-video","yes","yes","","90","","schema:,VideoObject,BreadcrumbList; tel:+5511913550533; 5511913550533; 11913550533"
"alefotografos.com.br","https://alefotografos.com.br/videos/nitriflex-industria-quimica-de-polimeros-especiais-e-borrachas-nitrilicas","/videos/nitriflex-industria-quimica-de-polimeros-especiais-e-borrachas-nitrilicas","200","","https://alefotografos.com.br/videos/nitriflex-industria-quimica-de-polimeros-especiais-e-borrachas-nitrilicas","Nitriflex: Indústria Química de Polímeros Especiais e Borrachas Nitrílicas","Vídeo institucional da Nitriflex, indústria química brasileira com mais de 50 anos no mercado, especializada em polímeros especiais, borrachas nitrílicas, látex nitrílico e resinas.","Nitriflex: Indústria Química de Polímeros Especiais e Borrachas Nitrílicas","","text/html; charset=utf-8","349","video","","portfolio-video","yes","yes","","90","","schema:,VideoObject,BreadcrumbList; tel:+5511913550533; 5511913550533; 11913550533"
"alefotografos.com.br","https://alefotografos.com.br/videos/flexfunds-fundos-de-investimento-e-solucoes-financeiras-para-o-mercado-corporati","/videos/flexfunds-fundos-de-investimento-e-solucoes-financeiras-para-o-mercado-corporati","200","","https://alefotografos.com.br/videos/flexfunds-fundos-de-investimento-e-solucoes-financeiras-para-o-mercado-corporati","FlexFunds: Fundos de Investimento e Soluções Financeiras para o Mercado Corporativo","FlexFunds: Fundos de Investimento e Soluções Financeiras para o Mercado Corporativo — Produção audiovisual por Alê Fotógrafo","FlexFunds: Fundos de Investimento e Soluções Financeiras para o Mercado Corporativo","","text/html; charset=utf-8","329","video","","portfolio-video","yes","yes","","90","","schema:,VideoObject,BreadcrumbList; tel:+5511913550533; 5511913550533; 11913550533"
"alefotografos.com.br","https://alefotografos.com.br/videos/fiorde-logistica-solucoes-logisticas-integradas-para-empresas","/videos/fiorde-logistica-solucoes-logisticas-integradas-para-empresas","200","","https://alefotografos.com.br/videos/fiorde-logistica-solucoes-logisticas-integradas-para-empresas","Fiorde Logística: Soluções Logísticas Integradas para Empresas","Vídeo institucional da Fiorde Logística destacando estrutura operacional, transporte, armazenagem, distribuição e gestão de processos para o mercado corporativo.","Fiorde Logística: Soluções Logísticas Integradas para Empresas","","text/html; charset=utf-8","341","video","","portfolio-video","yes","yes","","90","","schema:,VideoObject,BreadcrumbList; tel:+5511913550533; 5511913550533; 11913550533"
"alefotografos.com.br","https://alefotografos.com.br/videos/ativa-log","/videos/ativa-log","200","","https://alefotografos.com.br/videos/ativa-log","ATIVA Log Vídeo Institucional Alê Fotógrafo","A ATIVA Log apresenta sua estrutura logística, tecnologia e capacidade operacional. Armazenagem, movimentação de cargas, transporte, conferência e monitoramento.","ATIVA Log Vídeo Institucional","","text/html; charset=utf-8","332","video","","portfolio-video","yes","yes","","90","","schema:,VideoObject,BreadcrumbList; tel:+5511913550533; 5511913550533; 11913550533"
"alefotografos.com.br","https://alefotografos.com.br/videos/video-manifesto-empreendimento-estrutura-e-proposito","/videos/video-manifesto-empreendimento-estrutura-e-proposito","200","","https://alefotografos.com.br/videos/video-manifesto-empreendimento-estrutura-e-proposito","Vídeo Manifesto Empreendimento, Estrutura e Propósito","Vídeo manifesto que apresenta a essência de um empreendimento moderno: localização, construção, tecnologia, ambientes internos e diferenciais.","Vídeo Manifesto Empreendimento, Estrutura e Propósito","","text/html; charset=utf-8","330","video","","portfolio-video","yes","yes","","90","","schema:,VideoObject,BreadcrumbList; tel:+5511913550533; 5511913550533; 11913550533"
"alefotografos.com.br","https://alefotografos.com.br/videos/ibis-jau-evento-experiencia-e-producao-audiovisual-ale-fotografo","/videos/ibis-jau-evento-experiencia-e-producao-audiovisual-ale-fotografo","200","","https://alefotografos.com.br/videos/ibis-jau-evento-experiencia-e-producao-audiovisual-ale-fotografo","ibis Jaú Evento, Experiência e Produção Audiovisual Ale Fotógrafo","ibis Jaú Evento, Experiência e Produção Audiovisual Ale Fotógrafo — Produção audiovisual por Alê Fotógrafo","ibis Jaú Evento, Experiência e Produção Audiovisual Ale Fotógrafo","","text/html; charset=utf-8","327","video","","portfolio-video","yes","yes","","90","","schema:,VideoObject,BreadcrumbList; tel:+5511913550533; 5511913550533; 11913550533"
"alefotografos.com.br","https://alefotografos.com.br/videos/curso-de-prestacao-de-contas-eleitorais-2026-com-professora-rita-producao-ale-fotografo","/videos/curso-de-prestacao-de-contas-eleitorais-2026-com-professora-rita-producao-ale-fotografo","200","","https://alefotografos.com.br/videos/curso-de-prestacao-de-contas-eleitorais-2026-com-professora-rita-producao-ale-fotografo","Curso de Prestação de Contas Eleitorais 2026 com Professora Rita","Cobertura audiovisual do Curso de Prestação de Contas Eleitorais 2026 com a Professora Rita: estrutura, recepção, networking, aula e interação dos participantes.","Curso de Prestação de Contas Eleitorais 2026 com Professora Rita","","text/html; charset=utf-8","352","video","","portfolio-video","yes","yes","","90","","schema:,VideoObject,BreadcrumbList; tel:+5511913550533; 5511913550533; 11913550533"
"alefotografos.com.br","https://alefotografos.com.br/videos/ibde-rio2026","/videos/ibde-rio2026","200","","https://alefotografos.com.br/videos/ibde-rio2026","VIII Congresso Brasileiro de Direito da Empresa IBDE Rio de Janeiro","Cobertura audiovisual do VIII Congresso Brasileiro de Direito da Empresa realizado pelo IBDE no Rio de Janeiro — palestras, painéis, público e principais momentos.","VIII Congresso Brasileiro de Direito da Empresa IBDE Rio de Janeiro","","text/html; charset=utf-8","357","video","","portfolio-video","yes","yes","","90","","schema:,VideoObject,BreadcrumbList; tel:+5511913550533; 5511913550533; 11913550533"
"alefotografos.com.br","https://alefotografos.com.br/videos/onemba","/videos/onemba","200","","https://alefotografos.com.br/videos/onemba","OneMBA Produção Audiovisual Ale Fotógrafo Alê Fotógrafo","Produção audiovisual do OneMBA: aulas, depoimentos, atividades em grupo e momentos de interação em uma jornada executiva de desenvolvimento profissional.","OneMBA Produção Audiovisual Ale Fotógrafo","","text/html; charset=utf-8","339","video","","portfolio-video","yes","yes","","90","","schema:,VideoObject,BreadcrumbList; tel:+5511913550533; 5511913550533; 11913550533"
"alefotografos.com.br","https://alefotografos.com.br/videos/22-forum-de-comprasive-university","/videos/22-forum-de-comprasive-university","200","","https://alefotografos.com.br/videos/22-forum-de-comprasive-university","22º Fórum de Compras &amp; Sourcing Alê Fotógrafo","Cobertura audiovisual do 22º Fórum de Compras &amp; Sourcing: conteúdo, networking, painéis com especialistas e palestras com empresas e profissionais do setor.","22º Fórum de Compras &amp; Sourcing","","text/html; charset=utf-8","342","video","","portfolio-video","yes","yes","","90","","schema:,VideoObject,BreadcrumbList; tel:+5511913550533; 5511913550533; 11913550533"
"alefotografos.com.br","https://alefotografos.com.br/videos/9faznegocios","/videos/9faznegocios","200","","https://alefotografos.com.br/videos/9faznegocios","Faz Farma Faz Negócio 9ª Edição Produção Audiovisual Ale Fotógrafo","A 9ª edição do Faz Farma Faz Negócio foi marcada por conteúdo, networking, integração e relacionamento entre profissionais e grandes marcas do setor farmacêutico. A Ale Fotógrafo foi responsável pela produção audiovisual, registrando os principais momentos do evento com uma linguagem profissional, d","Faz Farma Faz Negócio 9ª Edição Produção Audiovisual Ale Fotógrafo","","text/html; charset=utf-8","426","video","","portfolio-video","yes","yes","","90","","schema:,VideoObject,BreadcrumbList; tel:+5511913550533; 5511913550533; 11913550533"
"alefotografos.com.br","https://alefotografos.com.br/videos/depoimento-de-cliente-hausy-robotton-producao-ale-fotografo","/videos/depoimento-de-cliente-hausy-robotton-producao-ale-fotografo","200","","https://alefotografos.com.br/videos/depoimento-de-cliente-hausy-robotton-producao-ale-fotografo","Depoimento de Cliente Hausy Robotton Produção Ale Fotógrafo","Depoimento de Cliente Hausy Robotton Produção Ale Fotógrafo — Produção audiovisual por Alê Fotógrafo","Depoimento de Cliente Hausy Robotton Produção Ale Fotógrafo","","text/html; charset=utf-8","327","video","","portfolio-video","yes","yes","","90","","schema:,VideoObject,BreadcrumbList; tel:+5511913550533; 5511913550533; 11913550533"
"alefotografos.com.br","https://alefotografos.com.br/videos/video-institucional-bmx-logistica","/videos/video-institucional-bmx-logistica","200","","https://alefotografos.com.br/videos/video-institucional-bmx-logistica","Video Institucional BMX Logistica Alê Fotógrafo","Neste vídeo, apresentamos uma visão profissional sobre a BMX Logistica, mostrando como a BMX logistica atua com foco em qualidade, confiança e resultado. A produção destaca os principais diferenciais de BMX Logistica, reforçando a importância de uma comunicação visual bem construída para transmitir ","Video Institucional BMX Logistica","","text/html; charset=utf-8","403","video","","portfolio-video","yes","yes","","90","","schema:,VideoObject,BreadcrumbList; tel:(11) 913550533; +5511913550533; 5511913550533; 11913550533"
"alefotografos.com.br","https://alefotografos.com.br/videos/9-forum-abradilan","/videos/9-forum-abradilan","200","","https://alefotografos.com.br/videos/9-forum-abradilan","9º Forum ABRADILAN Alê Fotógrafo","A ABRADILAN promove o seu 9º Fórum ABRADILAN com a presença de seus associados e parceiros, conteúdo exclusivo para o setor e de grande valor.","9º Forum ABRADILAN","","text/html; charset=utf-8","332","video","","portfolio-video","yes","yes","","90","","schema:,VideoObject,BreadcrumbList; tel:+5511913550533; 5511913550533; 11913550533"
"alefotografos.com.br","https://alefotografos.com.br/videos/professora-rita-curso-de-prestacao-de-contas-eleitorais-2024","/videos/professora-rita-curso-de-prestacao-de-contas-eleitorais-2024","200","","https://alefotografos.com.br/videos/professora-rita-curso-de-prestacao-de-contas-eleitorais-2024","Professora Rita Curso de Prestação de Contas Eleitorais 2024","A Professora Rita propomove seu exclusivo Curso de Prestação de Contas Eleitorais 2024, um evento incrível com muito conteúdo e com a presença de alunos de todos os estados do Brasil, só quem conhece a Professora Rita sabe o quanto ela e seu evento são incríveis.","Professora Rita Curso de Prestação de Contas Eleitorais 2024","","text/html; charset=utf-8","369","video","","portfolio-video","yes","yes","","90","","schema:,VideoObject,BreadcrumbList; tel:+5511913550533; 5511913550533; 11913550533"
"alefotografos.com.br","https://alefotografos.com.br/videos/unitec-video-institucional","/videos/unitec-video-institucional","200","","https://alefotografos.com.br/videos/unitec-video-institucional","UNITEC - Video Institucional Alê Fotógrafo","Fotografo corporativo em Sao Paulo com 30 anos de experiencia. Foto e video para empresas, retratos, eventos e redes sociais. Atende em toda a Grande SP e Brasil, entrega rápida. - UNITEC - Video Institucional","UNITEC - Video Institucional","","text/html; charset=utf-8","342","video","","portfolio-video","yes","yes","","90","","schema:,VideoObject,BreadcrumbList; tel:+5511913550533; 5511913550533; 11913550533"
"alefotografos.com.br","https://alefotografos.com.br/videos/ativa-log-estrutura-operacao-e-eficiencia-logistica","/videos/ativa-log-estrutura-operacao-e-eficiencia-logistica","200","","https://alefotografos.com.br/videos/ativa-log-estrutura-operacao-e-eficiencia-logistica","ATIVA Log Estrutura, Operação e Eficiência Logística","ATIVA Log Estrutura, Operação e Eficiência Logística — Produção audiovisual por Alê Fotógrafo","ATIVA Log Estrutura, Operação e Eficiência Logística","","text/html; charset=utf-8","319","video","","portfolio-video","yes","yes","","90","","schema:,VideoObject,BreadcrumbList; tel:+5511913550533; 5511913550533; 11913550533"
"alefotografos.com.br","https://alefotografos.com.br/videos/ibde-mendoza-iii-congresso-internacional","/videos/ibde-mendoza-iii-congresso-internacional","200","","https://alefotografos.com.br/videos/ibde-mendoza-iii-congresso-internacional","IBDE Mendoza III Congresso Internacional Alê Fotógrafo","O IBDE realizou com maestria do III Congresso Internacional em Mendonza com a presença de grandes nomes do Direito.","IBDE Mendoza III Congresso Internacional","","text/html; charset=utf-8","336","video","","portfolio-video","yes","yes","","90","","schema:,VideoObject,BreadcrumbList; tel:+5511913550533; 5511913550533; 11913550533"
"alefotografos.com.br","https://alefotografos.com.br/videos/abradilan-25-anos","/videos/abradilan-25-anos","200","","https://alefotografos.com.br/videos/abradilan-25-anos","ABRADILAN 25 anos Alê Fotógrafo","Video do jantar de posse da nova diretoria da ABRADILAN e comemoração de 25 anos da ABRADILAN.","ABRADILAN 25 anos","","text/html; charset=utf-8","329","video","","portfolio-video","yes","yes","","90","","schema:,VideoObject,BreadcrumbList; tel:+5511913550533; 5511913550533; 11913550533"
"alefotografos.com.br","https://alefotografos.com.br/videos/encontro-farmarcas-2023","/videos/encontro-farmarcas-2023","200","","https://alefotografos.com.br/videos/encontro-farmarcas-2023","Encontro Farmarcas 2023 Alê Fotógrafo","A Mais Corporativo mais uma vez mostra para que veio, nesse evento grande, desafiante e incrível o Encontro Farmarcas 2023, maior evento da Industria Farmaceutica se supera a cada ano e a Mais Corporativo na organização tem dado show no que faz. Captação e edição: Equipe Alê Fotografo www.alefotogra","Encontro Farmarcas 2023","","text/html; charset=utf-8","355","video","","portfolio-video","yes","yes","","90","","schema:,VideoObject,BreadcrumbList; tel:+5511913550533; 5511913550533; 11913550533"
"alefotografos.com.br","https://alefotografos.com.br/videos/15-convencao-abradilan-barcelo-bavaro-palace-punta-cana-01-a-06-nov-2022","/videos/15-convencao-abradilan-barcelo-bavaro-palace-punta-cana-01-a-06-nov-2022","200","","https://alefotografos.com.br/videos/15-convencao-abradilan-barcelo-bavaro-palace-punta-cana-01-a-06-nov-2022","15° CONVENÇÃO ABRADILAN - BARCELÓ BAVARO PALACE - PUNTA CANA","Fotografo corporativo em Sao Paulo com 30 anos de experiencia. Foto e video para empresas, retratos, eventos e redes sociais. Atende em toda a Grande SP e Brasil, entrega rápida. - 15° CONVENÇÃO ABRADILAN - BARCELÓ BAVARO PALACE - PUNTA CANA","15° CONVENÇÃO ABRADILAN - BARCELÓ BAVARO PALACE - PUNTA CANA","","text/html; charset=utf-8","360","video","","portfolio-video","yes","yes","","90","","schema:,VideoObject,BreadcrumbList; tel:+5511913550533; 5511913550533; 11913550533"
"alefotografos.com.br","https://alefotografos.com.br/videos/convencao-de-vendas-2023-tecnisa","/videos/convencao-de-vendas-2023-tecnisa","200","","https://alefotografos.com.br/videos/convencao-de-vendas-2023-tecnisa","Convenção de Vendas 2023 - Tecnisa Alê Fotógrafo","Produção de Fotografias e Videos em Stand de Feira de Negócios no Expo São Paulo.Gravação e edição: www.alefotografos.com.brWhats (11) 991656071","Convenção de Vendas 2023 - Tecnisa","","text/html; charset=utf-8","337","video","","portfolio-video","yes","yes","","90","","schema:,VideoObject,BreadcrumbList; tel:(11) 991656071; +5511913550533; 5511913550533; 11913550533"
"alefotografos.com.br","https://alefotografos.com.br/videos/copapharma-coquetel-de-lancamento","/videos/copapharma-coquetel-de-lancamento","200","","https://alefotografos.com.br/videos/copapharma-coquetel-de-lancamento","Copapharma Coquetel de Lançamento Alê Fotógrafo","Copapharma Coquetel de Lançamento — Produção audiovisual por Alê Fotógrafo","Copapharma Coquetel de Lançamento","","text/html; charset=utf-8","316","video","","portfolio-video","yes","yes","","90","","schema:,VideoObject,BreadcrumbList; tel:+5511913550533; 5511913550533; 11913550533"
"alefotografos.com.br","https://alefotografos.com.br/videos/faz-negocios-3","/videos/faz-negocios-3","200","","https://alefotografos.com.br/videos/faz-negocios-3","Faz Negócios 3 Alê Fotógrafo","Fotografo corporativo em Sao Paulo com 30 anos de experiencia. Foto e video para empresas, retratos, eventos e redes sociais. Atende em toda a Grande SP e Brasil, entrega rápida. - Faz Negócios 3","Faz Negócios 3","","text/html; charset=utf-8","339","video","","portfolio-video","yes","yes","","90","","schema:,VideoObject,BreadcrumbList; tel:+5511913550533; 5511913550533; 11913550533"
"alefotografos.com.br","https://alefotografos.com.br/videos/festa-de-confraternizacao-2022-tecnisa","/videos/festa-de-confraternizacao-2022-tecnisa","200","","https://alefotografos.com.br/videos/festa-de-confraternizacao-2022-tecnisa","Festa de Confraternização 2022 - Tecnisa Alê Fotógrafo","Uma empresa é feita por pessoas, este video é um reconhecimento para quem no dia a dia faz o negócio acontecer na Tecnisa.","Festa de Confraternização 2022 - Tecnisa","","text/html; charset=utf-8","339","video","","portfolio-video","yes","yes","","90","","schema:,VideoObject,BreadcrumbList; tel:+5511913550533; 5511913550533; 11913550533"
"alefotografos.com.br","https://alefotografos.com.br/videos/ii-congreso-brasileiro-de-direito-da-empresa","/videos/ii-congreso-brasileiro-de-direito-da-empresa","200","","https://alefotografos.com.br/videos/ii-congreso-brasileiro-de-direito-da-empresa","III Congreso Brasileiro de Direito da Empresa","O II Congresso Brasileiro do Direito da Empresa na cidade do Rio de Janeiro. Congresso que teve a presença de nomes ilustres do Direito e foram debatidos as perspectivas do período pós pandemia, as novas legislações e uma completa visão do cenário nacional.","III Congreso Brasileiro de Direito da Empresa","","text/html; charset=utf-8","360","video","","portfolio-video","yes","yes","","90","","schema:,VideoObject,BreadcrumbList; tel:+5511913550533; 5511913550533; 11913550533"
"alefotografos.com.br","https://alefotografos.com.br/videos/sq-quimica-34-premio-sitivesp-de-fornecedor-do-ano","/videos/sq-quimica-34-premio-sitivesp-de-fornecedor-do-ano","200","","https://alefotografos.com.br/videos/sq-quimica-34-premio-sitivesp-de-fornecedor-do-ano","SQ Quimica - 34º Premio SITIVESP de Fornecedor do Ano","A SQ Química confirmou, pelo segundo ano consecutivo, que inovação e tecnologia estão mesmo presentes no seu DNA. É que no último dia 25 de novembro, a empresa recebeu o Prêmio Sitivesp (Fornecedor do Ano), na categoria Inovação Tecnológica. Confira o vídeo abaixo e veja como foi a cerimônia de entr","SQ Quimica - 34º Premio SITIVESP de Fornecedor do Ano","","text/html; charset=utf-8","372","video","","portfolio-video","yes","yes","","90","","schema:,VideoObject,BreadcrumbList; tel:+5511913550533; 5511913550533; 11913550533"
"alefotografos.com.br","https://alefotografos.com.br/videos/onemba-class-2023-sao-paulo","/videos/onemba-class-2023-sao-paulo","200","","https://alefotografos.com.br/videos/onemba-class-2023-sao-paulo","OneMBA Class 2023 - São Paulo Alê Fotógrafo","Fotografo corporativo em Sao Paulo com 30 anos de experiencia. Foto e video para empresas, retratos, eventos e redes sociais. Atende em toda a Grande SP e Brasil, entrega rápida. - OneMBA Class 2023 - São Paulo","OneMBA Class 2023 - São Paulo","","text/html; charset=utf-8","350","video","","portfolio-video","yes","yes","","90","","schema:,VideoObject,BreadcrumbList; tel:+5511913550533; 5511913550533; 11913550533"
"alefotografos.com.br","https://alefotografos.com.br/videos/galena-celebra","/videos/galena-celebra","200","","https://alefotografos.com.br/videos/galena-celebra","Galena Celebra Alê Fotógrafo","A Galena promove o seu evento &quot;Celebra&quot; juntamento com seus parceiros.","Galena Celebra","","text/html; charset=utf-8","319","video","","portfolio-video","yes","yes","","90","","schema:,VideoObject,BreadcrumbList; tel:+5511913550533; 5511913550533; 11913550533"
"alefotografos.com.br","https://alefotografos.com.br/videos/sipat-2022-foseco","/videos/sipat-2022-foseco","200","","https://alefotografos.com.br/videos/sipat-2022-foseco","SIPAT 2022 - Foseco Alê Fotógrafo","A Foseco fecha sua Semana da SIPAT 2022 com um evento para toda a familia Foseco, seus colaboradores puderam apresentar as depedências de toda a fábrica para seus familiares. Com visitas guiadas os visitantes conheceram todos os processos de produção da Foseco.","SIPAT 2022 - Foseco","","text/html; charset=utf-8","352","video","","portfolio-video","yes","yes","","90","","schema:,VideoObject,BreadcrumbList; tel:+5511913550533; 5511913550533; 11913550533"
"alefotografos.com.br","https://alefotografos.com.br/videos/sq-quimica-unidade-vinhedo","/videos/sq-quimica-unidade-vinhedo","200","","https://alefotografos.com.br/videos/sq-quimica-unidade-vinhedo","SQ Quimica - Unidade Vinhedo Alê Fotógrafo","SQ Quimica inaugura sua unidade em Vinhedo","SQ Quimica - Unidade Vinhedo","","text/html; charset=utf-8","323","video","","portfolio-video","yes","yes","","90","","schema:,VideoObject,BreadcrumbList; tel:+5511913550533; 5511913550533; 11913550533"
"alefotografos.com.br","https://alefotografos.com.br/videos/encontro-farmarcas-2022","/videos/encontro-farmarcas-2022","200","","https://alefotografos.com.br/videos/encontro-farmarcas-2022","Encontro Farmarcas 2022 Alê Fotógrafo","A Farmarcas promove seu tradicional Encontro de Associados que movimenta toda a cadeia farmacêutica, nesses dias os olhos da indústria ficam voltados para este incrível evento.","Encontro Farmarcas 2022","","text/html; charset=utf-8","337","video","","portfolio-video","yes","yes","","90","","schema:,VideoObject,BreadcrumbList; tel:+5511913550533; 5511913550533; 11913550533"
"alefotografos.com.br","https://alefotografos.com.br/videos/i-congresso-brasileiro-de-direito-da-empresa-no-novo-futebol-ibde","/videos/i-congresso-brasileiro-de-direito-da-empresa-no-novo-futebol-ibde","200","","https://alefotografos.com.br/videos/i-congresso-brasileiro-de-direito-da-empresa-no-novo-futebol-ibde","I Congresso Brasileiro de Direito da Empresa no Novo Futebol - IBDE","O IBDE promove o 1&amp;deg; Congresso Brasileiro de Direito da Empresa no Novo Futebol em São Paulo no Hotel Intercontinental, com a presença de grandes nomes da advocacia e Ministros, Juízes e Advogados de todo o Brasil.","I Congresso Brasileiro de Direito da Empresa no Novo Futebol - IBDE","","text/html; charset=utf-8","363","video","","portfolio-video","yes","yes","","90","","schema:,VideoObject,BreadcrumbList; tel:+5511913550533; 5511913550533; 11913550533"
"alefotografos.com.br","https://alefotografos.com.br/videos/galena-35-anos","/videos/galena-35-anos","200","","https://alefotografos.com.br/videos/galena-35-anos","Galena 35 anos Alê Fotógrafo","Video do evento que marcou os 35 anos da Galena, em grande estilo a Galena mostrou para seus amigos e clientes que os próximos anos vão ser incríveis, com muitos novidades para o mercado.","Galena 35 anos","","text/html; charset=utf-8","344","video","","portfolio-video","yes","yes","","90","","schema:,VideoObject,BreadcrumbList; tel:+5511913550533; 5511913550533; 11913550533"
"alefotografos.com.br","https://alefotografos.com.br/videos/ativa-logistiva-video-do-programa-de-sustentabilidade","/videos/ativa-logistiva-video-do-programa-de-sustentabilidade","200","","https://alefotografos.com.br/videos/ativa-logistiva-video-do-programa-de-sustentabilidade","ATIVA Logistiva - Video do programa de sustentabilidade","A ATIVA Logistica apresenta seu programa de sustentabilidade, mostrando diversas açôes internas e colhendo muitos resultados com essa iniciativa. video corporativo, produção de vídeo, video de eventos corporativos, vídeo para empresas, vídeo institucional, vídeos institucionais, vídeo institucional ","ATIVA Logistiva - Video do programa de sustentabilidade","","text/html; charset=utf-8","414","video","","portfolio-video","yes","yes","","90","","schema:,VideoObject,BreadcrumbList; tel:+5511913550533; 5511913550533; 11913550533"
"alefotografos.com.br","https://alefotografos.com.br/videos/sq-quimica-na-abrafati-show-2022","/videos/sq-quimica-na-abrafati-show-2022","200","","https://alefotografos.com.br/videos/sq-quimica-na-abrafati-show-2022","SQ QUIMICA na ABRAFATI SHOW 2022 Alê Fotógrafo","A SQ Quimica vem crescendo e se destacando no mercado, veja como foi a sua participação no ABRAFATI SHOW 2022 @alefotografo","SQ QUIMICA na ABRAFATI SHOW 2022","","text/html; charset=utf-8","340","video","","portfolio-video","yes","yes","","90","","schema:,VideoObject,BreadcrumbList; tel:+5511913550533; 5511913550533; 11913550533"
"alefotografos.com.br","https://alefotografos.com.br/videos/ensaio-de-retratos-profissionais-ale-fotografo","/videos/ensaio-de-retratos-profissionais-ale-fotografo","200","","https://alefotografos.com.br/videos/ensaio-de-retratos-profissionais-ale-fotografo","Ensaio de Retratos profissionais - Alê Fotógrafo","Ensaio fotográfico realizado no estúdio da @Lumitec Foto para os integrantes da @Salomãoconcursos. @alefotografo Tags: #retratosprofissionais #retratocorporativo #fotografocorporativo #fotocorporativa","Ensaio de Retratos profissionais - Alê Fotógrafo","","text/html; charset=utf-8","337","video","","portfolio-video","yes","yes","","90","","schema:,VideoObject,BreadcrumbList; tel:+5511913550533; 5511913550533; 11913550533"
"alefotografos.com.br","https://alefotografos.com.br/videos/confraternizacao-abradilan","/videos/confraternizacao-abradilan","200","","https://alefotografos.com.br/videos/confraternizacao-abradilan","Confraternização ABRADILAN Alê Fotógrafo","Fotografo corporativo em Sao Paulo com 30 anos de experiencia. Foto e video para empresas, retratos, eventos e redes sociais. Atende em toda a Grande SP e Brasil, entrega rápida. - Confraternização ABRADILAN","Confraternização ABRADILAN","","text/html; charset=utf-8","339","video","","portfolio-video","yes","yes","","90","","schema:,VideoObject,BreadcrumbList; tel:+5511913550533; 5511913550533; 11913550533"
"alefotografos.com.br","https://alefotografos.com.br/videos/7-forum-abradilan","/videos/7-forum-abradilan","200","","https://alefotografos.com.br/videos/7-forum-abradilan","7º Fórum ABRADILAN de desenvolvimento empresarial","Fotografo corporativo em Sao Paulo com 30 anos de experiencia. Foto e video para empresas, retratos, eventos e redes sociais. Atende em toda a Grande SP e Brasil, entrega rápida. - 7º Fórum ABRADILAN de desenvolvimento empresarial","7º Fórum ABRADILAN de desenvolvimento empresarial","","text/html; charset=utf-8","352","video","","portfolio-video","yes","yes","","90","","schema:,VideoObject,BreadcrumbList; tel:+5511913550533; 5511913550533; 11913550533"
"alefotografos.com.br","https://alefotografos.com.br/videos/retratos-profissionais-em-estudio","/videos/retratos-profissionais-em-estudio","200","","https://alefotografos.com.br/videos/retratos-profissionais-em-estudio","Retratos profissionais em estúdio Alê Fotógrafo","Ensaio fotografico realizado em estudio em São Paulo para Salomão Concursos","Retratos profissionais em estúdio","","text/html; charset=utf-8","325","video","","portfolio-video","yes","yes","","90","","schema:,VideoObject,BreadcrumbList; tel:+5511913550533; 5511913550533; 11913550533"
"alefotografos.com.br","https://alefotografos.com.br/videos/retrato-corporativo-ensaio-fotografico","/videos/retrato-corporativo-ensaio-fotografico","200","","https://alefotografos.com.br/videos/retrato-corporativo-ensaio-fotografico","Retrato Corporativo - Ensaio fotografico Alê Fotógrafo","Ensaio de Retratos profissionais para Salomão Concursos","Retrato Corporativo - Ensaio fotografico","","text/html; charset=utf-8","323","video","","portfolio-video","yes","yes","","90","","schema:,VideoObject,BreadcrumbList; tel:+5511913550533; 5511913550533; 11913550533"
"alefotografos.com.br","https://alefotografos.com.br/videos/teaser-ibis-botucatu-sp","/videos/teaser-ibis-botucatu-sp","200","","https://alefotografos.com.br/videos/teaser-ibis-botucatu-sp","Teaser do evento de inauguração - IBIS Botucatu -SP","Teaser do evento de inauguração do IBIS Botucatu - SP","Teaser do evento de inauguração - IBIS Botucatu -SP","","text/html; charset=utf-8","335","video","","portfolio-video","yes","yes","","90","","schema:,VideoObject,BreadcrumbList; tel:+5511913550533; 5511913550533; 11913550533"
"alefotografos.com.br","https://alefotografos.com.br/videos/ibis-botucatu-video-manifesto","/videos/ibis-botucatu-video-manifesto","200","","https://alefotografos.com.br/videos/ibis-botucatu-video-manifesto","IBIS Botucatu - Video manifesto Alê Fotógrafo","Este video foi criado para ser apresentado no evento de inauguração para os investidores do IBIS na cidade de Botucatu - SP","IBIS Botucatu - Video manifesto","","text/html; charset=utf-8","337","video","","portfolio-video","yes","yes","","90","","schema:,VideoObject,BreadcrumbList; tel:+5511913550533; 5511913550533; 11913550533"
"alefotografos.com.br","https://alefotografos.com.br/videos/curso-de-prestacao-de-contas-eleitorais-com-a-professora-rita-goncalves","/videos/curso-de-prestacao-de-contas-eleitorais-com-a-professora-rita-goncalves","200","","https://alefotografos.com.br/videos/curso-de-prestacao-de-contas-eleitorais-com-a-professora-rita-goncalves","Curso de Prestação de Contas Eleitorais com a Professora Rita Gonçalves","Fotografo corporativo em Sao Paulo com 30 anos de experiencia. Foto e video para empresas, retratos, eventos e redes sociais. Atende em toda a Grande SP e Brasil, entrega rápida. - Curso de Prestação de Contas Eleitorais com a Professora Rita Gonçalves","Curso de Prestação de Contas Eleitorais com a Professora Rita Gonçalves","","text/html; charset=utf-8","368","video","","portfolio-video","yes","yes","","90","","schema:,VideoObject,BreadcrumbList; tel:+5511913550533; 5511913550533; 11913550533"
"alefotografos.com.br","https://alefotografos.com.br/videos/latin-sales-meeting-2022-em-punta-cana","/videos/latin-sales-meeting-2022-em-punta-cana","200","","https://alefotografos.com.br/videos/latin-sales-meeting-2022-em-punta-cana","Latin Sales Meeting 2022 em Punta Cana Alê Fotógrafo","Fotografo corporativo em Sao Paulo com 30 anos de experiencia. Foto e video para empresas, retratos, eventos e redes sociais. Atende em toda a Grande SP e Brasil, entrega rápida. - Latin Sales Meeting 2022 em Punta Cana","Latin Sales Meeting 2022 em Punta Cana","","text/html; charset=utf-8","358","video","","portfolio-video","yes","yes","","90","","schema:,VideoObject,BreadcrumbList; tel:+5511913550533; 5511913550533; 11913550533"
"alefotografos.com.br","https://alefotografos.com.br/videos/jantar-febrafar-2022","/videos/jantar-febrafar-2022","200","","https://alefotografos.com.br/videos/jantar-febrafar-2022","Jantar Febrafar 2022 Alê Fotógrafo","Fotografo corporativo em Sao Paulo com 30 anos de experiencia. Foto e video para empresas, retratos, eventos e redes sociais. Atende em toda a Grande SP e Brasil, entrega rápida. - Jantar Febrafar 2022","Jantar Febrafar 2022","","text/html; charset=utf-8","342","video","","portfolio-video","yes","yes","","90","","schema:,VideoObject,BreadcrumbList; tel:+5511913550533; 5511913550533; 11913550533"
"alefotografos.com.br","https://alefotografos.com.br/videos/salomao-concursos-aulao-em-sao-paulo","/videos/salomao-concursos-aulao-em-sao-paulo","200","","https://alefotografos.com.br/videos/salomao-concursos-aulao-em-sao-paulo","Salomão Concursos - Aulão em São Paulo Alê Fotógrafo","Fotografo corporativo em Sao Paulo com 30 anos de experiencia. Foto e video para empresas, retratos, eventos e redes sociais. Atende em toda a Grande SP e Brasil, entrega rápida. - Salomão Concursos - Aulão em São Paulo","Salomão Concursos - Aulão em São Paulo","","text/html; charset=utf-8","354","video","","portfolio-video","yes","yes","","90","","schema:,VideoObject,BreadcrumbList; tel:+5511913550533; 5511913550533; 11913550533"
"alefotografos.com.br","https://alefotografos.com.br/videos/renove-mudancas","/videos/renove-mudancas","200","","https://alefotografos.com.br/videos/renove-mudancas","Renove Mudanças Alê Fotógrafo","Neste video mostramos o beneficio do cliente contratar uma bo empresa de mudanças, acreditamos que histórias reais engajam e atraem mais clientes.","Renove Mudanças","","text/html; charset=utf-8","330","video","","portfolio-video","yes","yes","","90","","schema:,VideoObject,BreadcrumbList; tel:+5511913550533; 5511913550533; 11913550533"
"alefotografos.com.br","https://alefotografos.com.br/videos/sitivesp-80-anos","/videos/sitivesp-80-anos","200","","https://alefotografos.com.br/videos/sitivesp-80-anos","SITIVESP 80 Anos Alê Fotógrafo","Teaser do Evento que marcou os 80 anos do SITIVESP com a apresentação do Maestro João Carlos Martins.","SITIVESP 80 Anos","","text/html; charset=utf-8","330","video","","portfolio-video","yes","yes","","90","","schema:,VideoObject,BreadcrumbList; tel:+5511913550533; 5511913550533; 11913550533"
"alefotografos.com.br","https://alefotografos.com.br/videos/video-escritorio-rocha-e-queiroz","/videos/video-escritorio-rocha-e-queiroz","200","","https://alefotografos.com.br/videos/video-escritorio-rocha-e-queiroz","Video escritorio Rocha e Queiroz Alê Fotógrafo","O escritório rocha e Queiroz apresenta sua estrutura neste video institucional. Produção: @alefotografo","Video escritorio Rocha e Queiroz","","text/html; charset=utf-8","327","video","","portfolio-video","yes","yes","","90","","schema:,VideoObject,BreadcrumbList; tel:+5511913550533; 5511913550533; 11913550533"
"alefotografos.com.br","https://alefotografos.com.br/videos/passion-for-excellence-latam-sales-meeting-2021-convatec","/videos/passion-for-excellence-latam-sales-meeting-2021-convatec","200","","https://alefotografos.com.br/videos/passion-for-excellence-latam-sales-meeting-2021-convatec","PASSION FOR EXCELLENCE - LATAM SALES MEETING 2021 - CONVATEC","PASSION FOR EXCELLENCE - LATAM SALES MEETING 2021 - CONVATEC","PASSION FOR EXCELLENCE - LATAM SALES MEETING 2021 - CONVATEC","","text/html; charset=utf-8","334","video","","portfolio-video","yes","yes","","90","","schema:,VideoObject,BreadcrumbList; tel:+5511913550533; 5511913550533; 11913550533"
"alefotografos.com.br","https://alefotografos.com.br/videos/ativa-logistica","/videos/ativa-logistica","200","","https://alefotografos.com.br/videos/ativa-logistica","ATIVA Logistica Alê Fotógrafo","Video de apresentação dos serviços da Ativa Logistica.","ATIVA Logistica","","text/html; charset=utf-8","317","video","","portfolio-video","yes","yes","","90","","schema:,VideoObject,BreadcrumbList; tel:+5511913550533; 5511913550533; 11913550533"
"alefotografos.com.br","https://alefotografos.com.br/videos/video-institucional-rocha-queiroz-advogados","/videos/video-institucional-rocha-queiroz-advogados","200","","https://alefotografos.com.br/videos/video-institucional-rocha-queiroz-advogados","Vídeo institucional Rocha &amp; Queiroz advogados","Vídeo institucional do escritório de advocacia Rocha e Queiroz advogados.","Vídeo institucional Rocha &amp; Queiroz advogados","","text/html; charset=utf-8","330","video","","portfolio-video","yes","yes","","90","","schema:,VideoObject,BreadcrumbList; tel:+5511913550533; 5511913550533; 11913550533"
"alefotografos.com.br","https://alefotografos.com.br/videos/video-de-boas-festas-da-ativalog","/videos/video-de-boas-festas-da-ativalog","200","","https://alefotografos.com.br/videos/video-de-boas-festas-da-ativalog","Vídeo de Boas Festas da ATIVALOG Alê Fotógrafo","A ATIVA LOG nos deu o previlégio de produzir seu vídeo de Boas Festas com cenas da sua unidade decorada e 3 veiculos da sua frota com decoração de Natal.","Vídeo de Boas Festas da ATIVALOG","","text/html; charset=utf-8","349","video","","portfolio-video","yes","yes","","90","","schema:,VideoObject,BreadcrumbList; tel:+5511913550533; 5511913550533; 11913550533"
"alefotografos.com.br","https://alefotografos.com.br/videos/sustainable-foods-summit-edicao-sao-paulo","/videos/sustainable-foods-summit-edicao-sao-paulo","200","","https://alefotografos.com.br/videos/sustainable-foods-summit-edicao-sao-paulo","Sustainable Foods Summit - Edição São Paulo Alê Fotógrafo","Fotografo corporativo em Sao Paulo com 30 anos de experiencia. Foto e video para empresas, retratos, eventos e redes sociais. Atende em toda a Grande SP e Brasil, entrega rápida. - Sustainable Foods Summit - Edição São Paulo","Sustainable Foods Summit - Edição São Paulo","","text/html; charset=utf-8","354","video","","portfolio-video","yes","yes","","90","","schema:,VideoObject,BreadcrumbList; tel:+5511913550533; 5511913550533; 11913550533"
"alefotografos.com.br","https://alefotografos.com.br/videos/encontro-de-craques-germed-1","/videos/encontro-de-craques-germed-1","200","","https://alefotografos.com.br/videos/encontro-de-craques-germed-1","Encontro de Craques GERMED Alê Fotógrafo","A GERMED promove um evento incrível no Museu do Futebol, evento este que foi regado de gente bonita, boa musica e de uma paixão nacional o nosso futebol.","Encontro de Craques GERMED","","text/html; charset=utf-8","341","video","","portfolio-video","yes","yes","","90","","schema:,VideoObject,BreadcrumbList; tel:+5511913550533; 5511913550533; 11913550533"
"alefotografos.com.br","https://alefotografos.com.br/videos/ativa-logistica-apresenta-o-seu-centro-de-distribuicao-em-itapevi","/videos/ativa-logistica-apresenta-o-seu-centro-de-distribuicao-em-itapevi","200","","https://alefotografos.com.br/videos/ativa-logistica-apresenta-o-seu-centro-de-distribuicao-em-itapevi","Ativa Logística apresenta o seu Centro de Distribuição em Itapevi","A Ativa logistica apresenta para o mercado seu novo Centro de Distribuição em Itapevi, em um evento reservado e cercada de clientes e parceiros estratégicos no mercado que atua.","Ativa Logística apresenta o seu Centro de Distribuição em Itapevi","","text/html; charset=utf-8","353","video","","portfolio-video","yes","yes","","90","","schema:,VideoObject,BreadcrumbList; tel:+5511913550533; 5511913550533; 11913550533"
"alefotografos.com.br","https://alefotografos.com.br/videos/video-corporativo-fcw-premio-almirante-alvaro-alberto","/videos/video-corporativo-fcw-premio-almirante-alvaro-alberto","200","","https://alefotografos.com.br/videos/video-corporativo-fcw-premio-almirante-alvaro-alberto","FCW - Prêmio Almirante Álvaro Alberto Alê Fotógrafo","A Cientista e Professora Helena Bonciani recebe o Prêmio Almirante Álvaro Alberto da Fundação Conrado Wessel, com a presença da diretoria da FCW e um seleto grupo da comunidade cientifica e tecnologica.","FCW - Prêmio Almirante Álvaro Alberto","","text/html; charset=utf-8","345","video","","portfolio-video","yes","yes","","90","","schema:,VideoObject,BreadcrumbList; tel:+5511913550533; 5511913550533; 11913550533"
"alefotografos.com.br","https://alefotografos.com.br/videos/ativa-logistica-unidade-barueri","/videos/ativa-logistica-unidade-barueri","200","","https://alefotografos.com.br/videos/ativa-logistica-unidade-barueri","Ativa Logistica - Unidade Barueri Alê Fotógrafo","Fotografo corporativo em Sao Paulo com 30 anos de experiencia. Foto e video para empresas, retratos, eventos e redes sociais. Atende em toda a Grande SP e Brasil, entrega rápida. - Ativa Logistica - Unidade Barueri","Ativa Logistica - Unidade Barueri","","text/html; charset=utf-8","345","video","","portfolio-video","yes","yes","","90","","schema:,VideoObject,BreadcrumbList; tel:+5511913550533; 5511913550533; 11913550533"
"videoscorporativos.com.br","https://videoscorporativos.com.br/","/","200","","https://videoscorporativos.com.br","Vídeos Corporativos em São Paulo Vídeo Institucional para Empresas","Produção de vídeos corporativos, vídeo institucional, treinamentos, integração, depoimentos e eventos empresariais em São Paulo. Solicite orçamento pelo WhatsApp.","Vídeos corporativos em São Paulo para empresas que precisam vender, treinar e comunicar melhor","","text/html; charset=utf-8","1872","home","","institucional","yes","yes","","71","","schema:LocalBusiness,ProfessionalService,FAQPage,,ItemList; tel:+55-11-91355-0533; 5511913550533; (11) 91355-0533; (11) 99999-0000"
"videoscorporativos.com.br","https://videoscorporativos.com.br/precos","/precos","200","","https://videoscorporativos.com.br/precos","Preço de Vídeo Institucional 2026: R$ 3.000 a R$ 30.000","Quanto custa um vídeo institucional em 2026: tabela por duração, o que define o valor e exemplos reais em São Paulo. Orçamento no WhatsApp em até 24h.","Quanto custa um vídeo institucional? Guia 2026 com faixas de preço","","text/html; charset=utf-8","1071","pricing","","comercial","yes","yes","","24","","schema:Article,FAQPage,BreadcrumbList; tel:5511913550533; (11) 91355-0533"
"videoscorporativos.com.br","https://videoscorporativos.com.br/blog","/blog","200","","https://videoscorporativos.com.br/blog","Blog · Vídeo corporativo, eventos e feiras Ale Fotógrafo","Guias sobre vídeo institucional, eventos e feiras: preço, tipos e processo. Por Alexandre Machado, especialista com +30 anos de experiência.","Vídeo corporativo, sem mistério.","","text/html; charset=utf-8","3639","blog","","editorial","yes","yes","","123","","tel:1143257940; 5511913550533; (11) 91355-0533"
"videoscorporativos.com.br","https://videoscorporativos.com.br/autor/alexandre-machado","/autor/alexandre-machado","200","","https://videoscorporativos.com.br/autor/alexandre-machado","Alexandre Machado — Ale Fotógrafo · Vídeo Corporativo SP","Conheça Alexandre Machado, o Ale Fotógrafo: +30 anos produzindo vídeo corporativo, eventos, feiras e retratos para empresas em São Paulo e no Brasil.","Alexandre Machado","","text/html; charset=utf-8","292","about","","autor","yes","yes","","22","","schema:Person,BreadcrumbList; tel:(11) 91355-0533; 5511913550533"
"videoscorporativos.com.br","https://videoscorporativos.com.br/politica-de-privacidade","/politica-de-privacidade","200","","https://videoscorporativos.com.br/politica-de-privacidade","Política de Privacidade · LGPD · Vídeos Corporativos","Como coletamos, usamos e protegemos seus dados de contato conforme a Lei Geral de Proteção de Dados (LGPD).","Política de Privacidade","","text/html; charset=utf-8","296","other","","geral","yes","yes","","18","","tel:(11) 91355-0533; 5511913550533"
"videoscorporativos.com.br","https://videoscorporativos.com.br/cases","/cases","200","","https://videoscorporativos.com.br/cases","Cases de Vídeo Institucional · Portfólio Ale Fotógrafo","Cases de vídeo institucional para empresas: filmes de marca, estrutura e depoimentos produzidos pela Ale Fotógrafo em São Paulo e em todo o Brasil.","Cases de vídeo institucional","","text/html; charset=utf-8","183","case","","portfolio","yes","yes","","27","","schema:ItemList,BreadcrumbList; tel:5511913550533; (11) 91355-0533"
"videoscorporativos.com.br","https://videoscorporativos.com.br/video-institucional-sao-paulo","/video-institucional-sao-paulo","200","","https://videoscorporativos.com.br/video-institucional-sao-paulo","Vídeo Institucional em São Paulo · Produtora com +30 anos","Produção de vídeo institucional em São Paulo: roteiro, captação em cinema digital, edição e entrega. Atende Paulista, Faria Lima, Berrini e todo SP.","Vídeo Institucional em São Paulo","","text/html; charset=utf-8","370","service","","servico-video","yes","yes","","22","","schema:Service,FAQPage,BreadcrumbList; tel:5511913550533; (11) 91355-0533"
"videoscorporativos.com.br","https://videoscorporativos.com.br/video-corporativo-sao-paulo","/video-corporativo-sao-paulo","200","","https://videoscorporativos.com.br/video-corporativo-sao-paulo","Vídeo Corporativo em São Paulo · Produtora com +30 anos","Vídeo corporativo em SP: institucional, evento e feira. Roteiro, captação em cinema digital e entrega multi-formato. Atende Paulista, Faria Lima e Berrini.","Vídeo Corporativo em São Paulo","","text/html; charset=utf-8","485","service","","servico-video","yes","yes","","25","","schema:Service,FAQPage,BreadcrumbList; tel:5511913550533; (11) 91355-0533"
"videoscorporativos.com.br","https://videoscorporativos.com.br/filmagem-evento-corporativo-sao-paulo","/filmagem-evento-corporativo-sao-paulo","200","","https://videoscorporativos.com.br/filmagem-evento-corporativo-sao-paulo","Filmagem de Evento Corporativo SP: Preços e Prazos 2026","Filmagem de evento corporativo em São Paulo de R$ 4.000 a R$ 15.000: convenções, lançamentos, congressos e feiras. Aftermovie em 5 a 10 dias úteis.","Filmagem de Evento Corporativo em São Paulo","","text/html; charset=utf-8","384","service","","servico","yes","yes","","22","","schema:Service,FAQPage,BreadcrumbList; tel:5511913550533; (11) 91355-0533"
"videoscorporativos.com.br","https://videoscorporativos.com.br/video-para-feira-de-negocios","/video-para-feira-de-negocios","200","","https://videoscorporativos.com.br/video-para-feira-de-negocios","Vídeo para Feira de Negócios · São Paulo e Brasil","Vídeo para feira de negócios: registro do stand, depoimentos, entrevistas e aftermovie. Prove o ROI da participação da sua empresa nas feiras do Brasil.","Vídeo para Feira de Negócios","","text/html; charset=utf-8","281","service","","servico","yes","yes","","19","","schema:Service,FAQPage,BreadcrumbList; tel:5511913550533; (11) 91355-0533"
"videoscorporativos.com.br","https://videoscorporativos.com.br/video-de-treinamento-corporativo","/video-de-treinamento-corporativo","200","","https://videoscorporativos.com.br/video-de-treinamento-corporativo","Vídeo de Treinamento Corporativo · São Paulo","Produção de vídeo de treinamento corporativo em São Paulo: roteiro didático, gravação na sua operação, narração e legendas. Padronize o treinamento das equipes.","Vídeo de treinamento corporativo","","text/html; charset=utf-8","453","service","","servico-video","yes","yes","","22","","schema:Service,FAQPage,BreadcrumbList; tel:5511913550533; (11) 91355-0533"
"videoscorporativos.com.br","https://videoscorporativos.com.br/video-de-integracao","/video-de-integracao","200","","https://videoscorporativos.com.br/video-de-integracao","Vídeo de Integração de Novos Colaboradores · São Paulo","Vídeo de integração e onboarding para RH: boas-vindas, cultura, normas internas e tour pela empresa. Produção em São Paulo, padronizando a chegada de cada novo colaborador.","Vídeo de integração de novos colaboradores","","text/html; charset=utf-8","434","service","","servico-video","yes","yes","","22","","schema:Service,FAQPage,BreadcrumbList; tel:5511913550533; (11) 91355-0533"
"videoscorporativos.com.br","https://videoscorporativos.com.br/depoimentos-em-video","/depoimentos-em-video","200","","https://videoscorporativos.com.br/depoimentos-em-video","Depoimentos em Vídeo de Clientes · Produção em São Paulo","Produção de depoimentos em vídeo de clientes para vendas B2B: condução da entrevista, áudio limpo e cortes de 30s, 60s e versão completa. São Paulo e todo o Brasil.","Depoimentos em vídeo de clientes","","text/html; charset=utf-8","450","other","","prova-social","yes","yes","","22","","schema:Service,FAQPage,BreadcrumbList; tel:5511913550533; (11) 91355-0533"
"videoscorporativos.com.br","https://videoscorporativos.com.br/video-para-empresas","/video-para-empresas","200","","https://videoscorporativos.com.br/video-para-empresas","Vídeo para Empresas · Produção Audiovisual Corporativa em SP","Produção de vídeo para empresas em São Paulo: institucional, comercial, processos, campanhas e conteúdo para redes. Orçamento pelo WhatsApp.","Vídeo para empresas em São Paulo","","text/html; charset=utf-8","404","service","","servico-video","yes","yes","","22","","schema:Service,FAQPage,BreadcrumbList; tel:5511913550533; (11) 91355-0533"
"videoscorporativos.com.br","https://videoscorporativos.com.br/cobertura-de-eventos-corporativos","/cobertura-de-eventos-corporativos","200","","https://videoscorporativos.com.br/cobertura-de-eventos-corporativos","Cobertura de Eventos Corporativos em Vídeo · São Paulo","Cobertura de eventos corporativos em vídeo: aftermovie, gravação de palestras, depoimentos, bastidores e cortes para redes. São Paulo e todo o Brasil.","Cobertura de eventos corporativos em vídeo","","text/html; charset=utf-8","376","service","","servico","yes","yes","","22","","schema:Service,FAQPage,BreadcrumbList; tel:5511913550533; (11) 91355-0533"
"videoscorporativos.com.br","https://videoscorporativos.com.br/reels-corporativos","/reels-corporativos","200","","https://videoscorporativos.com.br/reels-corporativos","Reels Corporativos · Vídeos Verticais para Empresas em SP","Produção de reels corporativos e vídeos verticais para LinkedIn, Instagram, Shorts e TikTok. Vários cortes na mesma diária. Orçamento pelo WhatsApp.","Reels corporativos para empresas","","text/html; charset=utf-8","372","other","","geral","yes","yes","","22","","schema:Service,FAQPage,BreadcrumbList; tel:5511913550533; (11) 91355-0533"
"videoscorporativos.com.br","https://videoscorporativos.com.br/video-para-clinicas","/video-para-clinicas","200","","https://videoscorporativos.com.br/video-para-clinicas","Vídeo para Clínicas e Hospitais · Produção em São Paulo","Produção de vídeo para clínicas, hospitais e consultórios em São Paulo: estrutura, equipe, atendimento e explicação de procedimentos. Orçamento no WhatsApp.","Vídeo para clínicas e hospitais","","text/html; charset=utf-8","379","service","","servico","yes","yes","","22","","schema:Service,FAQPage,BreadcrumbList; tel:5511913550533; (11) 91355-0533"
"videoscorporativos.com.br","https://videoscorporativos.com.br/video-para-industrias","/video-para-industrias","200","","https://videoscorporativos.com.br/video-para-industrias","Vídeo para Indústrias e Logística · Produção em São Paulo","Produção de vídeo para indústrias e empresas de logística: planta, operação, frota, centros de distribuição e processos. São Paulo e todo o Brasil.","Vídeo para indústrias e empresas de logística","","text/html; charset=utf-8","374","service","","servico-video","yes","yes","","22","","schema:Service,FAQPage,BreadcrumbList; tel:5511913550533; (11) 91355-0533"
"videoscorporativos.com.br","https://videoscorporativos.com.br/cases/procooler-na-febrava-cobertura-de-feiras-e-eventos-corporativos","/cases/procooler-na-febrava-cobertura-de-feiras-e-eventos-corporativos","200","","https://videoscorporativos.com.br/cases/procooler-na-febrava-cobertura-de-feiras-e-eventos-corporativos","Procooler na FEBRAVA — Cobertura de Feiras e Eventos Corporativos · Case Feiras","Procooler na FEBRAVA — Cobertura de Feiras e Eventos Corporativos — case de vídeo feiras corporativo produzido por Ale Fotógrafo em São Paulo. Assista ao vídeo completo.","Procooler na FEBRAVA — Cobertura de Feiras e Eventos Corporativos","","text/html; charset=utf-8","214","case","","portfolio","yes","yes","","23","","schema:VideoObject,BreadcrumbList; tel:5511913550533; (11) 91355-0533"
"videoscorporativos.com.br","https://videoscorporativos.com.br/cases/sq-quimica-na-fce-pharma-cobertura-em-video-para-feiras-de-negocios","/cases/sq-quimica-na-fce-pharma-cobertura-em-video-para-feiras-de-negocios","200","","https://videoscorporativos.com.br/cases/sq-quimica-na-fce-pharma-cobertura-em-video-para-feiras-de-negocios","SQ Química na FCE Pharma — Cobertura em Vídeo para Feiras de Negócios · Case Feiras","SQ Química na FCE Pharma — Cobertura em Vídeo para Feiras de Negócios — case de vídeo feiras corporativo produzido por Ale Fotógrafo em São Paulo. Assista ao vídeo completo.","SQ Química na FCE Pharma — Cobertura em Vídeo para Feiras de Negócios","","text/html; charset=utf-8","222","case","","portfolio","yes","yes","","23","","schema:VideoObject,BreadcrumbList; tel:5511913550533; (11) 91355-0533"
"videoscorporativos.com.br","https://videoscorporativos.com.br/cases/tecnisa-almoco-com-fornecedores","/cases/tecnisa-almoco-com-fornecedores","200","","https://videoscorporativos.com.br/cases/tecnisa-almoco-com-fornecedores","Tecnisa — Almoço com Fornecedores · Case Eventos","Tecnisa — Almoço com Fornecedores — case de vídeo eventos corporativo produzido por Ale Fotógrafo em São Paulo. Assista ao vídeo completo.","Tecnisa — Almoço com Fornecedores","","text/html; charset=utf-8","199","case","","portfolio","yes","yes","","23","","schema:VideoObject,BreadcrumbList; tel:5511913550533; (11) 91355-0533"
"videoscorporativos.com.br","https://videoscorporativos.com.br/cases/curso-de-prestacao-de-contas-eleitorais-2026-turma-sao-paulo","/cases/curso-de-prestacao-de-contas-eleitorais-2026-turma-sao-paulo","200","","https://videoscorporativos.com.br/cases/curso-de-prestacao-de-contas-eleitorais-2026-turma-sao-paulo","Curso de Prestação de Contas Eleitorais 2026 — Turma São Paulo · Case Eventos","Curso de Prestação de Contas Eleitorais 2026 — Turma São Paulo — case de vídeo eventos corporativo produzido por Ale Fotógrafo em São Paulo. Assista ao vídeo completo.","Curso de Prestação de Contas Eleitorais 2026 — Turma São Paulo","","text/html; charset=utf-8","211","case","","portfolio","yes","yes","","23","","schema:VideoObject,BreadcrumbList; tel:5511913550533; (11) 91355-0533"
"videoscorporativos.com.br","https://videoscorporativos.com.br/cases/nini-bambini-moda-infantil-com-encanto-e-estilo","/cases/nini-bambini-moda-infantil-com-encanto-e-estilo","200","","https://videoscorporativos.com.br/cases/nini-bambini-moda-infantil-com-encanto-e-estilo","Nini Bambini — Moda Infantil com Encanto e Estilo · Case Reels","Nini Bambini — Moda Infantil com Encanto e Estilo — case de vídeo reels corporativo produzido por Ale Fotógrafo em São Paulo. Assista ao vídeo completo.","Nini Bambini — Moda Infantil com Encanto e Estilo","","text/html; charset=utf-8","206","case","","portfolio","yes","yes","","23","","schema:VideoObject,BreadcrumbList; tel:5511913550533; (11) 91355-0533"
"videoscorporativos.com.br","https://videoscorporativos.com.br/cases/unipac-50-anos","/cases/unipac-50-anos","200","","https://videoscorporativos.com.br/cases/unipac-50-anos","Unipac 50 Anos · Case Eventos","Unipac 50 Anos — case de vídeo eventos corporativo produzido por Ale Fotógrafo em São Paulo. Assista ao vídeo completo.","Unipac 50 Anos","","text/html; charset=utf-8","197","case","","portfolio","yes","yes","","23","","schema:VideoObject,BreadcrumbList; tel:5511913550533; (11) 91355-0533"
"videoscorporativos.com.br","https://videoscorporativos.com.br/cases/women-in-tech-brasil","/cases/women-in-tech-brasil","200","","https://videoscorporativos.com.br/cases/women-in-tech-brasil","Women in Tech Brasil · Case Reels","Women in Tech Brasil — case de vídeo reels corporativo produzido por Ale Fotógrafo em São Paulo. Assista ao vídeo completo.","Women in Tech Brasil","","text/html; charset=utf-8","200","case","","portfolio","yes","yes","","23","","schema:VideoObject,BreadcrumbList; tel:5511913550533; (11) 91355-0533"
"videoscorporativos.com.br","https://videoscorporativos.com.br/cases/fincon-1-encontro-da-comunicacao-financeira","/cases/fincon-1-encontro-da-comunicacao-financeira","200","","https://videoscorporativos.com.br/cases/fincon-1-encontro-da-comunicacao-financeira","FINCON — 1º Encontro da Comunicação Financeira · Case Reels","FINCON — 1º Encontro da Comunicação Financeira — case de vídeo reels corporativo produzido por Ale Fotógrafo em São Paulo. Assista ao vídeo completo.","FINCON — 1º Encontro da Comunicação Financeira","","text/html; charset=utf-8","204","case","","portfolio","yes","yes","","23","","schema:VideoObject,BreadcrumbList; tel:5511913550533; (11) 91355-0533"
"videoscorporativos.com.br","https://videoscorporativos.com.br/cases/genesis-ia-na-feira-hospitalar","/cases/genesis-ia-na-feira-hospitalar","200","","https://videoscorporativos.com.br/cases/genesis-ia-na-feira-hospitalar","Genesis IA na Feira Hospitalar · Case Reels","Genesis IA na Feira Hospitalar — case de vídeo reels corporativo produzido por Ale Fotógrafo em São Paulo. Assista ao vídeo completo.","Genesis IA na Feira Hospitalar","","text/html; charset=utf-8","202","case","","portfolio","yes","yes","","23","","schema:VideoObject,BreadcrumbList; tel:5511913550533; (11) 91355-0533"
"videoscorporativos.com.br","https://videoscorporativos.com.br/cases/11-forum-abradilan-2026","/cases/11-forum-abradilan-2026","200","","https://videoscorporativos.com.br/cases/11-forum-abradilan-2026","11º Fórum ABRADILAN 2026 · Case Eventos","11º Fórum ABRADILAN 2026 — case de vídeo eventos corporativo produzido por Ale Fotógrafo em São Paulo. Assista ao vídeo completo.","11º Fórum ABRADILAN 2026","","text/html; charset=utf-8","199","case","","portfolio","yes","yes","","23","","schema:VideoObject,BreadcrumbList; tel:5511913550533; (11) 91355-0533"
"videoscorporativos.com.br","https://videoscorporativos.com.br/cases/11-forum-abradilan-2026-video-corporativo-do-evento","/cases/11-forum-abradilan-2026-video-corporativo-do-evento","200","","https://videoscorporativos.com.br/cases/11-forum-abradilan-2026-video-corporativo-do-evento","11º Fórum ABRADILAN 2026 — Vídeo Corporativo do Evento · Case Eventos","11º Fórum ABRADILAN 2026 — Vídeo Corporativo do Evento — case de vídeo eventos corporativo produzido por Ale Fotógrafo em São Paulo. Assista ao vídeo completo.","11º Fórum ABRADILAN 2026 — Vídeo Corporativo do Evento","","text/html; charset=utf-8","211","case","","portfolio","yes","yes","","23","","schema:VideoObject,BreadcrumbList; tel:5511913550533; (11) 91355-0533"
"videoscorporativos.com.br","https://videoscorporativos.com.br/cases/nitriflex-industria-quimica-de-polimeros-e-borrachas-nitrilicas","/cases/nitriflex-industria-quimica-de-polimeros-e-borrachas-nitrilicas","200","","https://videoscorporativos.com.br/cases/nitriflex-industria-quimica-de-polimeros-e-borrachas-nitrilicas","Nitriflex — Indústria Química de Polímeros e Borrachas Nitrílicas · Case Institucional","Nitriflex — Indústria Química de Polímeros e Borrachas Nitrílicas — case de vídeo institucional corporativo produzido por Ale Fotógrafo em São Paulo. Assista ao vídeo completo.","Nitriflex — Indústria Química de Polímeros e Borrachas Nitrílicas","","text/html; charset=utf-8","208","case","","portfolio","yes","yes","","23","","schema:VideoObject,BreadcrumbList; tel:5511913550533; (11) 91355-0533"
"videoscorporativos.com.br","https://videoscorporativos.com.br/cases/flexfunds-fundos-de-investimento-e-solucoes-financeiras","/cases/flexfunds-fundos-de-investimento-e-solucoes-financeiras","200","","https://videoscorporativos.com.br/cases/flexfunds-fundos-de-investimento-e-solucoes-financeiras","FlexFunds — Fundos de Investimento e Soluções Financeiras · Case Institucional","FlexFunds — Fundos de Investimento e Soluções Financeiras — case de vídeo institucional corporativo produzido por Ale Fotógrafo em São Paulo. Assista ao vídeo completo.","FlexFunds — Fundos de Investimento e Soluções Financeiras","","text/html; charset=utf-8","206","case","","portfolio","yes","yes","","23","","schema:VideoObject,BreadcrumbList; tel:5511913550533; (11) 91355-0533"
"videoscorporativos.com.br","https://videoscorporativos.com.br/cases/fiorde-logistica-solucoes-logisticas-integradas-para-empresas","/cases/fiorde-logistica-solucoes-logisticas-integradas-para-empresas","200","","https://videoscorporativos.com.br/cases/fiorde-logistica-solucoes-logisticas-integradas-para-empresas","Fiorde Logística — Soluções Logísticas Integradas para Empresas · Case Institucional","Fiorde Logística — Soluções Logísticas Integradas para Empresas — case de vídeo institucional corporativo produzido por Ale Fotógrafo em São Paulo. Assista ao vídeo completo.","Fiorde Logística — Soluções Logísticas Integradas para Empresas","","text/html; charset=utf-8","208","case","","portfolio","yes","yes","","23","","schema:VideoObject,BreadcrumbList; tel:5511913550533; (11) 91355-0533"
"videoscorporativos.com.br","https://videoscorporativos.com.br/cases/ativa-log-video-institucional","/cases/ativa-log-video-institucional","200","","https://videoscorporativos.com.br/cases/ativa-log-video-institucional","ATIVA Log — Vídeo Institucional · Case Institucional","ATIVA Log — Vídeo Institucional — case de vídeo institucional corporativo produzido por Ale Fotógrafo em São Paulo. Assista ao vídeo completo.","ATIVA Log — Vídeo Institucional","","text/html; charset=utf-8","202","case","","portfolio","yes","yes","","23","","schema:VideoObject,BreadcrumbList; tel:5511913550533; (11) 91355-0533"
"videoscorporativos.com.br","https://videoscorporativos.com.br/cases/video-manifesto-empreendimento-estrutura-e-proposito","/cases/video-manifesto-empreendimento-estrutura-e-proposito","200","","https://videoscorporativos.com.br/cases/video-manifesto-empreendimento-estrutura-e-proposito","Vídeo Manifesto — Empreendimento, Estrutura e Propósito · Case Institucional","Vídeo Manifesto — Empreendimento, Estrutura e Propósito — case de vídeo institucional corporativo produzido por Ale Fotógrafo em São Paulo. Assista ao vídeo completo.","Vídeo Manifesto — Empreendimento, Estrutura e Propósito","","text/html; charset=utf-8","205","case","","portfolio","yes","yes","","23","","schema:VideoObject,BreadcrumbList; tel:5511913550533; (11) 91355-0533"
"videoscorporativos.com.br","https://videoscorporativos.com.br/cases/ibis-jau-evento-e-experiencia-audiovisual","/cases/ibis-jau-evento-e-experiencia-audiovisual","200","","https://videoscorporativos.com.br/cases/ibis-jau-evento-e-experiencia-audiovisual","ibis Jaú — Evento e Experiência Audiovisual · Case Eventos","ibis Jaú — Evento e Experiência Audiovisual — case de vídeo eventos corporativo produzido por Ale Fotógrafo em São Paulo. Assista ao vídeo completo.","ibis Jaú — Evento e Experiência Audiovisual","","text/html; charset=utf-8","202","case","","portfolio","yes","yes","","23","","schema:VideoObject,BreadcrumbList; tel:5511913550533; (11) 91355-0533"
"videoscorporativos.com.br","https://videoscorporativos.com.br/cases/curso-de-prestacao-de-contas-eleitorais-2026-professora-rita","/cases/curso-de-prestacao-de-contas-eleitorais-2026-professora-rita","200","","https://videoscorporativos.com.br/cases/curso-de-prestacao-de-contas-eleitorais-2026-professora-rita","Curso de Prestação de Contas Eleitorais 2026 — Professora Rita · Case Eventos","Curso de Prestação de Contas Eleitorais 2026 — Professora Rita — case de vídeo eventos corporativo produzido por Ale Fotógrafo em São Paulo. Assista ao vídeo completo.","Curso de Prestação de Contas Eleitorais 2026 — Professora Rita","","text/html; charset=utf-8","214","case","","portfolio","yes","yes","","23","","schema:VideoObject,BreadcrumbList; tel:5511913550533; (11) 91355-0533"
"videoscorporativos.com.br","https://videoscorporativos.com.br/cases/viii-congresso-brasileiro-de-direito-da-empresa-ibde-rio-2026","/cases/viii-congresso-brasileiro-de-direito-da-empresa-ibde-rio-2026","200","","https://videoscorporativos.com.br/cases/viii-congresso-brasileiro-de-direito-da-empresa-ibde-rio-2026","VIII Congresso Brasileiro de Direito da Empresa — IBDE Rio 2026 · Case Eventos","VIII Congresso Brasileiro de Direito da Empresa — IBDE Rio 2026 — case de vídeo eventos corporativo produzido por Ale Fotógrafo em São Paulo. Assista ao vídeo completo.","VIII Congresso Brasileiro de Direito da Empresa — IBDE Rio 2026","","text/html; charset=utf-8","217","case","","portfolio","yes","yes","","23","","schema:VideoObject,BreadcrumbList; tel:5511913550533; (11) 91355-0533"
"videoscorporativos.com.br","https://videoscorporativos.com.br/cases/onemba-producao-audiovisual","/cases/onemba-producao-audiovisual","200","","https://videoscorporativos.com.br/cases/onemba-producao-audiovisual","OneMBA — Produção Audiovisual · Case Eventos","OneMBA — Produção Audiovisual — case de vídeo eventos corporativo produzido por Ale Fotógrafo em São Paulo. Assista ao vídeo completo.","OneMBA — Produção Audiovisual","","text/html; charset=utf-8","196","case","","portfolio","yes","yes","","23","","schema:VideoObject,BreadcrumbList; tel:5511913550533; (11) 91355-0533"
"videoscorporativos.com.br","https://videoscorporativos.com.br/cases/22-forum-de-compras-e-sourcing","/cases/22-forum-de-compras-e-sourcing","200","","https://videoscorporativos.com.br/cases/22-forum-de-compras-e-sourcing","22º Fórum de Compras &amp; Sourcing · Case Eventos","22º Fórum de Compras &amp; Sourcing — case de vídeo eventos corporativo produzido por Ale Fotógrafo em São Paulo. Assista ao vídeo completo.","22º Fórum de Compras &amp; Sourcing","","text/html; charset=utf-8","205","case","","portfolio","yes","yes","","23","","schema:VideoObject,BreadcrumbList; tel:5511913550533; (11) 91355-0533"
"videoscorporativos.com.br","https://videoscorporativos.com.br/cases/faz-farma-faz-negocio-9-edicao","/cases/faz-farma-faz-negocio-9-edicao","200","","https://videoscorporativos.com.br/cases/faz-farma-faz-negocio-9-edicao","Faz Farma Faz Negócio — 9ª Edição · Case Feiras","Faz Farma Faz Negócio — 9ª Edição — case de vídeo feiras corporativo produzido por Ale Fotógrafo em São Paulo. Assista ao vídeo completo.","Faz Farma Faz Negócio — 9ª Edição","","text/html; charset=utf-8","210","case","","portfolio","yes","yes","","23","","schema:VideoObject,BreadcrumbList; tel:5511913550533; (11) 91355-0533"
"videoscorporativos.com.br","https://videoscorporativos.com.br/cases/depoimento-de-cliente-hausy-robotton","/cases/depoimento-de-cliente-hausy-robotton","200","","https://videoscorporativos.com.br/cases/depoimento-de-cliente-hausy-robotton","Depoimento de Cliente — Hausy Robotton · Case Institucional","Depoimento de Cliente — Hausy Robotton — case de vídeo institucional corporativo produzido por Ale Fotógrafo em São Paulo. Assista ao vídeo completo.","Depoimento de Cliente — Hausy Robotton","","text/html; charset=utf-8","205","case","","portfolio","yes","yes","","23","","schema:VideoObject,BreadcrumbList; tel:5511913550533; (11) 91355-0533"
"videoscorporativos.com.br","https://videoscorporativos.com.br/cases/bmx-logistica-video-institucional","/cases/bmx-logistica-video-institucional","200","","https://videoscorporativos.com.br/cases/bmx-logistica-video-institucional","BMX Logística — Vídeo Institucional · Case Institucional","BMX Logística — Vídeo Institucional — case de vídeo institucional corporativo produzido por Ale Fotógrafo em São Paulo. Assista ao vídeo completo.","BMX Logística — Vídeo Institucional","","text/html; charset=utf-8","202","case","","portfolio","yes","yes","","23","","schema:VideoObject,BreadcrumbList; tel:5511913550533; (11) 91355-0533"
"videoscorporativos.com.br","https://videoscorporativos.com.br/cases/9-forum-abradilan","/cases/9-forum-abradilan","200","","https://videoscorporativos.com.br/cases/9-forum-abradilan","9º Fórum ABRADILAN · Case Eventos","9º Fórum ABRADILAN — case de vídeo eventos corporativo produzido por Ale Fotógrafo em São Paulo. Assista ao vídeo completo.","9º Fórum ABRADILAN","","text/html; charset=utf-8","196","case","","portfolio","yes","yes","","23","","schema:VideoObject,BreadcrumbList; tel:5511913550533; (11) 91355-0533"
"videoscorporativos.com.br","https://videoscorporativos.com.br/cases/professora-rita-curso-de-prestacao-de-contas-eleitorais-2024","/cases/professora-rita-curso-de-prestacao-de-contas-eleitorais-2024","200","","https://videoscorporativos.com.br/cases/professora-rita-curso-de-prestacao-de-contas-eleitorais-2024","Professora Rita — Curso de Prestação de Contas Eleitorais 2024 · Case Eventos","Professora Rita — Curso de Prestação de Contas Eleitorais 2024 — case de vídeo eventos corporativo produzido por Ale Fotógrafo em São Paulo. Assista ao vídeo completo.","Professora Rita — Curso de Prestação de Contas Eleitorais 2024","","text/html; charset=utf-8","214","case","","portfolio","yes","yes","","23","","schema:VideoObject,BreadcrumbList; tel:5511913550533; (11) 91355-0533"
"videoscorporativos.com.br","https://videoscorporativos.com.br/cases/unitec-video-institucional","/cases/unitec-video-institucional","200","","https://videoscorporativos.com.br/cases/unitec-video-institucional","UNITEC — Vídeo Institucional · Case Institucional","UNITEC — Vídeo Institucional — case de vídeo institucional corporativo produzido por Ale Fotógrafo em São Paulo. Assista ao vídeo completo.","UNITEC — Vídeo Institucional","","text/html; charset=utf-8","199","case","","portfolio","yes","yes","","23","","schema:VideoObject,BreadcrumbList; tel:5511913550533; (11) 91355-0533"
"videoscorporativos.com.br","https://videoscorporativos.com.br/cases/ativa-log-estrutura-operacao-e-eficiencia-logistica","/cases/ativa-log-estrutura-operacao-e-eficiencia-logistica","200","","https://videoscorporativos.com.br/cases/ativa-log-estrutura-operacao-e-eficiencia-logistica","ATIVA Log — Estrutura, Operação e Eficiência Logística · Case Institucional","ATIVA Log — Estrutura, Operação e Eficiência Logística — case de vídeo institucional corporativo produzido por Ale Fotógrafo em São Paulo. Assista ao vídeo completo.","ATIVA Log — Estrutura, Operação e Eficiência Logística","","text/html; charset=utf-8","208","case","","portfolio","yes","yes","","23","","schema:VideoObject,BreadcrumbList; tel:5511913550533; (11) 91355-0533"
"videoscorporativos.com.br","https://videoscorporativos.com.br/cases/ibde-mendoza-iii-congresso-internacional","/cases/ibde-mendoza-iii-congresso-internacional","200","","https://videoscorporativos.com.br/cases/ibde-mendoza-iii-congresso-internacional","IBDE Mendoza — III Congresso Internacional · Case Eventos","IBDE Mendoza — III Congresso Internacional — case de vídeo eventos corporativo produzido por Ale Fotógrafo em São Paulo. Assista ao vídeo completo.","IBDE Mendoza — III Congresso Internacional","","text/html; charset=utf-8","202","case","","portfolio","yes","yes","","23","","schema:VideoObject,BreadcrumbList; tel:5511913550533; (11) 91355-0533"
"videoscorporativos.com.br","https://videoscorporativos.com.br/cases/abradilan-25-anos","/cases/abradilan-25-anos","200","","https://videoscorporativos.com.br/cases/abradilan-25-anos","ABRADILAN 25 Anos · Case Eventos","ABRADILAN 25 Anos — case de vídeo eventos corporativo produzido por Ale Fotógrafo em São Paulo. Assista ao vídeo completo.","ABRADILAN 25 Anos","","text/html; charset=utf-8","196","case","","portfolio","yes","yes","","23","","schema:VideoObject,BreadcrumbList; tel:5511913550533; (11) 91355-0533"
"videoscorporativos.com.br","https://videoscorporativos.com.br/cases/encontro-farmarcas-2023","/cases/encontro-farmarcas-2023","200","","https://videoscorporativos.com.br/cases/encontro-farmarcas-2023","Encontro Farmarcas 2023 · Case Eventos","Encontro Farmarcas 2023 — case de vídeo eventos corporativo produzido por Ale Fotógrafo em São Paulo. Assista ao vídeo completo.","Encontro Farmarcas 2023","","text/html; charset=utf-8","196","case","","portfolio","yes","yes","","23","","schema:VideoObject,BreadcrumbList; tel:5511913550533; (11) 91355-0533"
"videoscorporativos.com.br","https://videoscorporativos.com.br/cases/15-convencao-abradilan-punta-cana","/cases/15-convencao-abradilan-punta-cana","200","","https://videoscorporativos.com.br/cases/15-convencao-abradilan-punta-cana","15ª Convenção ABRADILAN — Punta Cana · Case Eventos","15ª Convenção ABRADILAN — Punta Cana — case de vídeo eventos corporativo produzido por Ale Fotógrafo em São Paulo. Assista ao vídeo completo.","15ª Convenção ABRADILAN — Punta Cana","","text/html; charset=utf-8","202","case","","portfolio","yes","yes","","23","","schema:VideoObject,BreadcrumbList; tel:5511913550533; (11) 91355-0533"
"videoscorporativos.com.br","https://videoscorporativos.com.br/cases/convencao-de-vendas-tecnisa-2023","/cases/convencao-de-vendas-tecnisa-2023","200","","https://videoscorporativos.com.br/cases/convencao-de-vendas-tecnisa-2023","Convenção de Vendas Tecnisa 2023 · Case Eventos","Convenção de Vendas Tecnisa 2023 — case de vídeo eventos corporativo produzido por Ale Fotógrafo em São Paulo. Assista ao vídeo completo.","Convenção de Vendas Tecnisa 2023","","text/html; charset=utf-8","202","case","","portfolio","yes","yes","","23","","schema:VideoObject,BreadcrumbList; tel:5511913550533; (11) 91355-0533"
"videoscorporativos.com.br","https://videoscorporativos.com.br/cases/copapharma-coquetel-de-lancamento","/cases/copapharma-coquetel-de-lancamento","200","","https://videoscorporativos.com.br/cases/copapharma-coquetel-de-lancamento","Copapharma — Coquetel de Lançamento · Case Eventos","Copapharma — Coquetel de Lançamento — case de vídeo eventos corporativo produzido por Ale Fotógrafo em São Paulo. Assista ao vídeo completo.","Copapharma — Coquetel de Lançamento","","text/html; charset=utf-8","199","case","","portfolio","yes","yes","","23","","schema:VideoObject,BreadcrumbList; tel:5511913550533; (11) 91355-0533"
"videoscorporativos.com.br","https://videoscorporativos.com.br/cases/faz-negocios-3","/cases/faz-negocios-3","200","","https://videoscorporativos.com.br/cases/faz-negocios-3","Faz Negócios 3 · Case Feiras","Faz Negócios 3 — case de vídeo feiras corporativo produzido por Ale Fotógrafo em São Paulo. Assista ao vídeo completo.","Faz Negócios 3","","text/html; charset=utf-8","202","case","","portfolio","yes","yes","","23","","schema:VideoObject,BreadcrumbList; tel:5511913550533; (11) 91355-0533"
"videoscorporativos.com.br","https://videoscorporativos.com.br/cases/festa-de-confraternizacao-tecnisa-2022","/cases/festa-de-confraternizacao-tecnisa-2022","200","","https://videoscorporativos.com.br/cases/festa-de-confraternizacao-tecnisa-2022","Festa de Confraternização Tecnisa 2022 · Case Eventos","Festa de Confraternização Tecnisa 2022 — case de vídeo eventos corporativo produzido por Ale Fotógrafo em São Paulo. Assista ao vídeo completo.","Festa de Confraternização Tecnisa 2022","","text/html; charset=utf-8","202","case","","portfolio","yes","yes","","23","","schema:VideoObject,BreadcrumbList; tel:5511913550533; (11) 91355-0533"
"videoscorporativos.com.br","https://videoscorporativos.com.br/cases/iii-congresso-brasileiro-de-direito-da-empresa","/cases/iii-congresso-brasileiro-de-direito-da-empresa","200","","https://videoscorporativos.com.br/cases/iii-congresso-brasileiro-de-direito-da-empresa","III Congresso Brasileiro de Direito da Empresa · Case Eventos","III Congresso Brasileiro de Direito da Empresa — case de vídeo eventos corporativo produzido por Ale Fotógrafo em São Paulo. Assista ao vídeo completo.","III Congresso Brasileiro de Direito da Empresa","","text/html; charset=utf-8","208","case","","portfolio","yes","yes","","23","","schema:VideoObject,BreadcrumbList; tel:5511913550533; (11) 91355-0533"
"videoscorporativos.com.br","https://videoscorporativos.com.br/cases/sq-quimica-34-premio-sitivesp-de-fornecedor-do-ano","/cases/sq-quimica-34-premio-sitivesp-de-fornecedor-do-ano","200","","https://videoscorporativos.com.br/cases/sq-quimica-34-premio-sitivesp-de-fornecedor-do-ano","SQ Química — 34º Prêmio SITIVESP de Fornecedor do Ano · Case Eventos","SQ Química — 34º Prêmio SITIVESP de Fornecedor do Ano — case de vídeo eventos corporativo produzido por Ale Fotógrafo em São Paulo. Assista ao vídeo completo.","SQ Química — 34º Prêmio SITIVESP de Fornecedor do Ano","","text/html; charset=utf-8","214","case","","portfolio","yes","yes","","23","","schema:VideoObject,BreadcrumbList; tel:5511913550533; (11) 91355-0533"
"videoscorporativos.com.br","https://videoscorporativos.com.br/cases/onemba-class-2023-sao-paulo","/cases/onemba-class-2023-sao-paulo","200","","https://videoscorporativos.com.br/cases/onemba-class-2023-sao-paulo","OneMBA Class 2023 — São Paulo · Case Eventos","OneMBA Class 2023 — São Paulo — case de vídeo eventos corporativo produzido por Ale Fotógrafo em São Paulo. Assista ao vídeo completo.","OneMBA Class 2023 — São Paulo","","text/html; charset=utf-8","202","case","","portfolio","yes","yes","","23","","schema:VideoObject,BreadcrumbList; tel:5511913550533; (11) 91355-0533"
"videoscorporativos.com.br","https://videoscorporativos.com.br/cases/galena-celebra","/cases/galena-celebra","200","","https://videoscorporativos.com.br/cases/galena-celebra","Galena Celebra · Case Eventos","Galena Celebra — case de vídeo eventos corporativo produzido por Ale Fotógrafo em São Paulo. Assista ao vídeo completo.","Galena Celebra","","text/html; charset=utf-8","193","case","","portfolio","yes","yes","","23","","schema:VideoObject,BreadcrumbList; tel:5511913550533; (11) 91355-0533"
"videoscorporativos.com.br","https://videoscorporativos.com.br/cases/sipat-2022-foseco","/cases/sipat-2022-foseco","200","","https://videoscorporativos.com.br/cases/sipat-2022-foseco","SIPAT 2022 — Foseco · Case Eventos","SIPAT 2022 — Foseco — case de vídeo eventos corporativo produzido por Ale Fotógrafo em São Paulo. Assista ao vídeo completo.","SIPAT 2022 — Foseco","","text/html; charset=utf-8","196","case","","portfolio","yes","yes","","23","","schema:VideoObject,BreadcrumbList; tel:5511913550533; (11) 91355-0533"
"videoscorporativos.com.br","https://videoscorporativos.com.br/cases/sq-quimica-unidade-vinhedo","/cases/sq-quimica-unidade-vinhedo","200","","https://videoscorporativos.com.br/cases/sq-quimica-unidade-vinhedo","SQ Química — Unidade Vinhedo · Case Institucional","SQ Química — Unidade Vinhedo — case de vídeo institucional corporativo produzido por Ale Fotógrafo em São Paulo. Assista ao vídeo completo.","SQ Química — Unidade Vinhedo","","text/html; charset=utf-8","202","case","","portfolio","yes","yes","","23","","schema:VideoObject,BreadcrumbList; tel:5511913550533; (11) 91355-0533"
"videoscorporativos.com.br","https://videoscorporativos.com.br/cases/encontro-farmarcas-2022","/cases/encontro-farmarcas-2022","200","","https://videoscorporativos.com.br/cases/encontro-farmarcas-2022","Encontro Farmarcas 2022 · Case Eventos","Encontro Farmarcas 2022 — case de vídeo eventos corporativo produzido por Ale Fotógrafo em São Paulo. Assista ao vídeo completo.","Encontro Farmarcas 2022","","text/html; charset=utf-8","196","case","","portfolio","yes","yes","","23","","schema:VideoObject,BreadcrumbList; tel:5511913550533; (11) 91355-0533"
"videoscorporativos.com.br","https://videoscorporativos.com.br/cases/i-congresso-brasileiro-de-direito-da-empresa-no-novo-futebol-ibde","/cases/i-congresso-brasileiro-de-direito-da-empresa-no-novo-futebol-ibde","200","","https://videoscorporativos.com.br/cases/i-congresso-brasileiro-de-direito-da-empresa-no-novo-futebol-ibde","I Congresso Brasileiro de Direito da Empresa no Novo Futebol — IBDE · Case Eventos","I Congresso Brasileiro de Direito da Empresa no Novo Futebol — IBDE — case de vídeo eventos corporativo produzido por Ale Fotógrafo em São Paulo. Assista ao vídeo completo.","I Congresso Brasileiro de Direito da Empresa no Novo Futebol — IBDE","","text/html; charset=utf-8","217","case","","portfolio","yes","yes","","23","","schema:VideoObject,BreadcrumbList; tel:5511913550533; (11) 91355-0533"
"videoscorporativos.com.br","https://videoscorporativos.com.br/cases/galena-35-anos","/cases/galena-35-anos","200","","https://videoscorporativos.com.br/cases/galena-35-anos","Galena 35 Anos · Case Eventos","Galena 35 Anos — case de vídeo eventos corporativo produzido por Ale Fotógrafo em São Paulo. Assista ao vídeo completo.","Galena 35 Anos","","text/html; charset=utf-8","196","case","","portfolio","yes","yes","","23","","schema:VideoObject,BreadcrumbList; tel:5511913550533; (11) 91355-0533"
"videoscorporativos.com.br","https://videoscorporativos.com.br/cases/ativa-logistica-programa-de-sustentabilidade","/cases/ativa-logistica-programa-de-sustentabilidade","200","","https://videoscorporativos.com.br/cases/ativa-logistica-programa-de-sustentabilidade","ATIVA Logística — Programa de Sustentabilidade · Case Institucional","ATIVA Logística — Programa de Sustentabilidade — case de vídeo institucional corporativo produzido por Ale Fotógrafo em São Paulo. Assista ao vídeo completo.","ATIVA Logística — Programa de Sustentabilidade","","text/html; charset=utf-8","205","case","","portfolio","yes","yes","","23","","schema:VideoObject,BreadcrumbList; tel:5511913550533; (11) 91355-0533"
"videoscorporativos.com.br","https://videoscorporativos.com.br/cases/sq-quimica-na-abrafati-show-2022","/cases/sq-quimica-na-abrafati-show-2022","200","","https://videoscorporativos.com.br/cases/sq-quimica-na-abrafati-show-2022","SQ Química na ABRAFATI Show 2022 · Case Feiras","SQ Química na ABRAFATI Show 2022 — case de vídeo feiras corporativo produzido por Ale Fotógrafo em São Paulo. Assista ao vídeo completo.","SQ Química na ABRAFATI Show 2022","","text/html; charset=utf-8","214","case","","portfolio","yes","yes","","23","","schema:VideoObject,BreadcrumbList; tel:5511913550533; (11) 91355-0533"
"videoscorporativos.com.br","https://videoscorporativos.com.br/cases/ensaio-de-retratos-profissionais-ale-fotografo","/cases/ensaio-de-retratos-profissionais-ale-fotografo","200","","https://videoscorporativos.com.br/cases/ensaio-de-retratos-profissionais-ale-fotografo","Ensaio de Retratos Profissionais — Ale Fotógrafo · Case Reels","Ensaio de Retratos Profissionais — Ale Fotógrafo — case de vídeo reels corporativo produzido por Ale Fotógrafo em São Paulo. Assista ao vídeo completo.","Ensaio de Retratos Profissionais — Ale Fotógrafo","","text/html; charset=utf-8","205","case","","portfolio","yes","yes","","23","","schema:VideoObject,BreadcrumbList; tel:5511913550533; (11) 91355-0533"
"videoscorporativos.com.br","https://videoscorporativos.com.br/cases/confraternizacao-abradilan","/cases/confraternizacao-abradilan","200","","https://videoscorporativos.com.br/cases/confraternizacao-abradilan","Confraternização ABRADILAN · Case Eventos","Confraternização ABRADILAN — case de vídeo eventos corporativo produzido por Ale Fotógrafo em São Paulo. Assista ao vídeo completo.","Confraternização ABRADILAN","","text/html; charset=utf-8","193","case","","portfolio","yes","yes","","23","","schema:VideoObject,BreadcrumbList; tel:5511913550533; (11) 91355-0533"
"videoscorporativos.com.br","https://videoscorporativos.com.br/cases/7-forum-abradilan-de-desenvolvimento-empresarial","/cases/7-forum-abradilan-de-desenvolvimento-empresarial","200","","https://videoscorporativos.com.br/cases/7-forum-abradilan-de-desenvolvimento-empresarial","7º Fórum ABRADILAN de Desenvolvimento Empresarial · Case Eventos","7º Fórum ABRADILAN de Desenvolvimento Empresarial — case de vídeo eventos corporativo produzido por Ale Fotógrafo em São Paulo. Assista ao vídeo completo.","7º Fórum ABRADILAN de Desenvolvimento Empresarial","","text/html; charset=utf-8","205","case","","portfolio","yes","yes","","23","","schema:VideoObject,BreadcrumbList; tel:5511913550533; (11) 91355-0533"
"videoscorporativos.com.br","https://videoscorporativos.com.br/cases/retratos-profissionais-em-estudio","/cases/retratos-profissionais-em-estudio","200","","https://videoscorporativos.com.br/cases/retratos-profissionais-em-estudio","Retratos Profissionais em Estúdio · Case Reels","Retratos Profissionais em Estúdio — case de vídeo reels corporativo produzido por Ale Fotógrafo em São Paulo. Assista ao vídeo completo.","Retratos Profissionais em Estúdio","","text/html; charset=utf-8","199","case","","portfolio","yes","yes","","23","","schema:VideoObject,BreadcrumbList; tel:5511913550533; (11) 91355-0533"
"videoscorporativos.com.br","https://videoscorporativos.com.br/cases/retrato-corporativo-ensaio-fotografico","/cases/retrato-corporativo-ensaio-fotografico","200","","https://videoscorporativos.com.br/cases/retrato-corporativo-ensaio-fotografico","Retrato Corporativo — Ensaio Fotográfico · Case Reels","Retrato Corporativo — Ensaio Fotográfico — case de vídeo reels corporativo produzido por Ale Fotógrafo em São Paulo. Assista ao vídeo completo.","Retrato Corporativo — Ensaio Fotográfico","","text/html; charset=utf-8","199","case","","portfolio","yes","yes","","23","","schema:VideoObject,BreadcrumbList; tel:5511913550533; (11) 91355-0533"
"videoscorporativos.com.br","https://videoscorporativos.com.br/cases/ibis-botucatu-teaser-de-inauguracao","/cases/ibis-botucatu-teaser-de-inauguracao","200","","https://videoscorporativos.com.br/cases/ibis-botucatu-teaser-de-inauguracao","IBIS Botucatu — Teaser de Inauguração · Case Institucional","IBIS Botucatu — Teaser de Inauguração — case de vídeo institucional corporativo produzido por Ale Fotógrafo em São Paulo. Assista ao vídeo completo.","IBIS Botucatu — Teaser de Inauguração","","text/html; charset=utf-8","205","case","","portfolio","yes","yes","","23","","schema:VideoObject,BreadcrumbList; tel:5511913550533; (11) 91355-0533"
"videoscorporativos.com.br","https://videoscorporativos.com.br/cases/ibis-botucatu-video-manifesto","/cases/ibis-botucatu-video-manifesto","200","","https://videoscorporativos.com.br/cases/ibis-botucatu-video-manifesto","IBIS Botucatu — Vídeo Manifesto · Case Institucional","IBIS Botucatu — Vídeo Manifesto — case de vídeo institucional corporativo produzido por Ale Fotógrafo em São Paulo. Assista ao vídeo completo.","IBIS Botucatu — Vídeo Manifesto","","text/html; charset=utf-8","202","case","","portfolio","yes","yes","","23","","schema:VideoObject,BreadcrumbList; tel:5511913550533; (11) 91355-0533"
"videoscorporativos.com.br","https://videoscorporativos.com.br/cases/curso-de-prestacao-de-contas-eleitorais-professora-rita-goncalves","/cases/curso-de-prestacao-de-contas-eleitorais-professora-rita-goncalves","200","","https://videoscorporativos.com.br/cases/curso-de-prestacao-de-contas-eleitorais-professora-rita-goncalves","Curso de Prestação de Contas Eleitorais — Professora Rita Gonçalves · Case Eventos","Curso de Prestação de Contas Eleitorais — Professora Rita Gonçalves — case de vídeo eventos corporativo produzido por Ale Fotógrafo em São Paulo. Assista ao vídeo completo.","Curso de Prestação de Contas Eleitorais — Professora Rita Gonçalves","","text/html; charset=utf-8","214","case","","portfolio","yes","yes","","23","","schema:VideoObject,BreadcrumbList; tel:5511913550533; (11) 91355-0533"
"videoscorporativos.com.br","https://videoscorporativos.com.br/cases/latin-sales-meeting-2022-punta-cana","/cases/latin-sales-meeting-2022-punta-cana","200","","https://videoscorporativos.com.br/cases/latin-sales-meeting-2022-punta-cana","Latin Sales Meeting 2022 — Punta Cana · Case Eventos","Latin Sales Meeting 2022 — Punta Cana — case de vídeo eventos corporativo produzido por Ale Fotógrafo em São Paulo. Assista ao vídeo completo.","Latin Sales Meeting 2022 — Punta Cana","","text/html; charset=utf-8","205","case","","portfolio","yes","yes","","23","","schema:VideoObject,BreadcrumbList; tel:5511913550533; (11) 91355-0533"
"videoscorporativos.com.br","https://videoscorporativos.com.br/cases/jantar-febrafar-2022","/cases/jantar-febrafar-2022","200","","https://videoscorporativos.com.br/cases/jantar-febrafar-2022","Jantar Febrafar 2022 · Case Eventos","Jantar Febrafar 2022 — case de vídeo eventos corporativo produzido por Ale Fotógrafo em São Paulo. Assista ao vídeo completo.","Jantar Febrafar 2022","","text/html; charset=utf-8","196","case","","portfolio","yes","yes","","23","","schema:VideoObject,BreadcrumbList; tel:5511913550533; (11) 91355-0533"
"videoscorporativos.com.br","https://videoscorporativos.com.br/cases/salomao-concursos-aulao-em-sao-paulo","/cases/salomao-concursos-aulao-em-sao-paulo","200","","https://videoscorporativos.com.br/cases/salomao-concursos-aulao-em-sao-paulo","Salomão Concursos — Aulão em São Paulo · Case Eventos","Salomão Concursos — Aulão em São Paulo — case de vídeo eventos corporativo produzido por Ale Fotógrafo em São Paulo. Assista ao vídeo completo.","Salomão Concursos — Aulão em São Paulo","","text/html; charset=utf-8","205","case","","portfolio","yes","yes","","23","","schema:VideoObject,BreadcrumbList; tel:5511913550533; (11) 91355-0533"
"videoscorporativos.com.br","https://videoscorporativos.com.br/cases/renove-mudancas-institucional","/cases/renove-mudancas-institucional","200","","https://videoscorporativos.com.br/cases/renove-mudancas-institucional","Renove Mudanças — Institucional · Case Institucional","Renove Mudanças — Institucional — case de vídeo institucional corporativo produzido por Ale Fotógrafo em São Paulo. Assista ao vídeo completo.","Renove Mudanças — Institucional","","text/html; charset=utf-8","199","case","","portfolio","yes","yes","","23","","schema:VideoObject,BreadcrumbList; tel:5511913550533; (11) 91355-0533"
"videoscorporativos.com.br","https://videoscorporativos.com.br/cases/sitivesp-80-anos","/cases/sitivesp-80-anos","200","","https://videoscorporativos.com.br/cases/sitivesp-80-anos","SITIVESP 80 Anos · Case Eventos","SITIVESP 80 Anos — case de vídeo eventos corporativo produzido por Ale Fotógrafo em São Paulo. Assista ao vídeo completo.","SITIVESP 80 Anos","","text/html; charset=utf-8","196","case","","portfolio","yes","yes","","23","","schema:VideoObject,BreadcrumbList; tel:5511913550533; (11) 91355-0533"
"videoscorporativos.com.br","https://videoscorporativos.com.br/cases/rocha-e-queiroz-video-do-escritorio","/cases/rocha-e-queiroz-video-do-escritorio","200","","https://videoscorporativos.com.br/cases/rocha-e-queiroz-video-do-escritorio","Rocha &amp; Queiroz — Vídeo do Escritório · Case Institucional","Rocha &amp; Queiroz — Vídeo do Escritório — case de vídeo institucional corporativo produzido por Ale Fotógrafo em São Paulo. Assista ao vídeo completo.","Rocha &amp; Queiroz — Vídeo do Escritório","","text/html; charset=utf-8","208","case","","portfolio","yes","yes","","23","","schema:VideoObject,BreadcrumbList; tel:5511913550533; (11) 91355-0533"
"videoscorporativos.com.br","https://videoscorporativos.com.br/cases/latam-sales-meeting-2021-convatec","/cases/latam-sales-meeting-2021-convatec","200","","https://videoscorporativos.com.br/cases/latam-sales-meeting-2021-convatec","LATAM Sales Meeting 2021 — Convatec · Case Eventos","LATAM Sales Meeting 2021 — Convatec — case de vídeo eventos corporativo produzido por Ale Fotógrafo em São Paulo. Assista ao vídeo completo.","LATAM Sales Meeting 2021 — Convatec","","text/html; charset=utf-8","202","case","","portfolio","yes","yes","","23","","schema:VideoObject,BreadcrumbList; tel:5511913550533; (11) 91355-0533"
"videoscorporativos.com.br","https://videoscorporativos.com.br/cases/ativa-logistica-institucional","/cases/ativa-logistica-institucional","200","","https://videoscorporativos.com.br/cases/ativa-logistica-institucional","ATIVA Logística — Institucional · Case Institucional","ATIVA Logística — Institucional — case de vídeo institucional corporativo produzido por Ale Fotógrafo em São Paulo. Assista ao vídeo completo.","ATIVA Logística — Institucional","","text/html; charset=utf-8","199","case","","portfolio","yes","yes","","23","","schema:VideoObject,BreadcrumbList; tel:5511913550533; (11) 91355-0533"
"videoscorporativos.com.br","https://videoscorporativos.com.br/cases/rocha-e-queiroz-advogados-institucional","/cases/rocha-e-queiroz-advogados-institucional","200","","https://videoscorporativos.com.br/cases/rocha-e-queiroz-advogados-institucional","Rocha &amp; Queiroz Advogados — Institucional · Case Institucional","Rocha &amp; Queiroz Advogados — Institucional — case de vídeo institucional corporativo produzido por Ale Fotógrafo em São Paulo. Assista ao vídeo completo.","Rocha &amp; Queiroz Advogados — Institucional","","text/html; charset=utf-8","205","case","","portfolio","yes","yes","","23","","schema:VideoObject,BreadcrumbList; tel:5511913550533; (11) 91355-0533"
"videoscorporativos.com.br","https://videoscorporativos.com.br/cases/ativalog-video-de-boas-festas","/cases/ativalog-video-de-boas-festas","200","","https://videoscorporativos.com.br/cases/ativalog-video-de-boas-festas","ATIVALOG — Vídeo de Boas Festas · Case Institucional","ATIVALOG — Vídeo de Boas Festas — case de vídeo institucional corporativo produzido por Ale Fotógrafo em São Paulo. Assista ao vídeo completo.","ATIVALOG — Vídeo de Boas Festas","","text/html; charset=utf-8","205","case","","portfolio","yes","yes","","23","","schema:VideoObject,BreadcrumbList; tel:5511913550533; (11) 91355-0533"
"videoscorporativos.com.br","https://videoscorporativos.com.br/cases/sustainable-foods-summit-sao-paulo","/cases/sustainable-foods-summit-sao-paulo","200","","https://videoscorporativos.com.br/cases/sustainable-foods-summit-sao-paulo","Sustainable Foods Summit — São Paulo · Case Feiras","Sustainable Foods Summit — São Paulo — case de vídeo feiras corporativo produzido por Ale Fotógrafo em São Paulo. Assista ao vídeo completo.","Sustainable Foods Summit — São Paulo","","text/html; charset=utf-8","211","case","","portfolio","yes","yes","","23","","schema:VideoObject,BreadcrumbList; tel:5511913550533; (11) 91355-0533"
"videoscorporativos.com.br","https://videoscorporativos.com.br/cases/encontro-de-craques-germed","/cases/encontro-de-craques-germed","200","","https://videoscorporativos.com.br/cases/encontro-de-craques-germed","Encontro de Craques — Germed · Case Eventos","Encontro de Craques — Germed — case de vídeo eventos corporativo produzido por Ale Fotógrafo em São Paulo. Assista ao vídeo completo.","Encontro de Craques — Germed","","text/html; charset=utf-8","199","case","","portfolio","yes","yes","","23","","schema:VideoObject,BreadcrumbList; tel:5511913550533; (11) 91355-0533"
"videoscorporativos.com.br","https://videoscorporativos.com.br/cases/ativa-logistica-centro-de-distribuicao-itapevi","/cases/ativa-logistica-centro-de-distribuicao-itapevi","200","","https://videoscorporativos.com.br/cases/ativa-logistica-centro-de-distribuicao-itapevi","ATIVA Logística — Centro de Distribuição Itapevi · Case Institucional","ATIVA Logística — Centro de Distribuição Itapevi — case de vídeo institucional corporativo produzido por Ale Fotógrafo em São Paulo. Assista ao vídeo completo.","ATIVA Logística — Centro de Distribuição Itapevi","","text/html; charset=utf-8","208","case","","portfolio","yes","yes","","23","","schema:VideoObject,BreadcrumbList; tel:5511913550533; (11) 91355-0533"
"videoscorporativos.com.br","https://videoscorporativos.com.br/cases/fcw-premio-almirante-alvaro-alberto","/cases/fcw-premio-almirante-alvaro-alberto","200","","https://videoscorporativos.com.br/cases/fcw-premio-almirante-alvaro-alberto","FCW — Prêmio Almirante Álvaro Alberto · Case Eventos","FCW — Prêmio Almirante Álvaro Alberto — case de vídeo eventos corporativo produzido por Ale Fotógrafo em São Paulo. Assista ao vídeo completo.","FCW — Prêmio Almirante Álvaro Alberto","","text/html; charset=utf-8","202","case","","portfolio","yes","yes","","23","","schema:VideoObject,BreadcrumbList; tel:5511913550533; (11) 91355-0533"
"videoscorporativos.com.br","https://videoscorporativos.com.br/blog/video-fusoes-aquisicoes-integracao-cultural","/blog/video-fusoes-aquisicoes-integracao-cultural","200","","https://videoscorporativos.com.br/blog/video-fusoes-aquisicoes-integracao-cultural","Vídeo em fusões e aquisições Comunique antes do boato · Ale Fotógrafo","Em fusões e aquisições, a insegurança do time custa produtividade e talento. Veja como o vídeo da liderança acelera a integração cultural e reduz o ruído.","Vídeo em fusões e aquisições: comunicar a nova empresa antes que o boato faça isso","","text/html; charset=utf-8","579","blog","","editorial","yes","yes","","28","","schema:Article,BreadcrumbList,FAQPage; tel:5511913550533; (11) 91355-0533"
"videoscorporativos.com.br","https://videoscorporativos.com.br/blog/quanto-tempo-leva-produzir-video-corporativo","/blog/quanto-tempo-leva-produzir-video-corporativo","200","","https://videoscorporativos.com.br/blog/quanto-tempo-leva-produzir-video-corporativo","Quanto tempo leva produzir um vídeo corporativo Prazos por etapa · Ale Fotógrafo","Entenda os prazos reais de cada etapa da produção de vídeo corporativo e como planejar com antecedência para não comprometer datas importantes.","Quanto tempo leva para produzir um vídeo corporativo? Prazos reais por etapa","","text/html; charset=utf-8","537","blog","","editorial","yes","yes","","28","","schema:Article,BreadcrumbList,FAQPage; tel:5511913550533; (11) 91355-0533"
"videoscorporativos.com.br","https://videoscorporativos.com.br/blog/color-grading-video-corporativo-identidade","/blog/color-grading-video-corporativo-identidade","200","","https://videoscorporativos.com.br/blog/color-grading-video-corporativo-identidade","Color grading em vídeo corporativo Identidade visual consistente · Ale Fotógrafo","Vídeos com tratamentos de cor diferentes quebram a identidade da marca. Entenda como o color grading cria assinatura visual reconhecível.","Color grading em vídeo corporativo: por que seus vídeos não parecem da mesma empresa","","text/html; charset=utf-8","572","blog","","editorial","yes","yes","","28","","schema:Article,BreadcrumbList,FAQPage; tel:5511913550533; (11) 91355-0533"
"videoscorporativos.com.br","https://videoscorporativos.com.br/blog/video-treinamento-redes-franquias-padrao","/blog/video-treinamento-redes-franquias-padrao","200","","https://videoscorporativos.com.br/blog/video-treinamento-redes-franquias-padrao","Vídeo de treinamento para redes e franquias Padrão em toda a rede · Ale Fotógrafo","Treinamento em vídeo garante que todas as unidades da rede operem no mesmo padrão, reduz custo de capacitação e acelera a abertura de novos pontos.","Vídeo de treinamento para redes e franquias: o mesmo padrão em todas as unidades","","text/html; charset=utf-8","560","blog","","editorial","yes","yes","","28","","schema:Article,BreadcrumbList,FAQPage; tel:5511913550533; (11) 91355-0533"
"videoscorporativos.com.br","https://videoscorporativos.com.br/blog/locucao-ou-entrevista-video-corporativo","/blog/locucao-ou-entrevista-video-corporativo","200","","https://videoscorporativos.com.br/blog/locucao-ou-entrevista-video-corporativo","Locução ou entrevista em vídeo corporativo Como escolher · Ale Fotógrafo","Locução e entrevista servem a objetivos diferentes. Veja quando cada formato funciona melhor e como isso afeta credibilidade, custo e prazo.","Locução ou entrevista? Como escolher a voz do seu vídeo corporativo","","text/html; charset=utf-8","554","blog","","editorial","yes","yes","","28","","schema:Article,BreadcrumbList,FAQPage; tel:5511913550533; (11) 91355-0533"
"videoscorporativos.com.br","https://videoscorporativos.com.br/blog/teleprompter-executivo-nao-parecer-robotico","/blog/teleprompter-executivo-nao-parecer-robotico","200","","https://videoscorporativos.com.br/blog/teleprompter-executivo-nao-parecer-robotico","Teleprompter sem parecer robô Naturalidade em vídeo executivo · Ale Fotógrafo","Ler teleprompter costuma deixar o executivo artificial. Veja como manter naturalidade e credibilidade em vídeos de liderança com ou sem texto na tela.","Teleprompter sem parecer robô: por que executivos ficam artificiais no vídeo","","text/html; charset=utf-8","561","blog","","editorial","yes","yes","","28","","schema:Article,BreadcrumbList,FAQPage; tel:5511913550533; (11) 91355-0533"
"videoscorporativos.com.br","https://videoscorporativos.com.br/blog/video-landing-page-conversao","/blog/video-landing-page-conversao","200","","https://videoscorporativos.com.br/blog/video-landing-page-conversao","Vídeo em landing page Reduza a dúvida que trava a conversão · Ale Fotógrafo","Vídeo bem posicionado em landing page esclarece a oferta e reduz atrito na conversão. Veja onde colocar, qual duração usar e o que evitar.","Vídeo em landing page: como reduzir a dúvida que impede a conversão","","text/html; charset=utf-8","558","blog","","editorial","yes","yes","","28","","schema:Article,BreadcrumbList,FAQPage; tel:5511913550533; (11) 91355-0533"
"videoscorporativos.com.br","https://videoscorporativos.com.br/blog/video-telas-internas-digital-signage-corporativo","/blog/video-telas-internas-digital-signage-corporativo","200","","https://videoscorporativos.com.br/blog/video-telas-internas-digital-signage-corporativo","Vídeo para telas internas corporativas Digital signage que funciona · Ale Fotógrafo","Telas internas com conteúdo parado viram parte do cenário. Veja como produzir vídeo para digital signage que informa, engaja e alcança quem não usa e-mail.","Conteúdo em vídeo para telas internas: transformar mural digital em canal de verdade","","text/html; charset=utf-8","544","blog","","editorial","yes","yes","","28","","schema:Article,BreadcrumbList,FAQPage; tel:5511913550533; (11) 91355-0533"
"videoscorporativos.com.br","https://videoscorporativos.com.br/blog/video-loop-estande-feira-atracao","/blog/video-loop-estande-feira-atracao","200","","https://videoscorporativos.com.br/blog/video-loop-estande-feira-atracao","Vídeo em loop para estande de feira Pare o visitante no corredor · Ale Fotógrafo","Estandes competem por atenção em corredores lotados. Veja como o vídeo em loop atrai visitantes, qualifica o interesse e apoia o time comercial na feira.","Vídeo em loop para estande: como parar o visitante que está passando reto","","text/html; charset=utf-8","558","blog","","editorial","yes","yes","","28","","schema:Article,BreadcrumbList,FAQPage; tel:5511913550533; (11) 91355-0533"
"videoscorporativos.com.br","https://videoscorporativos.com.br/blog/autorizacao-uso-de-imagem-em-video","/blog/autorizacao-uso-de-imagem-em-video","200","","https://videoscorporativos.com.br/blog/autorizacao-uso-de-imagem-em-video","Autorização de uso de imagem em vídeo Proteja a produção · Ale Fotógrafo","Gravar pessoas sem termo de autorização expõe a empresa a pedidos de remoção e retrabalho. Veja o que a autorização precisa cobrir em vídeos corporativos.","Autorização de uso de imagem em vídeo: o documento que evita ter de refazer tudo","","text/html; charset=utf-8","540","blog","","editorial","yes","yes","","28","","schema:Article,BreadcrumbList,FAQPage; tel:5511913550533; (11) 91355-0533"
"videoscorporativos.com.br","https://videoscorporativos.com.br/blog/trilha-sonora-video-corporativo-direitos-musicais","/blog/trilha-sonora-video-corporativo-direitos-musicais","200","","https://videoscorporativos.com.br/blog/trilha-sonora-video-corporativo-direitos-musicais","Trilha sonora em vídeo corporativo Direitos musicais e risco · Ale Fotógrafo","Usar música sem licença adequada expõe a empresa a bloqueio, remoção e cobrança. Entenda como funcionam os direitos musicais em vídeos corporativos.","Trilha sonora em vídeo corporativo: o risco de usar a música errada","","text/html; charset=utf-8","561","blog","","editorial","yes","yes","","28","","schema:Article,BreadcrumbList,FAQPage; tel:5511913550533; (11) 91355-0533"
"videoscorporativos.com.br","https://videoscorporativos.com.br/blog/distribuicao-de-video-corporativo-canais","/blog/distribuicao-de-video-corporativo-canais","200","","https://videoscorporativos.com.br/blog/distribuicao-de-video-corporativo-canais","Distribuição de vídeo corporativo Produzir é só metade do trabalho · Ale Fotógrafo","Vídeo bom publicado em um só canal desperdiça investimento. Veja como planejar distribuição em múltiplos pontos de contato e multiplicar o alcance.","Distribuição de vídeo: produzir é metade do trabalho, e a outra metade é ignorada","","text/html; charset=utf-8","597","blog","","editorial","yes","yes","","28","","schema:Article,BreadcrumbList,FAQPage; tel:5511913550533; (11) 91355-0533"
"videoscorporativos.com.br","https://videoscorporativos.com.br/blog/como-medir-resultado-video-corporativo-metricas","/blog/como-medir-resultado-video-corporativo-metricas","200","","https://videoscorporativos.com.br/blog/como-medir-resultado-video-corporativo-metricas","Como medir o resultado de um vídeo corporativo Métricas que importam · Ale Fotógrafo","Visualização não prova retorno. Veja quais métricas realmente indicam o desempenho de um vídeo corporativo e como reportar isso para a diretoria.","Como medir o resultado de um vídeo corporativo (e por que visualização não serve)","","text/html; charset=utf-8","591","blog","","editorial","yes","yes","","28","","schema:Article,BreadcrumbList,FAQPage; tel:5511913550533; (11) 91355-0533"
"videoscorporativos.com.br","https://videoscorporativos.com.br/blog/video-especialista-porta-voz-tecnico","/blog/video-especialista-porta-voz-tecnico","200","","https://videoscorporativos.com.br/blog/video-especialista-porta-voz-tecnico","Vídeo com especialista técnico Autoridade que gera demanda · Ale Fotógrafo","O conhecimento técnico do seu time é um ativo desperdiçado se ninguém vê. Veja como o vídeo com especialistas constrói autoridade e atrai clientes qualificados.","Vídeo com especialista: transformar conhecimento técnico interno em autoridade de mercado","","text/html; charset=utf-8","563","blog","","editorial","yes","yes","","28","","schema:Article,BreadcrumbList,FAQPage; tel:5511913550533; (11) 91355-0533"
"videoscorporativos.com.br","https://videoscorporativos.com.br/blog/depoimento-cliente-em-video-prova-social","/blog/depoimento-cliente-em-video-prova-social","200","","https://videoscorporativos.com.br/blog/depoimento-cliente-em-video-prova-social","Depoimento de cliente em vídeo A prova social que fecha negócio · Ale Fotógrafo","Depoimento em vídeo é a prova social mais forte no B2B porque mostra um cliente real relatando resultado. Veja como conduzir e estruturar a gravação.","Depoimento de cliente em vídeo: a prova social que derruba a última objeção","","text/html; charset=utf-8","567","blog","","editorial","yes","yes","","28","","schema:Article,BreadcrumbList,FAQPage; tel:5511913550533; (11) 91355-0533"
"videoscorporativos.com.br","https://videoscorporativos.com.br/blog/video-aniversario-empresa-historia-marca","/blog/video-aniversario-empresa-historia-marca","200","","https://videoscorporativos.com.br/blog/video-aniversario-empresa-historia-marca","Vídeo de aniversário da empresa História que vira credibilidade · Ale Fotógrafo","Décadas de história são um ativo de credibilidade desperdiçado quando não são contadas. Veja como estruturar o vídeo de aniversário da empresa.","Vídeo de aniversário da empresa: transformar história em ativo de credibilidade","","text/html; charset=utf-8","560","blog","","editorial","yes","yes","","28","","schema:Article,BreadcrumbList,FAQPage; tel:5511913550533; (11) 91355-0533"
"videoscorporativos.com.br","https://videoscorporativos.com.br/blog/video-institucional-licitacoes-rfp-concorrencias","/blog/video-institucional-licitacoes-rfp-concorrencias","200","","https://videoscorporativos.com.br/blog/video-institucional-licitacoes-rfp-concorrencias","Vídeo institucional para licitações e RFPs Diferencial na concorrência · Ale Fotógrafo","Em concorrências, todas as propostas se parecem. Veja como o vídeo institucional diferencia a sua empresa e comprova estrutura para comitês avaliadores.","Vídeo institucional para licitações e RFPs: o diferencial que a proposta em PDF não tem","","text/html; charset=utf-8","551","blog","","editorial","yes","yes","","28","","schema:Article,BreadcrumbList,FAQPage; tel:5511913550533; (11) 91355-0533"
"videoscorporativos.com.br","https://videoscorporativos.com.br/blog/timelapse-de-obra-acompanhamento","/blog/timelapse-de-obra-acompanhamento","200","","https://videoscorporativos.com.br/blog/timelapse-de-obra-acompanhamento","Timelapse de obra Meses de trabalho em um minuto · Ale Fotógrafo","O timelapse mostra a evolução da obra de forma impactante, reduz ansiedade de compradores e vira material de venda para o próximo empreendimento.","Timelapse de obra: transformar meses de trabalho em um minuto que convence","","text/html; charset=utf-8","539","blog","","editorial","yes","yes","","28","","schema:Article,BreadcrumbList,FAQPage; tel:5511913550533; (11) 91355-0533"
"videoscorporativos.com.br","https://videoscorporativos.com.br/blog/video-compliance-codigo-de-conduta","/blog/video-compliance-codigo-de-conduta","200","","https://videoscorporativos.com.br/blog/video-compliance-codigo-de-conduta","Vídeo de compliance e código de conduta Política que é compreendida · Ale Fotógrafo","Códigos de conduta em PDF não são lidos nem compreendidos. Veja como o vídeo de compliance comunica políticas com clareza e registra a capacitação.","Vídeo de compliance e código de conduta: fazer a política sair do PDF","","text/html; charset=utf-8","544","blog","","editorial","yes","yes","","28","","schema:Article,BreadcrumbList,FAQPage; tel:5511913550533; (11) 91355-0533"
"videoscorporativos.com.br","https://videoscorporativos.com.br/blog/video-seguranca-do-trabalho-treinamento","/blog/video-seguranca-do-trabalho-treinamento","200","","https://videoscorporativos.com.br/blog/video-seguranca-do-trabalho-treinamento","Vídeo de segurança do trabalho Treinamento que gera comportamento · Ale Fotógrafo","Treinamentos de segurança em vídeo padronizam a mensagem, aumentam a retenção e comprovam a capacitação. Veja como produzir conteúdo que muda comportamento.","Vídeo de segurança do trabalho: quando o treinamento precisa ser lembrado, não só assistido","","text/html; charset=utf-8","552","blog","","editorial","yes","yes","","28","","schema:Article,BreadcrumbList,FAQPage; tel:5511913550533; (11) 91355-0533"
"videoscorporativos.com.br","https://videoscorporativos.com.br/blog/video-vertical-ou-horizontal-formato","/blog/video-vertical-ou-horizontal-formato","200","","https://videoscorporativos.com.br/blog/video-vertical-ou-horizontal-formato","Vídeo vertical ou horizontal Decida antes de gravar · Ale Fotógrafo","Adaptar vídeo horizontal para vertical destrói o enquadramento. Veja como decidir o formato na pré-produção e captar prevendo todos os destinos.","Vertical ou horizontal? Como decidir o formato antes de ligar a câmera","","text/html; charset=utf-8","552","blog","","editorial","yes","yes","","28","","schema:Article,BreadcrumbList,FAQPage; tel:5511913550533; (11) 91355-0533"
"videoscorporativos.com.br","https://videoscorporativos.com.br/blog/legendas-video-sem-som-consumo-mobile","/blog/legendas-video-sem-som-consumo-mobile","200","","https://videoscorporativos.com.br/blog/legendas-video-sem-som-consumo-mobile","Legendas em vídeo corporativo A maioria assiste sem som · Ale Fotógrafo","A maior parte do consumo de vídeo em redes acontece sem áudio. Veja por que legendas e comunicação visual definem o alcance do seu conteúdo.","Legendas e vídeo sem som: a maioria do seu público não está ouvindo","","text/html; charset=utf-8","558","blog","","editorial","yes","yes","","28","","schema:Article,BreadcrumbList,FAQPage; tel:5511913550533; (11) 91355-0533"
"videoscorporativos.com.br","https://videoscorporativos.com.br/blog/roteiro-video-corporativo-como-estruturar","/blog/roteiro-video-corporativo-como-estruturar","200","","https://videoscorporativos.com.br/blog/roteiro-video-corporativo-como-estruturar","Roteiro de vídeo corporativo Por que gravar sem ele custa o dobro · Ale Fotógrafo","Vídeo sem roteiro gera gravação improvisada e edição cara. Veja como estruturar um roteiro corporativo que economiza tempo e melhora o resultado.","Roteiro de vídeo corporativo: por que gravar sem ele custa o dobro","","text/html; charset=utf-8","550","blog","","editorial","yes","yes","","28","","schema:Article,BreadcrumbList,FAQPage; tel:5511913550533; (11) 91355-0533"
"videoscorporativos.com.br","https://videoscorporativos.com.br/blog/video-para-trafego-pago-anuncios","/blog/video-para-trafego-pago-anuncios","200","","https://videoscorporativos.com.br/blog/video-para-trafego-pago-anuncios","Vídeo para tráfego pago Por que o institucional não funciona em anúncio · Ale Fotógrafo","Vídeo institucional e vídeo para anúncio têm lógicas opostas. Veja como produzir peças específicas para tráfego pago e reduzir o custo por resultado.","Vídeo para tráfego pago: por que o seu institucional não funciona como anúncio","","text/html; charset=utf-8","569","blog","","editorial","yes","yes","","28","","schema:Article,BreadcrumbList,FAQPage; tel:5511913550533; (11) 91355-0533"
"videoscorporativos.com.br","https://videoscorporativos.com.br/blog/podcast-em-video-corporativo-conteudo","/blog/podcast-em-video-corporativo-conteudo","200","","https://videoscorporativos.com.br/blog/podcast-em-video-corporativo-conteudo","Podcast em vídeo corporativo Uma gravação, um mês de conteúdo · Ale Fotógrafo","O podcast em vídeo gera conteúdo em volume com poucas gravações, constrói autoridade e aproxima clientes e parceiros. Veja como estruturar o formato.","Podcast em vídeo corporativo: a máquina de conteúdo que roda com uma gravação por mês","","text/html; charset=utf-8","563","blog","","editorial","yes","yes","","28","","schema:Article,BreadcrumbList,FAQPage; tel:5511913550533; (11) 91355-0533"
"videoscorporativos.com.br","https://videoscorporativos.com.br/blog/webinar-corporativo-producao-profissional","/blog/webinar-corporativo-producao-profissional","200","","https://videoscorporativos.com.br/blog/webinar-corporativo-producao-profissional","Webinar corporativo com produção profissional Retenha o público · Ale Fotógrafo","Webinars com produção amadora perdem audiência nos primeiros minutos. Veja o que muda com produção profissional e como isso afeta a geração de leads.","Webinar corporativo com produção profissional: por que o seu público abandona nos primeiros minutos","","text/html; charset=utf-8","547","blog","","editorial","yes","yes","","28","","schema:Article,BreadcrumbList,FAQPage; tel:5511913550533; (11) 91355-0533"
"videoscorporativos.com.br","https://videoscorporativos.com.br/blog/exemplos-de-video-institucional-para-inspirar","/blog/exemplos-de-video-institucional-para-inspirar","200","","https://videoscorporativos.com.br/blog/exemplos-de-video-institucional-para-inspirar","Exemplos de vídeo institucional para se inspirar 2026 · Ale Fotógrafo","6 formatos de vídeo institucional que funcionam, com o que observar em cada exemplo, quanto custa e como adaptar para a sua empresa em São Paulo.","Exemplos de vídeo institucional para se inspirar (e o que copiar de cada um)","","text/html; charset=utf-8","914","blog","","editorial","yes","yes","","32","","schema:Article,BreadcrumbList,FAQPage; tel:5511913550533; (11) 91355-0533"
"videoscorporativos.com.br","https://videoscorporativos.com.br/blog/video-demonstracao-software-demo-gravada","/blog/video-demonstracao-software-demo-gravada","200","","https://videoscorporativos.com.br/blog/video-demonstracao-software-demo-gravada","Vídeo de demonstração de software Escale a sua demo · Ale Fotógrafo","Demo gravada qualifica leads, escala o time comercial e melhora a experiência do cliente. Veja como estruturar um vídeo de demonstração que converte.","Vídeo de demonstração de software: pare de repetir a mesma demo toda semana","","text/html; charset=utf-8","572","blog","","editorial","yes","yes","","28","","schema:Article,BreadcrumbList,FAQPage; tel:5511913550533; (11) 91355-0533"
"videoscorporativos.com.br","https://videoscorporativos.com.br/blog/motion-graphics-animacao-explicativa-corporativa","/blog/motion-graphics-animacao-explicativa-corporativa","200","","https://videoscorporativos.com.br/blog/motion-graphics-animacao-explicativa-corporativa","Motion graphics e animação explicativa corporativa Explique o abstrato · Ale Fotógrafo","Motion graphics permite explicar processos, dados e conceitos abstratos que não existem fisicamente. Veja quando a animação supera a captação real.","Motion graphics e animação: como mostrar o que não pode ser filmado","","text/html; charset=utf-8","578","blog","","editorial","yes","yes","","28","","schema:Article,BreadcrumbList,FAQPage; tel:5511913550533; (11) 91355-0533"
"videoscorporativos.com.br","https://videoscorporativos.com.br/blog/video-integracao-novos-colaboradores-onboarding","/blog/video-integracao-novos-colaboradores-onboarding","200","","https://videoscorporativos.com.br/blog/video-integracao-novos-colaboradores-onboarding","Vídeo de integração de novos colaboradores Onboarding padronizado · Ale Fotógrafo","Vídeo de integração padroniza o onboarding, acelera a produtividade do novo colaborador e libera o RH de repetir a mesma apresentação. Veja como estruturar.","Vídeo de integração de novos colaboradores: o primeiro dia que se repete perfeito","","text/html; charset=utf-8","570","blog","","editorial","yes","yes","","28","","schema:Article,BreadcrumbList,FAQPage; tel:5511913550533; (11) 91355-0533"
"videoscorporativos.com.br","https://videoscorporativos.com.br/blog/video-de-vaga-recrutamento-candidatos","/blog/video-de-vaga-recrutamento-candidatos","200","","https://videoscorporativos.com.br/blog/video-de-vaga-recrutamento-candidatos","Vídeo de vaga para recrutamento Atraia o candidato certo · Ale Fotógrafo","Anúncios de vaga em texto se perdem no meio de dezenas iguais. Veja como o vídeo de vaga aumenta candidaturas qualificadas e reduz desistências no processo.","Vídeo de vaga: como fazer o candidato certo parar de rolar a tela","","text/html; charset=utf-8","601","blog","","editorial","yes","yes","","28","","schema:Article,BreadcrumbList,FAQPage; tel:5511913550533; (11) 91355-0533"
"videoscorporativos.com.br","https://videoscorporativos.com.br/blog/video-corporativo-frequencia-publicacao","/blog/video-corporativo-frequencia-publicacao","200","","https://videoscorporativos.com.br/blog/video-corporativo-frequencia-publicacao","Frequência ideal de vídeo corporativo por mês · Ale Fotógrafo","Publicar 4 vídeos fracos por mês perde para 1 forte por trimestre — no orgânico e na percepção de marca. Veja como planejar frequência real.","Com que frequência publicar vídeo corporativo: 1 forte ou 4 fracos?","","text/html; charset=utf-8","363","blog","","editorial","yes","yes","","29","","schema:Article,BreadcrumbList; tel:5511913550533; (11) 91355-0533"
"videoscorporativos.com.br","https://videoscorporativos.com.br/blog/video-institucional-startup-fundraising","/blog/video-institucional-startup-fundraising","200","","https://videoscorporativos.com.br/blog/video-institucional-startup-fundraising","Vídeo institucional para startup em fundraising · Ale Fotógrafo","Investidor não pede vídeo, mas todo bom investidor assiste antes da call. Veja o que colocar no vídeo institucional de startup em rodada.","Vídeo institucional para startup em fundraising: o que o investidor vê","","text/html; charset=utf-8","354","blog","","editorial","yes","yes","","29","","schema:Article,BreadcrumbList; tel:5511913550533; (11) 91355-0533"
"videoscorporativos.com.br","https://videoscorporativos.com.br/blog/video-saude-clinica-hospital-etica","/blog/video-saude-clinica-hospital-etica","200","","https://videoscorporativos.com.br/blog/video-saude-clinica-hospital-etica","Vídeo para clínica e hospital: dentro do CFM · Ale Fotógrafo","Vídeo em saúde precisa comunicar sem ferir o CFM: sem antes-e-depois, sem promessa, sem sensacionalismo. Veja o que funciona.","Vídeo para clínica e hospital: comunicação eficaz dentro da ética","","text/html; charset=utf-8","368","blog","","editorial","yes","yes","","29","","schema:Article,BreadcrumbList; tel:5511913550533; (11) 91355-0533"
"videoscorporativos.com.br","https://videoscorporativos.com.br/blog/video-esg-relatorio-anual","/blog/video-esg-relatorio-anual","200","","https://videoscorporativos.com.br/blog/video-esg-relatorio-anual","Vídeo ESG e relatório anual para investidores · Ale Fotógrafo","Relatório ESG em PDF de 200 páginas ninguém lê. Vídeo com narrativa e dados visuais é o que investidor e stakeholder consomem hoje.","Vídeo ESG e relatório anual: transparência que investidor lê","","text/html; charset=utf-8","361","blog","","editorial","yes","yes","","29","","schema:Article,BreadcrumbList; tel:5511913550533; (11) 91355-0533"
"videoscorporativos.com.br","https://videoscorporativos.com.br/blog/video-treinamento-corporativo-microlearning","/blog/video-treinamento-corporativo-microlearning","200","","https://videoscorporativos.com.br/blog/video-treinamento-corporativo-microlearning","Vídeo treinamento corporativo: microlearning eficaz · Ale Fotógrafo","Ninguém assiste treinamento de 40 minutos. Microlearning em vídeos de 3 a 5 minutos tem 4x mais retenção e é fácil de atualizar.","Vídeo de treinamento corporativo: microlearning que o time realmente assiste","","text/html; charset=utf-8","349","blog","","editorial","yes","yes","","29","","schema:Article,BreadcrumbList; tel:5511913550533; (11) 91355-0533"
"videoscorporativos.com.br","https://videoscorporativos.com.br/blog/video-imobiliario-alto-padrao","/blog/video-imobiliario-alto-padrao","200","","https://videoscorporativos.com.br/blog/video-imobiliario-alto-padrao","Vídeo imobiliário de alto padrão: padrões de mercado · Ale Fotógrafo","Alto padrão exige direção de arte, luz cinema e ritmo lento. Não é o mesmo tour de imóvel comum — e o comprador percebe na primeira cena.","Vídeo imobiliário de alto padrão: o que muda em relação ao comum","","text/html; charset=utf-8","373","blog","","editorial","yes","yes","","29","","schema:Article,BreadcrumbList; tel:5511913550533; (11) 91355-0533"
"videoscorporativos.com.br","https://videoscorporativos.com.br/blog/video-hotelaria-experiencia-hospede","/blog/video-hotelaria-experiencia-hospede","200","","https://videoscorporativos.com.br/blog/video-hotelaria-experiencia-hospede","Vídeo para hotel e resort: venda a experiência · Ale Fotógrafo","Foto de quarto todo mundo tem. Vídeo com sensorial — luz, som, ritmo — é o que faz o hóspede escolher você e não o concorrente.","Vídeo para hotelaria: venda a experiência, não o quarto","","text/html; charset=utf-8","374","blog","","editorial","yes","yes","","29","","schema:Article,BreadcrumbList; tel:5511913550533; (11) 91355-0533"
"videoscorporativos.com.br","https://videoscorporativos.com.br/blog/preco-video-institucional-vs-comercial-tv","/blog/preco-video-institucional-vs-comercial-tv","200","","https://videoscorporativos.com.br/blog/preco-video-institucional-vs-comercial-tv","Preço vídeo institucional vs. comercial de TV · Ale Fotógrafo","Comercial de TV custa 5x um institucional pela mesma duração. Entenda o que muda em equipe, direitos e veiculação — e o que faz sentido para você.","Preço de vídeo institucional vs. comercial de TV: por que a diferença","","text/html; charset=utf-8","359","blog","","editorial","yes","yes","","30","","schema:Article,BreadcrumbList; tel:5511913550533; (11) 91355-0533"
"videoscorporativos.com.br","https://videoscorporativos.com.br/blog/video-institucional-industria-manufatura","/blog/video-institucional-industria-manufatura","200","","https://videoscorporativos.com.br/blog/video-institucional-industria-manufatura","Vídeo institucional para indústria e manufatura · Ale Fotógrafo","Indústria brasileira ainda entrega vídeo com drone e fachada. O que fecha venda B2B é mostrar processo, controle e gente.","Vídeo institucional para indústria: mostre processo, não só fachada","","text/html; charset=utf-8","354","blog","","editorial","yes","yes","","29","","schema:Article,BreadcrumbList; tel:5511913550533; (11) 91355-0533"
"videoscorporativos.com.br","https://videoscorporativos.com.br/blog/video-vertical-linkedin-instagram-b2b","/blog/video-vertical-linkedin-instagram-b2b","200","","https://videoscorporativos.com.br/blog/video-vertical-linkedin-instagram-b2b","Vídeo vertical no LinkedIn e Instagram para B2B · Ale Fotógrafo","Vertical não é só para dança no TikTok. LinkedIn e Instagram priorizam 9:16 — e o B2B que se adapta ganha alcance orgânico gratuito.","Vídeo vertical no LinkedIn e Instagram: o formato que domina B2B","","text/html; charset=utf-8","366","blog","","editorial","yes","yes","","29","","schema:Article,BreadcrumbList; tel:5511913550533; (11) 91355-0533"
"videoscorporativos.com.br","https://videoscorporativos.com.br/blog/cases-video-corporativo-cliente-fala","/blog/cases-video-corporativo-cliente-fala","200","","https://videoscorporativos.com.br/blog/cases-video-corporativo-cliente-fala","Vídeo case de cliente: prova social que fecha venda · Ale Fotógrafo","Vídeo case é a prova social mais forte do funil B2B. Veja como estruturar sem parecer roteirizado — e o que nunca pedir para o cliente dizer.","Vídeo case: por que deixar o cliente falar vende mais que você","","text/html; charset=utf-8","373","blog","","editorial","yes","yes","","29","","schema:Article,BreadcrumbList; tel:5511913550533; (11) 91355-0533"
"videoscorporativos.com.br","https://videoscorporativos.com.br/blog/roi-video-corporativo-como-medir","/blog/roi-video-corporativo-como-medir","200","","https://videoscorporativos.com.br/blog/roi-video-corporativo-como-medir","ROI de vídeo corporativo: métricas que importam · Ale Fotógrafo","Views não pagam boleto. Veja as métricas de ROI de vídeo corporativo que o board realmente entende: CPL, ciclo de venda e retenção.","ROI de vídeo corporativo: como medir sem enganar o board","","text/html; charset=utf-8","364","blog","","editorial","yes","yes","","29","","schema:Article,BreadcrumbList; tel:5511913550533; (11) 91355-0533"
"videoscorporativos.com.br","https://videoscorporativos.com.br/blog/video-produto-lancamento-b2b","/blog/video-produto-lancamento-b2b","200","","https://videoscorporativos.com.br/blog/video-produto-lancamento-b2b","Vídeo de lançamento de produto B2B que gera pipeline · Ale Fotógrafo","Lançamento B2B em vídeo precisa de posicionamento claro, prova e call-to-action mensurável. Veja a estrutura que converte lead qualificado.","Vídeo de lançamento de produto B2B: estrutura que gera pipeline","","text/html; charset=utf-8","376","blog","","editorial","yes","yes","","29","","schema:Article,BreadcrumbList; tel:5511913550533; (11) 91355-0533"
"videoscorporativos.com.br","https://videoscorporativos.com.br/blog/video-onboarding-novos-colaboradores","/blog/video-onboarding-novos-colaboradores","200","","https://videoscorporativos.com.br/blog/video-onboarding-novos-colaboradores","Vídeo de onboarding: integração mais rápida no RH · Ale Fotógrafo","Vídeo de onboarding reduz tempo de rampa, padroniza cultura e libera o RH de repetir a mesma apresentação toda semana. Veja como estruturar.","Vídeo de onboarding: acelere a integração de novos colaboradores","","text/html; charset=utf-8","390","blog","","editorial","yes","yes","","30","","schema:Article,BreadcrumbList; tel:5511913550533; (11) 91355-0533"
"videoscorporativos.com.br","https://videoscorporativos.com.br/blog/processo-producao-video-corporativo","/blog/processo-producao-video-corporativo","200","","https://videoscorporativos.com.br/blog/processo-producao-video-corporativo","Produção de Vídeo Corporativo: as 5 Etapas e os Prazos · Ale Fotógrafo","Como funciona a produção de um vídeo corporativo passo a passo: briefing, roteiro, filmagem, edição e entrega — com prazo real de cada etapa e o que aprovar.","Do briefing à entrega: como funciona a produção de um vídeo corporativo","","text/html; charset=utf-8","391","blog","","editorial","yes","yes","","29","","schema:Article,BreadcrumbList; tel:5511913550533; (11) 91355-0533"
"videoscorporativos.com.br","https://videoscorporativos.com.br/blog/video-rh-employer-branding-talentos","/blog/video-rh-employer-branding-talentos","200","","https://videoscorporativos.com.br/blog/video-rh-employer-branding-talentos","Vídeo para RH: employer branding que atrai talentos · Ale Fotógrafo","Employer branding em vídeo mostra cultura real, atrai candidatos alinhados e reduz turnover. Veja formatos e o que evitar.","Vídeo para RH: employer branding que atrai os melhores talentos","","text/html; charset=utf-8","389","blog","","editorial","yes","yes","","30","","schema:Article,BreadcrumbList; tel:5511913550533; (11) 91355-0533"
"videoscorporativos.com.br","https://videoscorporativos.com.br/blog/como-escolher-produtora-video-corporativo","/blog/como-escolher-produtora-video-corporativo","200","","https://videoscorporativos.com.br/blog/como-escolher-produtora-video-corporativo","Como escolher produtora de vídeo corporativo: guia · Ale Fotógrafo","10 perguntas essenciais para fazer a qualquer produtora de vídeo corporativo antes de assinar contrato — evite arrependimento caro.","Como escolher a produtora de vídeo corporativo certa: 10 perguntas","","text/html; charset=utf-8","387","blog","","editorial","yes","yes","","30","","schema:Article,BreadcrumbList; tel:5511913550533; (11) 91355-0533"
"videoscorporativos.com.br","https://videoscorporativos.com.br/blog/video-corporativo-acessibilidade-legendas-libras","/blog/video-corporativo-acessibilidade-legendas-libras","200","","https://videoscorporativos.com.br/blog/video-corporativo-acessibilidade-legendas-libras","Vídeo corporativo acessível: legendas, LIBRAS, AD · Ale Fotógrafo","Acessibilidade em vídeo corporativo não é opcional — é ESG, compliance e alcance. Veja como aplicar legendas, LIBRAS e audiodescrição.","Vídeo corporativo com acessibilidade: legendas, audiodescrição e LIBRAS","","text/html; charset=utf-8","374","blog","","editorial","yes","yes","","29","","schema:Article,BreadcrumbList; tel:5511913550533; (11) 91355-0533"
"videoscorporativos.com.br","https://videoscorporativos.com.br/blog/video-setor-logistico-industrial","/blog/video-setor-logistico-industrial","200","","https://videoscorporativos.com.br/blog/video-setor-logistico-industrial","Vídeo para logística e indústria: operação em movimento · Ale Fotógrafo","Vídeos para indústria e logística exigem planejamento de segurança, roteiro operacional e captação que não interrompa a produção.","Vídeo para logística e indústria: mostrando operação sem parar a fábrica","","text/html; charset=utf-8","367","blog","","editorial","yes","yes","","29","","schema:Article,BreadcrumbList; tel:5511913550533; (11) 91355-0533"
"videoscorporativos.com.br","https://videoscorporativos.com.br/blog/motion-graphics-animacao-corporativa-quando-usar","/blog/motion-graphics-animacao-corporativa-quando-usar","200","","https://videoscorporativos.com.br/blog/motion-graphics-animacao-corporativa-quando-usar","Motion graphics corporativo: quando usar (e quando não) · Ale Fotógrafo","Motion e animação resolvem o que a câmera não filma. Veja quando faz sentido, quando é exagero e como combinar com filmagem real.","Motion graphics e animação corporativa: quando usar (e quando não)","","text/html; charset=utf-8","370","blog","","editorial","yes","yes","","29","","schema:Article,BreadcrumbList; tel:5511913550533; (11) 91355-0533"
"videoscorporativos.com.br","https://videoscorporativos.com.br/blog/video-depoimento-cliente-fecha-contratos","/blog/video-depoimento-cliente-fecha-contratos","200","","https://videoscorporativos.com.br/blog/video-depoimento-cliente-fecha-contratos","Vídeo de depoimento: prova social que fecha contratos · Ale Fotógrafo","Depoimento em vídeo é a prova social mais poderosa do B2B. Veja como capturar o depoimento certo e onde publicar para acelerar vendas.","Vídeo de depoimento fecha contratos que a proposta comercial não fecha","","text/html; charset=utf-8","381","blog","","editorial","yes","yes","","29","","schema:Article,BreadcrumbList; tel:5511913550533; (11) 91355-0533"
"videoscorporativos.com.br","https://videoscorporativos.com.br/blog/video-setor-farmaceutico-saude-corporativa","/blog/video-setor-farmaceutico-saude-corporativa","200","","https://videoscorporativos.com.br/blog/video-setor-farmaceutico-saude-corporativa","Vídeo para setor farmacêutico e saúde corporativa · Ale Fotógrafo","Farmacêuticas, hospitais e operadoras usam vídeo para educação médica, comunicação com prescritores e institucional regulatório. Veja como.","Vídeo para o setor farmacêutico e saúde corporativa","","text/html; charset=utf-8","371","blog","","editorial","yes","yes","","30","","schema:Article,BreadcrumbList; tel:5511913550533; (11) 91355-0533"
"videoscorporativos.com.br","https://videoscorporativos.com.br/blog/linkedin-video-corporativo-oportunidades-b2b","/blog/linkedin-video-corporativo-oportunidades-b2b","200","","https://videoscorporativos.com.br/blog/linkedin-video-corporativo-oportunidades-b2b","LinkedIn + vídeo corporativo: alcance B2B multiplicado · Ale Fotógrafo","O LinkedIn é o canal B2B com maior taxa de conversão. Vídeos corporativos bem produzidos multiplicam presença e geram oportunidades reais.","LinkedIn e vídeo corporativo: a combinação que gera oportunidades B2B","","text/html; charset=utf-8","413","blog","","editorial","yes","yes","","29","","schema:Article,BreadcrumbList; tel:5511913550533; (11) 91355-0533"
"videoscorporativos.com.br","https://videoscorporativos.com.br/blog/video-lancamento-produtos-corporativos-roteiro","/blog/video-lancamento-produtos-corporativos-roteiro","200","","https://videoscorporativos.com.br/blog/video-lancamento-produtos-corporativos-roteiro","Vídeo de lançamento de produto: roteiro em 7 etapas · Ale Fotógrafo","Um roteiro estruturado é a diferença entre um vídeo que gera pedidos e um que apenas apresenta o produto. Aprenda as 7 etapas.","Vídeo de lançamento de produtos: roteiro em 7 etapas que converte","","text/html; charset=utf-8","424","blog","","editorial","yes","yes","","29","","schema:Article,BreadcrumbList; tel:5511913550533; (11) 91355-0533"
"videoscorporativos.com.br","https://videoscorporativos.com.br/blog/drone-videos-corporativos-sao-paulo","/blog/drone-videos-corporativos-sao-paulo","200","","https://videoscorporativos.com.br/blog/drone-videos-corporativos-sao-paulo","Drone para vídeos corporativos: quando vale investir? · Ale Fotógrafo","Imagens aéreas de drone elevam a percepção de qualidade em vídeos corporativos. Mas quando esse investimento realmente faz sentido?","Drone para vídeos corporativos em São Paulo: quando vale o investimento?","","text/html; charset=utf-8","388","blog","","editorial","yes","yes","","28","","schema:Article,BreadcrumbList; tel:5511913550533; (11) 91355-0533"
"videoscorporativos.com.br","https://videoscorporativos.com.br/blog/video-contabilidade-escritorios-servicos-profissionais","/blog/video-contabilidade-escritorios-servicos-profissionais","200","","https://videoscorporativos.com.br/blog/video-contabilidade-escritorios-servicos-profissionais","Vídeo para contabilidade e escritórios profissionais · Ale Fotógrafo","Escritórios de contabilidade, advocacia e consultoria usam vídeo para gerar confiança antes da primeira reunião. Veja como estruturar o seu.","Vídeo para contabilidade e serviços profissionais: confiança em 90 segundos","","text/html; charset=utf-8","398","blog","","editorial","yes","yes","","30","","schema:Article,BreadcrumbList; tel:5511913550533; (11) 91355-0533"
"videoscorporativos.com.br","https://videoscorporativos.com.br/blog/quanto-custa-video-corporativo-sao-paulo","/blog/quanto-custa-video-corporativo-sao-paulo","200","","https://videoscorporativos.com.br/blog/quanto-custa-video-corporativo-sao-paulo","Quanto custa um vídeo corporativo em São Paulo? · Ale Fotógrafo","Preços de vídeo corporativo variam muito. Entenda o que está incluído em cada faixa de valor e por que o mais barato quase sempre sai mais caro.","Quanto custa um vídeo corporativo em São Paulo? A resposta honesta","","text/html; charset=utf-8","425","blog","","editorial","yes","yes","","29","","schema:Article,BreadcrumbList; tel:5511913550533; (11) 91355-0533"
"videoscorporativos.com.br","https://videoscorporativos.com.br/blog/video-treinamento-corporativo-capacitacao","/blog/video-treinamento-corporativo-capacitacao","200","","https://videoscorporativos.com.br/blog/video-treinamento-corporativo-capacitacao","Vídeo de treinamento corporativo: capacitação escalável · Ale Fotógrafo","Empresas que investem em vídeo de treinamento reduzem custo de capacitação e aumentam retenção de conhecimento. Veja como estruturar seu programa.","Vídeo de treinamento corporativo: capacitação com resultado mensurável","","text/html; charset=utf-8","398","blog","","editorial","yes","yes","","29","","schema:Article,BreadcrumbList; tel:5511913550533; (11) 91355-0533"
"videoscorporativos.com.br","https://videoscorporativos.com.br/blog/video-hotelaria-hospitalidade-encantamento","/blog/video-hotelaria-hospitalidade-encantamento","200","","https://videoscorporativos.com.br/blog/video-hotelaria-hospitalidade-encantamento","Vídeo para hotelaria: encante antes do check-in · Ale Fotógrafo","Hotéis e resorts que investem em vídeo profissional aumentam reservas diretas e reduzem dependência de OTAs. Veja como o vídeo transforma a decisão do hóspede.","Vídeo para hotelaria e hospitalidade: encante antes do check-in","","text/html; charset=utf-8","405","blog","","editorial","yes","yes","","28","","schema:Article,BreadcrumbList; tel:5511913550533; (11) 91355-0533"
"videoscorporativos.com.br","https://videoscorporativos.com.br/blog/video-imobiliarias-incorporadoras-captacao-leads","/blog/video-imobiliarias-incorporadoras-captacao-leads","200","","https://videoscorporativos.com.br/blog/video-imobiliarias-incorporadoras-captacao-leads","Vídeo para imobiliárias: dobre a captação de leads · Ale Fotógrafo","Vídeos bem produzidos podem dobrar a geração de leads para imobiliárias e incorporadoras. Veja estratégias, formatos e o que funciona no mercado imobiliário.","Vídeo para imobiliárias e incorporadoras: como dobrar a captação de leads","","text/html; charset=utf-8","391","blog","","editorial","yes","yes","","29","","schema:Article,BreadcrumbList; tel:5511913550533; (11) 91355-0533"
"videoscorporativos.com.br","https://videoscorporativos.com.br/blog/cobertura-eventos-corporativos-video-guia","/blog/cobertura-eventos-corporativos-video-guia","200","","https://videoscorporativos.com.br/blog/cobertura-eventos-corporativos-video-guia","Cobertura de Evento Corporativo em Vídeo: Guia + Preços · Ale Fotógrafo","Como contratar cobertura de evento corporativo em vídeo em São Paulo: briefing certo, o que pedir, prazos de entrega e faixas de preço (R$ 4.000 a R$ 15.000).","Cobertura de eventos corporativos em vídeo: o guia definitivo para RH e Marketing","","text/html; charset=utf-8","456","blog","","editorial","yes","yes","","30","","schema:Article,BreadcrumbList; tel:5511913550533; (11) 91355-0533"
"videoscorporativos.com.br","https://videoscorporativos.com.br/blog/video-comunicacao-de-crise-lideranca","/blog/video-comunicacao-de-crise-lideranca","200","","https://videoscorporativos.com.br/blog/video-comunicacao-de-crise-lideranca","Vídeo na comunicação de crise: a liderança que aparece preserva a confiança · Ale Fotógrafo","Em uma crise, o vídeo da liderança transmite responsabilidade e humanidade que uma nota fria não transmite. Veja por que e como se preparar antes.","Vídeo na comunicação de crise: quando a liderança precisa aparecer e falar","","text/html; charset=utf-8","686","blog","","editorial","yes","yes","","29","","schema:Article,BreadcrumbList,FAQPage; tel:5511913550533; (11) 91355-0533"
"videoscorporativos.com.br","https://videoscorporativos.com.br/blog/video-faq-suporte-reduzir-chamados","/blog/video-faq-suporte-reduzir-chamados","200","","https://videoscorporativos.com.br/blog/video-faq-suporte-reduzir-chamados","Vídeo de FAQ e suporte que reduz chamados e custo de atendimento · Ale Fotógrafo","Vídeos curtos de FAQ e tutoriais reduzem chamados repetidos, baixam o custo de atendimento e melhoram a experiência do cliente. Veja como implementar.","Vídeo de FAQ e suporte: como reduzir chamados repetidos e liberar seu time","","text/html; charset=utf-8","649","blog","","editorial","yes","yes","","29","","schema:Article,BreadcrumbList,FAQPage; tel:5511913550533; (11) 91355-0533"
"videoscorporativos.com.br","https://videoscorporativos.com.br/blog/audio-decide-qualidade-video-corporativo","/blog/audio-decide-qualidade-video-corporativo","200","","https://videoscorporativos.com.br/blog/audio-decide-qualidade-video-corporativo","Áudio em vídeo corporativo: o detalhe que decide o profissionalismo · Ale Fotógrafo","O áudio, não a imagem, é o que determina se um vídeo corporativo parece profissional ou amador. Entenda por que e o que isso muda na sua produção.","Por que o áudio decide a qualidade do seu vídeo corporativo (e a imagem não)","","text/html; charset=utf-8","672","blog","","editorial","yes","yes","","29","","schema:Article,BreadcrumbList,FAQPage; tel:5511913550533; (11) 91355-0533"
"videoscorporativos.com.br","https://videoscorporativos.com.br/blog/um-video-dez-conteudos-atomizacao","/blog/um-video-dez-conteudos-atomizacao","200","","https://videoscorporativos.com.br/blog/um-video-dez-conteudos-atomizacao","Atomização de vídeo: transforme 1 produção em 10 conteúdos · Ale Fotógrafo","Atomização transforma um único vídeo em dezenas de conteúdos para redes, site e vendas, multiplicando o retorno de cada produção. Veja o método.","Um vídeo, dez conteúdos: como atomizar e fazer cada produção render muito mais","","text/html; charset=utf-8","636","blog","","editorial","yes","yes","","29","","schema:Article,BreadcrumbList,FAQPage; tel:5511913550533; (11) 91355-0533"
"videoscorporativos.com.br","https://videoscorporativos.com.br/blog/transmissao-ao-vivo-evento-hibrido-corporativo","/blog/transmissao-ao-vivo-evento-hibrido-corporativo","200","","https://videoscorporativos.com.br/blog/transmissao-ao-vivo-evento-hibrido-corporativo","Transmissão ao vivo de evento corporativo: alcance além da plateia · Ale Fotógrafo","Transmissão ao vivo e formato híbrido multiplicam o alcance do evento corporativo, incluindo quem não pôde estar presente. Veja como produzir com qualidade.","Transmissão ao vivo e evento híbrido: multiplique o alcance do seu evento corporativo","","text/html; charset=utf-8","631","blog","","editorial","yes","yes","","29","","schema:Article,BreadcrumbList,FAQPage; tel:5511913550533; (11) 91355-0533"
"videoscorporativos.com.br","https://videoscorporativos.com.br/blog/video-relatorio-anual-esg-sustentabilidade","/blog/video-relatorio-anual-esg-sustentabilidade","200","","https://videoscorporativos.com.br/blog/video-relatorio-anual-esg-sustentabilidade","Vídeo de relatório anual e ESG que stakeholders realmente assistem · Ale Fotógrafo","Vídeo de relatório anual e ESG transforma um PDF que ninguém lê em uma narrativa que stakeholders, investidores e colaboradores assistem. Veja como.","Relatório anual e ESG em vídeo: como dar vida ao que ninguém lê no PDF","","text/html; charset=utf-8","644","blog","","editorial","yes","yes","","29","","schema:Article,BreadcrumbList,FAQPage; tel:5511913550533; (11) 91355-0533"
"videoscorporativos.com.br","https://videoscorporativos.com.br/blog/video-prospeccao-personalizado-vendas","/blog/video-prospeccao-personalizado-vendas","200","","https://videoscorporativos.com.br/blog/video-prospeccao-personalizado-vendas","Vídeo de prospecção personalizado que aumenta a taxa de resposta · Ale Fotógrafo","Vídeo de prospecção personalizado fura o ruído da caixa de entrada e aumenta a taxa de resposta no B2B. Veja como estruturar peças que marcam reunião.","Vídeo de prospecção: como o time comercial fura o ruído e marca mais reuniões","","text/html; charset=utf-8","660","blog","","editorial","yes","yes","","29","","schema:Article,BreadcrumbList,FAQPage; tel:5511913550533; (11) 91355-0533"
"videoscorporativos.com.br","https://videoscorporativos.com.br/blog/video-comunicacao-interna-endomarketing","/blog/video-comunicacao-interna-endomarketing","200","","https://videoscorporativos.com.br/blog/video-comunicacao-interna-endomarketing","Vídeo de comunicação interna (endomarketing) que engaja o time · Ale Fotógrafo","Vídeo de comunicação interna faz a mensagem da liderança chegar com clareza e emoção ao time, em vez de se perder em e-mails frios. Veja quando usar.","Vídeo de comunicação interna: a mensagem da liderança que o time realmente assiste","","text/html; charset=utf-8","611","blog","","editorial","yes","yes","","29","","schema:Article,BreadcrumbList,FAQPage; tel:5511913550533; (11) 91355-0533"
"videoscorporativos.com.br","https://videoscorporativos.com.br/blog/video-pitch-investidores-captacao","/blog/video-pitch-investidores-captacao","200","","https://videoscorporativos.com.br/blog/video-pitch-investidores-captacao","Vídeo de pitch para investidores que transmite visão e confiança · Ale Fotógrafo","Vídeo de pitch ajuda a captar investimento ao mostrar a visão, o time e a tração de forma humana e memorável — o que slides sozinhos não fazem. Entenda.","Vídeo de pitch para investidores: como transmitir visão que planilha nenhuma transmite","","text/html; charset=utf-8","646","blog","","editorial","yes","yes","","29","","schema:Article,BreadcrumbList,FAQPage; tel:5511913550533; (11) 91355-0533"
"videoscorporativos.com.br","https://videoscorporativos.com.br/blog/video-onboarding-clientes-reduzir-churn","/blog/video-onboarding-clientes-reduzir-churn","200","","https://videoscorporativos.com.br/blog/video-onboarding-clientes-reduzir-churn","Vídeo de onboarding de clientes que reduz churn e acelera ativação · Ale Fotógrafo","Vídeo de onboarding acelera a ativação de novos clientes, reduz chamados repetidos e diminui o churn dos primeiros meses. Veja como estruturar.","Vídeo de onboarding de clientes: como reduzir churn antes que ele comece","","text/html; charset=utf-8","651","blog","","editorial","yes","yes","","29","","schema:Article,BreadcrumbList,FAQPage; tel:5511913550533; (11) 91355-0533"
"videoscorporativos.com.br","https://videoscorporativos.com.br/blog/empresas-sao-paulo-abandonando-videos-genericos","/blog/empresas-sao-paulo-abandonando-videos-genericos","200","","https://videoscorporativos.com.br/blog/empresas-sao-paulo-abandonando-videos-genericos","Empresas em SP abandonam vídeos genéricos · Ale Fotógrafo","Empresas líderes em São Paulo estão abandonando vídeos genéricos e apostando em storytelling real. Entenda por que isso gera mais negócios.","Por que grandes empresas em São Paulo estão abandonando vídeos genéricos","","text/html; charset=utf-8","507","blog","","editorial","yes","yes","","29","","schema:Article,BreadcrumbList,FAQPage; tel:1143257940; 5511913550533; (11) 91355-0533"
"videoscorporativos.com.br","https://videoscorporativos.com.br/blog/video-institucional-vs-video-de-vendas","/blog/video-institucional-vs-video-de-vendas","200","","https://videoscorporativos.com.br/blog/video-institucional-vs-video-de-vendas","Vídeo institucional vs. vídeo de vendas: qual usar? · Ale Fotógrafo","Entenda a diferença real entre vídeo institucional e vídeo de vendas — e descubra qual formato vai gerar mais resultado para o momento do seu negócio.","Vídeo institucional vs. vídeo de vendas: qual a sua empresa precisa agora?","","text/html; charset=utf-8","439","blog","","editorial","yes","yes","","31","","schema:Article,BreadcrumbList; tel:5511913550533; (11) 91355-0533"
"videoscorporativos.com.br","https://videoscorporativos.com.br/blog/video-corporativo-afastando-clientes","/blog/video-corporativo-afastando-clientes","200","","https://videoscorporativos.com.br/blog/video-corporativo-afastando-clientes","Seu vídeo corporativo está afastando clientes — e você nem sabe disso · Ale Fotógrafo","Descubra por que vídeos corporativos mal produzidos custam mais do que você imagina — e como corrigir isso antes do próximo evento da sua empresa.","Seu vídeo corporativo está afastando clientes — e você nem sabe disso","","text/html; charset=utf-8","473","blog","","editorial","yes","yes","","27","","schema:Article,BreadcrumbList; tel:5511913550533; (11) 91355-0533"
"videoscorporativos.com.br","https://videoscorporativos.com.br/blog/fotografia-eventos-corporativos-briefing","/blog/fotografia-eventos-corporativos-briefing","200","","https://videoscorporativos.com.br/blog/fotografia-eventos-corporativos-briefing","Fotografia de eventos corporativos: briefing completo · Ale Fotógrafo","Briefing inadequado é a causa número 1 de decepção com fotógrafos de eventos. Veja o checklist completo que garante imagens que contam a história do seu evento.","Fotografia de eventos corporativos: o que seu fotógrafo precisa saber antes de chegar","","text/html; charset=utf-8","412","blog","","editorial","yes","yes","","27","","schema:Article,BreadcrumbList; tel:5511913550533; (11) 91355-0533"
"videoscorporativos.com.br","https://videoscorporativos.com.br/blog/foto-perfil-linkedin-gestor-contratos","/blog/foto-perfil-linkedin-gestor-contratos","200","","https://videoscorporativos.com.br/blog/foto-perfil-linkedin-gestor-contratos","Foto de perfil no LinkedIn: por que ela custa contratos · Ale Fotógrafo","Uma foto de perfil profissional no LinkedIn pode ser o fator decisivo entre fechar ou perder um negócio. Veja por que e como resolver isso hoje.","Por que a foto de perfil do LinkedIn do seu gestor está custando contratos","","text/html; charset=utf-8","411","blog","","editorial","yes","yes","","27","","schema:Article,BreadcrumbList; tel:5511913550533; (11) 91355-0533"
"videoscorporativos.com.br","https://videoscorporativos.com.br/blog/quanto-tempo-produzir-video-corporativo","/blog/quanto-tempo-produzir-video-corporativo","200","","https://videoscorporativos.com.br/blog/quanto-tempo-produzir-video-corporativo","Quanto tempo leva para produzir um vídeo corporativo · Ale Fotógrafo","Prazo de produção de vídeo corporativo: o que define o tempo, as etapas e como acelerar sem perder qualidade.","Quanto tempo leva para produzir um vídeo corporativo","","text/html; charset=utf-8","379","blog","","editorial","yes","yes","","27","","schema:Article,BreadcrumbList,FAQPage; tel:5511913550533; (11) 91355-0533"
"videoscorporativos.com.br","https://videoscorporativos.com.br/blog/video-institucional-publicitario-manifesto-diferenca","/blog/video-institucional-publicitario-manifesto-diferenca","200","","https://videoscorporativos.com.br/blog/video-institucional-publicitario-manifesto-diferenca","Vídeo institucional, publicitário e manifesto: qual a diferença · Ale Fotógrafo","Entenda a diferença entre vídeo institucional, publicitário e manifesto: objetivos, tom e quando usar cada um para sua empresa.","Vídeo institucional, publicitário e manifesto: qual a diferença","","text/html; charset=utf-8","376","blog","","editorial","yes","yes","","27","","schema:Article,BreadcrumbList,FAQPage; tel:5511913550533; (11) 91355-0533"
"videoscorporativos.com.br","https://videoscorporativos.com.br/blog/o-que-e-video-institucional","/blog/o-que-e-video-institucional","200","","https://videoscorporativos.com.br/blog/o-que-e-video-institucional","O que é vídeo institucional: definição, usos e exemplos · Ale Fotógrafo","Vídeo institucional é o filme curto que apresenta sua empresa. Entenda o que é, para que serve, exemplos de uso e o que um bom institucional precisa ter.","O que é vídeo institucional e para que serve (com exemplos)","","text/html; charset=utf-8","430","blog","","editorial","yes","yes","","27","","schema:Article,BreadcrumbList,FAQPage; tel:5511913550533; (11) 91355-0533"
"videoscorporativos.com.br","https://videoscorporativos.com.br/blog/video-para-feira-de-negocios","/blog/video-para-feira-de-negocios","200","","https://videoscorporativos.com.br/blog/video-para-feira-de-negocios","Vídeo para feira de negócios: como provar o ROI · Ale Fotógrafo","Vídeo para feira de negócios: aftermovie, cobertura e prova de ROI. Veja o que entrega, como planejar e por que vale para qualquer tamanho de estande.","Vídeo para feira de negócios: como provar o resultado da participação","","text/html; charset=utf-8","442","blog","","editorial","yes","yes","","27","","schema:Article,BreadcrumbList,FAQPage; tel:5511913550533; (11) 91355-0533"
"videoscorporativos.com.br","https://videoscorporativos.com.br/blog/erros-comuns-em-videos-institucionais","/blog/erros-comuns-em-videos-institucionais","200","","https://videoscorporativos.com.br/blog/erros-comuns-em-videos-institucionais","7 erros em vídeos institucionais e como evitá-los · Ale Fotógrafo","Os 7 erros mais comuns em vídeo institucional: longo demais, sem roteiro, áudio e luz amadores, sem CTA e mais. Veja como evitar cada um.","7 erros comuns em vídeos institucionais (e como evitá-los)","","text/html; charset=utf-8","437","blog","","editorial","yes","yes","","27","","schema:Article,BreadcrumbList,FAQPage; tel:5511913550533; (11) 91355-0533"
"videoscorporativos.com.br","https://videoscorporativos.com.br/blog/video-institucional-vale-a-pena","/blog/video-institucional-vale-a-pena","200","","https://videoscorporativos.com.br/blog/video-institucional-vale-a-pena","Vídeo institucional vale a pena? Entenda o ROI · Ale Fotógrafo","Vídeo institucional é ativo de longa duração: comunica credibilidade, apoia vendas e é usado por anos. Entenda onde aparece o retorno.","Vídeo institucional vale a pena? O retorno que ele traz","","text/html; charset=utf-8","437","blog","","editorial","yes","yes","","27","","schema:Article,BreadcrumbList,FAQPage; tel:5511913550533; (11) 91355-0533"
"videoscorporativos.com.br","https://videoscorporativos.com.br/blog/como-escolher-uma-produtora-de-video","/blog/como-escolher-uma-produtora-de-video","200","","https://videoscorporativos.com.br/blog/como-escolher-uma-produtora-de-video","Como escolher produtora de vídeo: checklist em 7 pontos · Ale Fotógrafo","Checklist em 7 pontos para escolher uma produtora de vídeo: portfólio, experiência, processo, orçamento, prazo, prova social e a primeira conversa.","Como escolher uma produtora de vídeo: checklist em 7 pontos","","text/html; charset=utf-8","460","blog","","editorial","yes","yes","","27","","schema:Article,BreadcrumbList,FAQPage; tel:5511913550533; (11) 91355-0533"
"videoscorporativos.com.br","https://videoscorporativos.com.br/blog/quanto-custa-um-video-institucional","/blog/quanto-custa-um-video-institucional","200","","https://videoscorporativos.com.br/blog/quanto-custa-um-video-institucional","Quanto custa um vídeo institucional? Guia 2026 · Ale Fotógrafo","Preço de vídeo institucional não tem tabela fixa: depende de duração, diárias, locações, equipe e pós. Veja como é formado e peça orçamento sob medida.","Quanto custa um vídeo institucional? Entenda o que forma o preço","","text/html; charset=utf-8","551","blog","","editorial","yes","yes","","27","","schema:Article,BreadcrumbList,FAQPage; tel:5511913550533; (11) 91355-0533"
"videoscorporativos.com.br","https://videoscorporativos.com.br/blog/o-que-esperar-produtora-corporativa","/blog/o-que-esperar-produtora-corporativa","200","","https://videoscorporativos.com.br/blog/o-que-esperar-produtora-corporativa","O que esperar de uma produtora corporativa de verdade: processo, prazos e entrega · Ale Fotógrafo","Contratar produtora de foto e vídeo sem dor de cabeça começa por entender o processo. Veja as etapas, prazos e o que cobrar de uma produtora corporativa séria.","O que esperar de uma produtora corporativa de verdade: processo, prazos e entrega","","text/html; charset=utf-8","471","blog","","editorial","yes","yes","","31","","schema:Article,BreadcrumbList; tel:5511913550533; (11) 91355-0533"
"videoscorporativos.com.br","https://videoscorporativos.com.br/blog/foto-video-mesmo-dia-multiplica-resultado","/blog/foto-video-mesmo-dia-multiplica-resultado","200","","https://videoscorporativos.com.br/blog/foto-video-mesmo-dia-multiplica-resultado","Foto + vídeo no mesmo dia: por que produzir junto multiplica resultado e reduz custo · Ale Fotógrafo","Contratar foto e vídeo na mesma produção gera mais conteúdo, narrativa coerente e custo menor. Veja por que empresas inteligentes não separam mais as duas coisas.","Foto + vídeo no mesmo dia: por que produzir junto multiplica resultado e reduz custo","","text/html; charset=utf-8","476","blog","","editorial","yes","yes","","31","","schema:Article,BreadcrumbList; tel:5511913550533; (11) 91355-0533"
"videoscorporativos.com.br","https://videoscorporativos.com.br/blog/foto-video-propostas-comerciais-rfp","/blog/foto-video-propostas-comerciais-rfp","200","","https://videoscorporativos.com.br/blog/foto-video-propostas-comerciais-rfp","Foto e vídeo para propostas comerciais e RFPs: o detalhe que diferencia fornecedores · Ale Fotógrafo","Em concorrências e RFPs, propostas com foto e vídeo profissionais transmitem mais credibilidade e se destacam. Veja como usar o audiovisual para vencer.","Foto e vídeo para propostas comerciais e RFPs: o detalhe que diferencia fornecedores","","text/html; charset=utf-8","451","blog","","editorial","yes","yes","","31","","schema:Article,BreadcrumbList; tel:5511913550533; (11) 91355-0533"
"videoscorporativos.com.br","https://videoscorporativos.com.br/blog/imagem-decisao-compra-b2b","/blog/imagem-decisao-compra-b2b","200","","https://videoscorporativos.com.br/blog/imagem-decisao-compra-b2b","Como a imagem da sua empresa influencia a decisão de compra B2B (mesmo antes da reunião) · Ale Fotógrafo","Compradores de empresas de médio e grande porte avaliam fornecedores pela imagem antes da primeira conversa. Veja como foto e vídeo reduzem a percepção de risco.","Como a imagem da sua empresa influencia a decisão de compra B2B (mesmo antes da reunião)","","text/html; charset=utf-8","470","blog","","editorial","yes","yes","","31","","schema:Article,BreadcrumbList; tel:5511913550533; (11) 91355-0533"
"videoscorporativos.com.br","https://videoscorporativos.com.br/blog/cultura-organizacional-video-foto","/blog/cultura-organizacional-video-foto","200","","https://videoscorporativos.com.br/blog/cultura-organizacional-video-foto","Fotografia de cultura organizacional: mostrando quem a empresa realmente é · Ale Fotógrafo","Imagens reais da cultura fortalecem employer branding, comunicação interna e marca. Veja como foto e vídeo de cultura organizacional transformam a percepção da empresa.","Fotografia de cultura organizacional: mostrando quem a empresa realmente é","","text/html; charset=utf-8","437","blog","","editorial","yes","yes","","31","","schema:Article,BreadcrumbList; tel:5511913550533; (11) 91355-0533"
"videoscorporativos.com.br","https://videoscorporativos.com.br/blog/video-onboarding-cultura-rh","/blog/video-onboarding-cultura-rh","200","","https://videoscorporativos.com.br/blog/video-onboarding-cultura-rh","Vídeo de onboarding e cultura: o que diretores de RH de grandes empresas estão produzindo · Ale Fotógrafo","Vídeo de onboarding reduz tempo de integração e padroniza a cultura. Veja como estruturar um programa de videoonboarding para empresas de médio e grande porte.","Vídeo de onboarding e cultura: o que diretores de RH de grandes empresas estão produzindo","","text/html; charset=utf-8","453","blog","","editorial","yes","yes","","31","","schema:Article,BreadcrumbList; tel:5511913550533; (11) 91355-0533"
"videoscorporativos.com.br","https://videoscorporativos.com.br/blog/employer-branding-video-atrair-talentos","/blog/employer-branding-video-atrair-talentos","200","","https://videoscorporativos.com.br/blog/employer-branding-video-atrair-talentos","Employer branding em vídeo: como atrair talentos que escolhem cultura, não só salário · Ale Fotógrafo","Diretores de RH de empresas de médio e grande porte usam vídeo de employer branding para atrair os melhores talentos. Veja o que mostrar — e o que evitar.","Employer branding em vídeo: como atrair talentos que escolhem cultura, não só salário","","text/html; charset=utf-8","469","blog","","editorial","yes","yes","","31","","schema:Article,BreadcrumbList; tel:5511913550533; (11) 91355-0533"
"videoscorporativos.com.br","https://videoscorporativos.com.br/blog/video-demonstracao-produto-ciclo-vendas","/blog/video-demonstracao-produto-ciclo-vendas","200","","https://videoscorporativos.com.br/blog/video-demonstracao-produto-ciclo-vendas","Demonstração de produto em vídeo: o material que encurta o ciclo de vendas · Ale Fotógrafo","Vídeos de demonstração reduzem o número de reuniões necessárias para fechar. Veja como diretores de produto e vendas usam demos em vídeo para acelerar pipeline.","Demonstração de produto em vídeo: o material que encurta o ciclo de vendas","","text/html; charset=utf-8","475","blog","","editorial","yes","yes","","31","","schema:Article,BreadcrumbList; tel:5511913550533; (11) 91355-0533"
"videoscorporativos.com.br","https://videoscorporativos.com.br/blog/video-produto-b2b-90-segundos","/blog/video-produto-b2b-90-segundos","200","","https://videoscorporativos.com.br/blog/video-produto-b2b-90-segundos","Vídeo de produto B2B: como explicar uma solução complexa em 90 segundos · Ale Fotógrafo","Diretores de produto sabem o desafio: explicar uma solução técnica de forma clara e desejável. Veja como o vídeo de produto B2B faz isso em 90 segundos.","Vídeo de produto B2B: como explicar uma solução complexa em 90 segundos","","text/html; charset=utf-8","475","blog","","editorial","yes","yes","","31","","schema:Article,BreadcrumbList; tel:5511913550533; (11) 91355-0533"
"videoscorporativos.com.br","https://videoscorporativos.com.br/blog/roi-video-corporativo-board","/blog/roi-video-corporativo-board","200","","https://videoscorporativos.com.br/blog/roi-video-corporativo-board","ROI de vídeo corporativo: o que apresentar ao board para aprovar o investimento · Ale Fotógrafo","Precisa defender o orçamento de vídeo na frente da diretoria? Veja os números e argumentos que transformam custo em investimento com retorno mensurável.","ROI de vídeo corporativo: o que apresentar ao board para aprovar o investimento","","text/html; charset=utf-8","469","blog","","editorial","yes","yes","","31","","schema:Article,BreadcrumbList; tel:5511913550533; (11) 91355-0533"
"videoscorporativos.com.br","https://videoscorporativos.com.br/blog/conteudo-audiovisual-em-escala-um-dia","/blog/conteudo-audiovisual-em-escala-um-dia","200","","https://videoscorporativos.com.br/blog/conteudo-audiovisual-em-escala-um-dia","Conteúdo audiovisual em escala: abasteça o calendário de marketing com um único dia de produção · Ale Fotógrafo","Um dia de produção bem planejado gera dezenas de peças de foto e vídeo. Veja como diretores de marketing multiplicam conteúdo sem multiplicar o orçamento.","Conteúdo audiovisual em escala: abasteça o calendário de marketing com um único dia de produção","","text/html; charset=utf-8","469","blog","","editorial","yes","yes","","31","","schema:Article,BreadcrumbList; tel:5511913550533; (11) 91355-0533"
"videoscorporativos.com.br","https://videoscorporativos.com.br/blog/banco-de-imagens-proprio-marketing","/blog/banco-de-imagens-proprio-marketing","200","","https://videoscorporativos.com.br/blog/banco-de-imagens-proprio-marketing","Banco de imagens próprio: por que todo diretor de marketing deveria largar a foto de banco genérica · Ale Fotógrafo","Foto de banco genérica enfraquece a marca. Veja por que um banco de imagens próprio, com foto e vídeo reais da sua empresa, converte mais e diferencia.","Banco de imagens próprio: por que todo diretor de marketing deveria largar a foto de banco genérica","","text/html; charset=utf-8","486","blog","","editorial","yes","yes","","31","","schema:Article,BreadcrumbList; tel:5511913550533; (11) 91355-0533"
"videoscorporativos.com.br","https://videoscorporativos.com.br/blog/video-institucional-advocacia","/blog/video-institucional-advocacia","200","","https://videoscorporativos.com.br/blog/video-institucional-advocacia","Vídeo institucional para escritórios de advocacia: confiança sem parecer propaganda · Ale Fotógrafo","Como produzir um vídeo institucional para advocacia que gera autoridade e respeita o Código de Ética da OAB. Estrutura, tom e o que evitar.","Vídeo institucional para escritórios de advocacia: confiança sem parecer propaganda","","text/html; charset=utf-8","453","blog","","editorial","yes","yes","","31","","schema:Article,BreadcrumbList; tel:5511913550533; (11) 91355-0533"
"videoscorporativos.com.br","https://videoscorporativos.com.br/blog/imagem-profissional-advogados-escritorios","/blog/imagem-profissional-advogados-escritorios","200","","https://videoscorporativos.com.br/blog/imagem-profissional-advogados-escritorios","Imagem profissional para advogados e escritórios: autoridade que respeita as regras da OAB · Ale Fotógrafo","Advogados podem construir autoridade com foto e vídeo profissionais sem infringir o Código de Ética da OAB. Veja o que é permitido — e o que realmente gera clientes.","Imagem profissional para advogados e escritórios: autoridade que respeita as regras da OAB","","text/html; charset=utf-8","473","blog","","editorial","yes","yes","","31","","schema:Article,BreadcrumbList; tel:5511913550533; (11) 91355-0533"
"videoscorporativos.com.br","https://videoscorporativos.com.br/blog/retrato-profissional-medicos","/blog/retrato-profissional-medicos","200","","https://videoscorporativos.com.br/blog/retrato-profissional-medicos","Retrato profissional para médicos: a imagem que transmite competência e acolhimento · Ale Fotógrafo","O retrato é o primeiro contato do paciente com o médico. Veja por que uma foto profissional aumenta a confiança e a taxa de agendamento — com elegância e ética.","Retrato profissional para médicos: a imagem que transmite competência e acolhimento","","text/html; charset=utf-8","458","blog","","editorial","yes","yes","","31","","schema:Article,BreadcrumbList; tel:1143257940; 5511913550533; (11) 91355-0533"
"videoscorporativos.com.br","https://videoscorporativos.com.br/blog/video-institucional-clinicas-consultorios","/blog/video-institucional-clinicas-consultorios","200","","https://videoscorporativos.com.br/blog/video-institucional-clinicas-consultorios","Vídeo institucional para clínicas e consultórios: confiança antes da primeira consulta · Ale Fotógrafo","Clínicas e consultórios que investem em vídeo institucional reduzem a barreira da primeira consulta e atraem pacientes mais qualificados. Veja como estruturar o seu.","Vídeo institucional para clínicas e consultórios: confiança antes da primeira consulta","","text/html; charset=utf-8","462","blog","","editorial","yes","yes","","31","","schema:Article,BreadcrumbList; tel:5511913550533; (11) 91355-0533"
"videoscorporativos.com.br","https://videoscorporativos.com.br/blog/marketing-medico-etico-foto-video","/blog/marketing-medico-etico-foto-video","200","","https://videoscorporativos.com.br/blog/marketing-medico-etico-foto-video","Marketing médico com ética: como foto e vídeo constroem autoridade dentro das regras do CFM · Ale Fotógrafo","Médicos podem (e devem) construir autoridade com imagem profissional respeitando o Código de Ética. Veja o que funciona em foto e vídeo — sem risco de infração.","Marketing médico com ética: como foto e vídeo constroem autoridade dentro das regras do CFM","","text/html; charset=utf-8","477","blog","","editorial","yes","yes","","31","","schema:Article,BreadcrumbList; tel:5511913550533; (11) 91355-0533"
"videoscorporativos.com.br","https://videoscorporativos.com.br/blog/video-posicionamento-ceo-linkedin","/blog/video-posicionamento-ceo-linkedin","200","","https://videoscorporativos.com.br/blog/video-posicionamento-ceo-linkedin","Vídeo de posicionamento para CEOs: como liderar a conversa do seu setor · Ale Fotógrafo","Vídeos curtos de posicionamento colocam o CEO como referência no setor e geram oportunidades B2B no LinkedIn. Veja o formato que funciona — e como produzir.","Vídeo de posicionamento para CEOs: como liderar a conversa do seu setor","","text/html; charset=utf-8","486","blog","","editorial","yes","yes","","31","","schema:Article,BreadcrumbList; tel:5511913550533; (11) 91355-0533"
"videoscorporativos.com.br","https://videoscorporativos.com.br/blog/retrato-executivo-c-level-imagem","/blog/retrato-executivo-c-level-imagem","200","","https://videoscorporativos.com.br/blog/retrato-executivo-c-level-imagem","Retrato executivo para o C-level: o ativo de imagem que abre portas · Ale Fotógrafo","Diretores e C-level que investem em retrato executivo profissional são percebidos como mais competentes e confiáveis. Entenda o impacto — e como fazer o seu.","Retrato executivo para o C-level: o ativo de imagem que abre portas","","text/html; charset=utf-8","492","blog","","editorial","yes","yes","","31","","schema:Article,BreadcrumbList; tel:5511913550533; (11) 91355-0533"
"videoscorporativos.com.br","https://videoscorporativos.com.br/blog/ceo-rosto-da-empresa-foto-video","/blog/ceo-rosto-da-empresa-foto-video","200","","https://videoscorporativos.com.br/blog/ceo-rosto-da-empresa-foto-video","O CEO é o rosto da empresa — e hoje esse rosto precisa estar em foto e vídeo · Ale Fotógrafo","Em decisões B2B de médio e grande porte, o decisor pesquisa o líder antes da empresa. Veja por que o CEO precisa de imagem profissional — e como começar.","O CEO é o rosto da empresa — e hoje esse rosto precisa estar em foto e vídeo","","text/html; charset=utf-8","568","blog","","editorial","yes","yes","","31","","schema:Article,BreadcrumbList; tel:5511913550533; (11) 91355-0533"
"fotografoale.com.br","https://fotografoale.com.br","/","200","https://fotografoale.com.br/","https://fotografoale.com.br","Fotógrafo profissional em São Paulo Fotografo Profissional Alexandre Machado","Fotografo Profissional Alexandre Machado especialista em Fotografia Corporativa e Vídeos, 30 anos de experiência e muitos clientes satisfeitos.","Fotografo Profissional Alexandre Machado","index,follow","text/html; charset=UTF-8","147","home","","institucional","yes","yes","","64","","redirects; tel:1152145561; +55 11913550533; 11913550533"
"fotografoale.com.br","https://fotografoale.com.br/reels-para-ativa-logistica-na-feira-beauty-fair-2025","/reels-para-ativa-logistica-na-feira-beauty-fair-2025","200","","https://fotografoale.com.br/reels-para-ativa-logistica-na-feira-beauty-fair-2025","Reels para Ativa Logistica na Feira Beauty Fair 2025 Fotografo Profissional Alexandre Machado","Nosso cliente, a Ativa Logística marcou presença na Beauty Fair 2025, a maior feira de beleza do país, e cada detalhe foi registrado em uma cobertura completa de fotos e vídeos por mim,......","","index,follow","text/html; charset=UTF-8","187","service","","servico","yes","yes","","40","","tel:1152145561; +55 11913550533; 11913550533"
"fotografoale.com.br","https://fotografoale.com.br/ensaio-fotografico-na-zattar-advogados","/ensaio-fotografico-na-zattar-advogados","200","","https://fotografoale.com.br/ensaio-fotografico-na-zattar-advogados","Ensaio fotografico na Zattar advogados Fotografo Profissional Alexandre Machado","O time da Zattar Advogados renovou seus retratos corporativos, reforçando o que todo escritório de advocacia precisa transmitir: confiança, credibilidade e presença.Manter fotos profissionais......","Ensaio fotografico na Zattar advogados","index,follow","text/html; charset=UTF-8","160","service","","servico","yes","yes","","38","","tel:1152145561; +55 11913550533; 11913550533"
"fotografoale.com.br","https://fotografoale.com.br/ensaio-com-socios-da-live-clin","/ensaio-com-socios-da-live-clin","200","","https://fotografoale.com.br/ensaio-com-socios-da-live-clin","Ensaio com sócios da Live Clin Fotografo Profissional Alexandre Machado","As novas fotos profissionais do time da Live Clin, reforça a imagem de liderança à frente de uma empresa. 👏👏Agora, por que atualizar seu retrato é essencial, ainda mais se você for um......","Ensaio com sócios da Live Clin","index,follow","text/html; charset=UTF-8","175","service","","servico","yes","yes","","40","","tel:1152145561; +55 11913550533; 11913550533"
"fotografoale.com.br","https://fotografoale.com.br/tjb-logistica","/tjb-logistica","200","","https://fotografoale.com.br/tjb-logistica","TJB Logistica Fotografo Profissional Alexandre Machado","O ensaio fotográfico da TJB Transporte e Logística foi pensado para ser utilizado como material de divulgação da empresa, catálogo ou banco de imagens no site.E isto mostra como as fotos......","TJB Logistica","index,follow","text/html; charset=UTF-8","124","service","","servico","yes","yes","","38","","tel:1152145561; +55 11913550533; 11913550533"
"fotografoale.com.br","https://fotografoale.com.br/sq-quimica-na-abrafati-2025","/sq-quimica-na-abrafati-2025","200","","https://fotografoale.com.br/sq-quimica-na-abrafati-2025","SQ Quimica na ABRAFATI 2025 Fotografo Profissional Alexandre Machado","Mais uma cobertura de evento pra conta! 📸Desta vez cobri a participação da SQ Química @sqquimica na Abrafati Show 2025, a maior feira da América Latina da indústria de tintas, que......","SQ Quimica na ABRAFATI 2025","index,follow","text/html; charset=UTF-8","160","other","","geral","yes","yes","","38","","tel:1152145561; +55 11913550533; 11913550533"
"fotografoale.com.br","https://fotografoale.com.br/20240522498020","/20240522498020","200","","https://fotografoale.com.br/20240522498020","Fotografo Profissional Alexandre Machado","Relembrando o ensaio fotográfico da Jéssica Martins @jessicamartins_rh_ O que achou? Comente aqui.#retratocorporativo...","","index,follow","text/html; charset=UTF-8","99","other","","geral","yes","yes","","40","","tel:1152145561; +55 11913550533; 11913550533"
"fotografoale.com.br","https://fotografoale.com.br/fotos-corporativas-para-todas-as-profissoes","/fotos-corporativas-para-todas-as-profissoes","200","","https://fotografoale.com.br/fotos-corporativas-para-todas-as-profissoes","Fotos Corporativas para todas as profissões Fotografo Profissional Alexandre Machado","Pergunta do dia: como estão suas fotos corporativas?Faça como estes profissionais, agende sua sessão comigo. 📸....#retratocorporativo...","Fotos Corporativas para todas as profissões","index,follow","text/html; charset=UTF-8","167","service","","servico","yes","yes","","40","","tel:1152145561; +55 11913550533; 11913550533"
"fotografoale.com.br","https://fotografoale.com.br/fotos-para-advocacia","/fotos-para-advocacia","200","","https://fotografoale.com.br/fotos-para-advocacia","Fotos para Advocacia Fotografo Profissional Alexandre Machado","Fotografo Profissional Alexandre Machado especialista em Fotografia Corporativa e Vídeos, 30 anos de experiência e muitos clientes satisfeitos....","Fotos para Advocacia","index,follow","text/html; charset=UTF-8","77","service","","servico","yes","yes","","38","","tel:1152145561; +55 11913550533; 11913550533"
"fotografoale.com.br","https://fotografoale.com.br/faz-negocios-3-da-faz-farma-com-depoimentos","/faz-negocios-3-da-faz-farma-com-depoimentos","200","","https://fotografoale.com.br/faz-negocios-3-da-faz-farma-com-depoimentos","Faz Negócios 3 da Faz Farma com depoimentos Fotografo Profissional Alexandre Machado","Video corporativo de um evento incrivel o Faz Negócios da Faz Farma que aconteceu no Hotel Tauá, com a presença de grandes Players da Industria Farmaceutica.Este video contamos com os depoimentos de alguns parceiros, veja como foi....","","index,follow","text/html; charset=UTF-8","114","other","","prova-social","yes","yes","","38","","tel:1152145561; +55 11913550533; 11913550533"
"fotografoale.com.br","https://fotografoale.com.br/tags/fotosdalinhadotempo","/tags/fotosdalinhadotempo","200","","https://fotografoale.com.br/tags/fotosdalinhadotempo","Fotos da linha do tempo Fotografo Profissional Alexandre Machado","Fotografo Profissional Alexandre Machado especialista em Fotografia Corporativa e Vídeos, 30 anos de experiência e muitos clientes satisfeitos....","","index,follow","text/html; charset=UTF-8","76","service","","servico","yes","yes","","40","","tel:1152145561; +55 11913550533; 11913550533"
"fotografoale.com.br","https://fotografoale.com.br/tags/facebook","/tags/facebook","200","","https://fotografoale.com.br/tags/facebook","facebook Fotografo Profissional Alexandre Machado","Fotografo Profissional Alexandre Machado especialista em Fotografia Corporativa e Vídeos, 30 anos de experiência e muitos clientes satisfeitos....","","index,follow","text/html; charset=UTF-8","72","other","","geral","yes","yes","","40","","tel:1152145561; +55 11913550533; 11913550533"
"fotografoale.com.br","https://fotografoale.com.br/fotografia-corporativa","/fotografia-corporativa","200","","https://fotografoale.com.br/fotografia-corporativa","Fotografia Corporativa Fotografo Profissional Alexandre Machado Fotógrafo profissional em São Paulo","Fotografia Corporativa - Fotografo Profissional Alexandre Machado especialista em Fotografia Corporativa e Vídeos, 30 anos de experiência e muitos clientes satisfeitos.","Fotografia Corporativa","index,follow","text/html; charset=UTF-8","143","service","","servico","yes","yes","","64","","tel:1152145561; +55 11913550533; 11913550533"
"fotografoale.com.br","https://fotografoale.com.br/fotografo-de-arquitetura-e-interiores-em-sao-paulo","/fotografo-de-arquitetura-e-interiores-em-sao-paulo","200","","https://fotografoale.com.br/fotografo-de-arquitetura-e-interiores-em-sao-paulo","Fotografo de Arquitetura e interiores em São Paulo Fotografo Profissional Alexandre Machado","fotografia de arquitetura, fotografo de arquitetura, fotografo de interiores, fotografia de decoração de interiores, fotos de interiores, fotografo d...","Fotografo de Arquitetura e interiores em São Paulo","index,follow","text/html; charset=UTF-8","146","service","","servico","yes","yes","","164","","tel:1152145561; +55 11913550533; 11913550533"
"fotografoale.com.br","https://fotografoale.com.br/fotografo-para-festa-de-confraternizacao-em-sao-paulo","/fotografo-para-festa-de-confraternizacao-em-sao-paulo","200","","https://fotografoale.com.br/fotografo-para-festa-de-confraternizacao-em-sao-paulo","Fotografo para Festa de Confraternização em São Paulo Fotografo Profissional Alexandre Machado","Vai ter Festa? não esqueça, por de traz das câmeras contrate um profissional....","Fotografo para Festa de Confraternização em São Paulo","index,follow","text/html; charset=UTF-8","161","service","","servico","yes","yes","","153","","tel:1152145561; +55 11913550533; 11913550533"
"fotografoale.com.br","https://fotografoale.com.br/jobs","/jobs","200","","https://fotografoale.com.br/jobs","Jobs Fotografo Profissional Alexandre Machado Fotógrafo profissional em São Paulo","Jobs - Fotografo Profissional Alexandre Machado especialista em Fotografia Corporativa e Vídeos, 30 anos de experiência e muitos clientes satisfeitos.","","index,follow","text/html; charset=UTF-8","77","other","","geral","yes","yes","","38","","tel:1152145561; +55 11913550533; 11913550533"
"fotografoale.com.br","https://fotografoale.com.br/category/eventoscorporativos","/category/eventoscorporativos","200","","https://fotografoale.com.br/category/eventoscorporativos","Eventos Corporativos Fotografo Profissional Alexandre Machado","Fotografo Profissional Alexandre Machado especialista em Fotografia Corporativa e Vídeos, 30 anos de experiência e muitos clientes satisfeitos....","","index,follow","text/html; charset=UTF-8","79","service","","servico","yes","yes","","44","","tel:1152145561; +55 11913550533; 11913550533"
"fotografoale.com.br","https://fotografoale.com.br/renove-mudancas","/renove-mudancas","200","","https://fotografoale.com.br/renove-mudancas","Renove Mudanças Fotografo Profissional Alexandre Machado","Neste video mostramos o beneficio do cliente contratar uma bo empresa de mudanças, acreditamos que histórias reais engajam e atraem mais clientes....","","index,follow","text/html; charset=UTF-8","95","other","","geral","yes","yes","","39","","tel:1152145561; +55 11913550533; 11913550533"
"fotografoale.com.br","https://fotografoale.com.br/sq-quimica-unidade-vinhedo","/sq-quimica-unidade-vinhedo","200","","https://fotografoale.com.br/sq-quimica-unidade-vinhedo","SQ Quimica - Unidade Vinhedo Fotografo Profissional Alexandre Machado","SQ Quimica inaugura sua unidade em Vinhedo...","","index,follow","text/html; charset=UTF-8","85","other","","geral","yes","yes","","39","","tel:1152145561; +55 11913550533; 11913550533"
"fotografoale.com.br","https://fotografoale.com.br/sitivesp-80-anos","/sitivesp-80-anos","200","","https://fotografoale.com.br/sitivesp-80-anos","SITIVESP 80 Anos Fotografo Profissional Alexandre Machado","Teaser do Evento que marcou os 80 anos do SITIVESP com a apresentação do Maestro João Carlos Martins....","","index,follow","text/html; charset=UTF-8","94","other","","geral","yes","yes","","39","","tel:1152145561; +55 11913550533; 11913550533"
"fotografoale.com.br","https://fotografoale.com.br/video-institucional-rocha-queiroz-advogados","/video-institucional-rocha-queiroz-advogados","200","","https://fotografoale.com.br/video-institucional-rocha-queiroz-advogados","Vídeo institucional Rocha & Queiroz advogados Fotografo Profissional Alexandre Machado","Vídeo institucional do escritório de advocacia Rocha e Queiroz advogados....","","index,follow","text/html; charset=UTF-8","88","service","","servico","yes","yes","","39","","tel:1152145561; +55 11913550533; 11913550533"
"fotografoale.com.br","https://fotografoale.com.br/videos-corporativos","/videos-corporativos","200","","https://fotografoale.com.br/videos-corporativos","Vídeos corporativos Fotografo Profissional Alexandre Machado Fotógrafo profissional em São Paulo","Vídeos corporativos - Fotografo Profissional Alexandre Machado especialista em Fotografia Corporativa e Vídeos, 30 anos de experiência e muitos clientes satisfeitos.","Vídeos corporativos","index,follow","text/html; charset=UTF-8","206","video","","portfolio-video","yes","yes","","90","","tel:1152145561; +55 11913550533; 11913550533"
"fotografoale.com.br","https://fotografoale.com.br/category/dicadefotografia","/category/dicadefotografia","200","","https://fotografoale.com.br/category/dicadefotografia","Dica de fotografia Fotografo Profissional Alexandre Machado","Fotografo Profissional Alexandre Machado especialista em Fotografia Corporativa e Vídeos, 30 anos de experiência e muitos clientes satisfeitos....","","index,follow","text/html; charset=UTF-8","83","service","","servico","yes","yes","","43","","tel:1152145561; +55 11913550533; 11913550533"
"fotografoale.com.br","https://fotografoale.com.br/category/empreendedorismonegocios","/category/empreendedorismonegocios","200","","https://fotografoale.com.br/category/empreendedorismonegocios","Empreendedorismo & Negócios Fotografo Profissional Alexandre Machado","Fotografo Profissional Alexandre Machado especialista em Fotografia Corporativa e Vídeos, 30 anos de experiência e muitos clientes satisfeitos....","","index,follow","text/html; charset=UTF-8","89","category","","arquivo","yes","yes","","52","","tel:1152145561; +55 11913550533; 11913550533"
"fotografoale.com.br","https://fotografoale.com.br/category/retratoscorporativos","/category/retratoscorporativos","200","","https://fotografoale.com.br/category/retratoscorporativos","Retratos corporativos Fotografo Profissional Alexandre Machado","Fotografo Profissional Alexandre Machado especialista em Fotografia Corporativa e Vídeos, 30 anos de experiência e muitos clientes satisfeitos....","","index,follow","text/html; charset=UTF-8","84","service","","servico","yes","yes","","52","","tel:1152145561; +55 11913550533; 11913550533"
"fotografoale.com.br","https://fotografoale.com.br/quem-e-o-ale","/quem-e-o-ale","200","","https://fotografoale.com.br/quem-e-o-ale","Quem é o Alê Fotografo Profissional Alexandre Machado Fotógrafo profissional em São Paulo","Quem é o Alê - Fotografo Profissional Alexandre Machado especialista em Fotografia Corporativa e Vídeos, 30 anos de experiência e muitos clientes satisfeitos.","Fotógrafo Corporativo Alexandre Machado","index,follow","text/html; charset=UTF-8","247","about","","institucional","yes","yes","","40","","tel:1152145561; +55 11913550533; 11913550533"
"fotografoale.com.br","https://fotografoale.com.br/depoimentos","/depoimentos","200","","https://fotografoale.com.br/depoimentos","Depoimentos Fotografo Profissional Alexandre Machado Fotógrafo profissional em São Paulo","Depoimentos - Fotografo Profissional Alexandre Machado especialista em Fotografia Corporativa e Vídeos, 30 anos de experiência e muitos clientes satisfeitos.","","index,follow","text/html; charset=UTF-8","201","other","","prova-social","yes","yes","","41","","tel:1152145561; +55 11913550533; 11913550533"
"fotografoale.com.br","https://fotografoale.com.br/fotografo-de-feiras-de-negocios-em-sao-paulo","/fotografo-de-feiras-de-negocios-em-sao-paulo","200","","https://fotografoale.com.br/fotografo-de-feiras-de-negocios-em-sao-paulo","Fotografo de Feiras de Negócios em São Paulo Fotografo Profissional Alexandre Machado","Feira de negócios, fotografo feira, stand feira de negócios fotografia, feiras em São Paulo, fotografo de pavilhão de feiras, fotos de stand em feiras...","Fotografo de Feiras de Negócios em São Paulo","index,follow","text/html; charset=UTF-8","119","service","","servico","yes","yes","","95","","tel:1152145561; +55 11913550533; 11913550533"
"fotografoale.com.br","https://fotografoale.com.br/totem-fotografico-em-sao-paulo","/totem-fotografico-em-sao-paulo","200","","https://fotografoale.com.br/totem-fotografico-em-sao-paulo","Totem Fotográfico em São Paulo Fotografo Profissional Alexandre Machado","Totem fotográfico em São Paulo, surpreenda seus convidados, sucesso garantido no seu evento....","Totem Fotográfico em São Paulo","index,follow","text/html; charset=UTF-8","201","service","","servico","yes","yes","","218","","tel:1152145561; +55 11913550533; 11913550533"
"fotografoale.com.br","https://fotografoale.com.br/fotografo-de-eventos-corporativos-em-sao-paulo","/fotografo-de-eventos-corporativos-em-sao-paulo","200","","https://fotografoale.com.br/fotografo-de-eventos-corporativos-em-sao-paulo","Fotografo de Eventos Corporativos em São Paulo Fotografo Profissional Alexandre Machado","fotografo de eventos, fotografia de eventos, fotos de eventos, fotógrafo eventos corporativos em São Paulo, fotografia de eventos para empresas, fotos...","Fotografo de Eventos Corporativos em São Paulo","index,follow","text/html; charset=UTF-8","314","service","","servico","yes","yes","","569","","tel:1152145561; +55 11913550533; 11913550533"
"fotografoale.com.br","https://fotografoale.com.br/fotografia-corporativa-em-sao-paulo","/fotografia-corporativa-em-sao-paulo","200","","https://fotografoale.com.br/fotografia-corporativa-em-sao-paulo","Fotografia Corporativa em São Paulo Fotografo Profissional Alexandre Machado","fotografia corporativa, fotos corporativas, fotos profissionais, fotografia comercial, fotografo institucional, fotografo para banco de imagem, fotogr...","Fotografia Corporativa em São Paulo","index,follow","text/html; charset=UTF-8","112","service","","servico","yes","yes","","80","","tel:1152145561; +55 11913550533; 11913550533"
"fotografoale.com.br","https://fotografoale.com.br/posicionamento-e-reposicionamento-de-imagem-voce-sabe-qual-a-diferenca","/posicionamento-e-reposicionamento-de-imagem-voce-sabe-qual-a-diferenca","200","","https://fotografoale.com.br/posicionamento-e-reposicionamento-de-imagem-voce-sabe-qual-a-diferenca","Posicionamento e Reposicionamento de Imagem: você sabe qual a diferença? Fotografo Profissional Alexandre Machado","Os conceitos de posicionamento e reposicionamento são muito utilizados no universo do branding. Mas no universo da fotografia e da marca pessoal esses termos também se aplicam para identificar sua......","Posicionamento e Reposicionamento de Imagem: você sabe qual a diferença?","index,follow","text/html; charset=UTF-8","893","other","","geral","yes","yes","","43","","tel:1152145561; +55 11913550533; 11913550533"
"fotografoale.com.br","https://fotografoale.com.br/retrato-corporativo2","/retrato-corporativo2","200","","https://fotografoale.com.br/retrato-corporativo2","Retrato Corporativo Fotografo Profissional Alexandre Machado","retrato corporativo, retrato profissional, retrato corporativo em São Paulo, retrato profissional em São Paulo, foto de perfil profissional, foto de p...","Retrato Corporativo","index,follow","text/html; charset=UTF-8","145","service","","servico","yes","yes","","477","","tel:1152145561; +55 11913550533; 11913550533"
"fotografoale.com.br","https://fotografoale.com.br/5-poses-para-retrato-corporativo","/5-poses-para-retrato-corporativo","200","","https://fotografoale.com.br/5-poses-para-retrato-corporativo","5 poses para Retrato Corporativo Fotografo Profissional Alexandre Machado","5 poses para retrato corporativo Aprenda a se portar em um retrato empresarial e melhore sua imagem pessoal e profissional dentro de empresas e sites de negóciosDestacar sua imagem pessoal e......","5 poses para Retrato Corporativo","index,follow","text/html; charset=UTF-8","598","service","","servico","yes","yes","","43","","tel:1152145561; +55 11913550533; 11913550533"
"fotografoale.com.br","https://fotografoale.com.br/tag/fotodeperfilparalinkin","/tag/fotodeperfilparalinkin","200","","https://fotografoale.com.br/tag/fotodeperfilparalinkin","foto de perfil para LinkIn Fotografo Profissional Alexandre Machado","Fotografo Profissional Alexandre Machado especialista em Fotografia Corporativa e Vídeos, 30 anos de experiência e muitos clientes satisfeitos....","","index,follow","text/html; charset=UTF-8","79","service","","servico","yes","yes","","41","","tel:1152145561; +55 11913550533; 11913550533"
"fotografoale.com.br","https://fotografoale.com.br/tag/retratodemulheresdesucesso","/tag/retratodemulheresdesucesso","200","","https://fotografoale.com.br/tag/retratodemulheresdesucesso","retrato de mulheres de sucesso Fotografo Profissional Alexandre Machado","Fotografo Profissional Alexandre Machado especialista em Fotografia Corporativa e Vídeos, 30 anos de experiência e muitos clientes satisfeitos....","","index,follow","text/html; charset=UTF-8","79","service","","servico","yes","yes","","41","","tel:1152145561; +55 11913550533; 11913550533"
"fotografoale.com.br","https://fotografoale.com.br/tag/retratodehomemdenegocios","/tag/retratodehomemdenegocios","200","","https://fotografoale.com.br/tag/retratodehomemdenegocios","retrato de homem de negocios Fotografo Profissional Alexandre Machado","Fotografo Profissional Alexandre Machado especialista em Fotografia Corporativa e Vídeos, 30 anos de experiência e muitos clientes satisfeitos....","","index,follow","text/html; charset=UTF-8","79","service","","servico","yes","yes","","41","","tel:1152145561; +55 11913550533; 11913550533"
"fotografoale.com.br","https://fotografoale.com.br/tag/retratodeempresario","/tag/retratodeempresario","200","","https://fotografoale.com.br/tag/retratodeempresario","retrato de empresario Fotografo Profissional Alexandre Machado","Fotografo Profissional Alexandre Machado especialista em Fotografia Corporativa e Vídeos, 30 anos de experiência e muitos clientes satisfeitos....","","index,follow","text/html; charset=UTF-8","77","service","","servico","yes","yes","","41","","tel:1152145561; +55 11913550533; 11913550533"
"fotografoale.com.br","https://fotografoale.com.br/tag/retratodeadvogado","/tag/retratodeadvogado","200","","https://fotografoale.com.br/tag/retratodeadvogado","retrato de advogado Fotografo Profissional Alexandre Machado","Fotografo Profissional Alexandre Machado especialista em Fotografia Corporativa e Vídeos, 30 anos de experiência e muitos clientes satisfeitos....","","index,follow","text/html; charset=UTF-8","77","service","","servico","yes","yes","","41","","tel:1152145561; +55 11913550533; 11913550533"
"fotografoale.com.br","https://fotografoale.com.br/tag/fotografiainstitucional","/tag/fotografiainstitucional","200","","https://fotografoale.com.br/tag/fotografiainstitucional","Fotografia institucional Fotografo Profissional Alexandre Machado","Fotografo Profissional Alexandre Machado especialista em Fotografia Corporativa e Vídeos, 30 anos de experiência e muitos clientes satisfeitos....","","index,follow","text/html; charset=UTF-8","76","service","","servico","yes","yes","","41","","tel:1152145561; +55 11913550533; 11913550533"
"fotografoale.com.br","https://fotografoale.com.br/tag/fotografoempresarial","/tag/fotografoempresarial","200","","https://fotografoale.com.br/tag/fotografoempresarial","Fotógrafo empresarial Fotografo Profissional Alexandre Machado","Fotografo Profissional Alexandre Machado especialista em Fotografia Corporativa e Vídeos, 30 anos de experiência e muitos clientes satisfeitos....","","index,follow","text/html; charset=UTF-8","76","service","","servico","yes","yes","","41","","tel:1152145561; +55 11913550533; 11913550533"
"fotografoale.com.br","https://fotografoale.com.br/tag/fotografocorporativo","/tag/fotografocorporativo","200","","https://fotografoale.com.br/tag/fotografocorporativo","Fotógrafo Corporativo Fotografo Profissional Alexandre Machado","Fotografo Profissional Alexandre Machado especialista em Fotografia Corporativa e Vídeos, 30 anos de experiência e muitos clientes satisfeitos....","","index,follow","text/html; charset=UTF-8","76","service","","servico","yes","yes","","41","","tel:1152145561; +55 11913550533; 11913550533"
"fotografoale.com.br","https://fotografoale.com.br/tag/retratocorporativo","/tag/retratocorporativo","200","","https://fotografoale.com.br/tag/retratocorporativo","Retrato corporativo Fotografo Profissional Alexandre Machado","Fotografo Profissional Alexandre Machado especialista em Fotografia Corporativa e Vídeos, 30 anos de experiência e muitos clientes satisfeitos....","","index,follow","text/html; charset=UTF-8","76","service","","servico","yes","yes","","41","","tel:1152145561; +55 11913550533; 11913550533"
"fotografoale.com.br","https://fotografoale.com.br/blog","/blog","200","","https://fotografoale.com.br/blog","Blog Fotografo Profissional Alexandre Machado Fotógrafo profissional em São Paulo","Blog - Fotografo Profissional Alexandre Machado especialista em Fotografia Corporativa e Vídeos, 30 anos de experiência e muitos clientes satisfeitos.","Blog","index,follow","text/html; charset=UTF-8","99","blog","","editorial","yes","yes","","46","","tel:1152145561; +55 11913550533; 11913550533"
"fotografoale.com.br","https://fotografoale.com.br/i-congresso-brasileiro-de-direito-da-empresa-no-novo-futebol-ibde","/i-congresso-brasileiro-de-direito-da-empresa-no-novo-futebol-ibde","200","","https://fotografoale.com.br/i-congresso-brasileiro-de-direito-da-empresa-no-novo-futebol-ibde","I Congresso Brasileiro de Direito da Empresa no Novo Futebol - IBDE Fotografo Profissional Alexandre Machado","O IBDE promove o 1° Congresso Brasileiro de Direito da Empresa no Novo Futebol em São Paulo no Hotel Intercontinental, com a presença de grandes nomes da advocacia e Ministros, Juízes e Advogados de todo o Brasil....","","index,follow","text/html; charset=UTF-8","115","other","","geral","yes","yes","","39","","tel:1152145561; +55 11913550533; 11913550533"
"fotografoale.com.br","https://fotografoale.com.br/encontro-farmarcas-20222","/encontro-farmarcas-20222","200","","https://fotografoale.com.br/encontro-farmarcas-20222","Encontro Farmarcas 2022 Fotografo Profissional Alexandre Machado","A Farmarcas promove seu tradicional Encontro de Associados que movimenta toda a cadeia farmacêutica, nesses dias os olhos da indústria ficam voltados para este incrível evento....","","index,follow","text/html; charset=UTF-8","101","other","","geral","yes","yes","","39","","tel:1152145561; +55 11913550533; 11913550533"
"fotografoale.com.br","https://fotografoale.com.br/salomao-concursos-aulao-em-sao-paulo","/salomao-concursos-aulao-em-sao-paulo","200","","https://fotografoale.com.br/salomao-concursos-aulao-em-sao-paulo","Salomão Concursos - Aulão em São Paulo Fotografo Profissional Alexandre Machado","Salomão Concursos promove seu aulão em São PauloGostou deste video?Fazemos Video para empresas, produção de videos institucionais, produtos, eventos, depoimentos, etc.https://www.instagram.com/alefotografo...","","index,follow","text/html; charset=UTF-8","103","other","","geral","yes","yes","","39","","tel:1152145561; +55 11913550533; 11913550533"
"fotografoale.com.br","https://fotografoale.com.br/jantar-febrafar-2022","/jantar-febrafar-2022","200","","https://fotografoale.com.br/jantar-febrafar-2022","Jantar Febrafar 2022 Fotografo Profissional Alexandre Machado","A Febrafar promove seu Jantar 2022, coma presença de grandes nomes da industria farmaceutica e de seus associados. Solicite seu orçamento...","","index,follow","text/html; charset=UTF-8","93","other","","geral","yes","yes","","39","","tel:1152145561; +55 11913550533; 11913550533"
"fotografoale.com.br","https://fotografoale.com.br/latin-sales-meeting-2022-convatec","/latin-sales-meeting-2022-convatec","200","","https://fotografoale.com.br/latin-sales-meeting-2022-convatec","Latin Sales Meeting 2022 - Convatec Fotografo Profissional Alexandre Machado","Latin Sales Meeting 2022 em Punta Cana...","","index,follow","text/html; charset=UTF-8","83","other","","geral","yes","yes","","38","","tel:1152145561; +55 11913550533; 11913550533"
"fotografoale.com.br","https://fotografoale.com.br/curso-de-prestacao-de-contas-eleitorais-professora-rita","/curso-de-prestacao-de-contas-eleitorais-professora-rita","200","","https://fotografoale.com.br/curso-de-prestacao-de-contas-eleitorais-professora-rita","Curso de Prestação de Contas Eleitorais - Professora Rita Fotografo Profissional Alexandre Machado","Eleiçoes 2022 - Curso de Prestação de Contas Eleitorais com a Professora Rita Deseja meus serviços? Solicite um orçamento...","","index,follow","text/html; charset=UTF-8","96","other","","geral","yes","yes","","39","","tel:1152145561; +55 11913550533; 11913550533"
"fotografoale.com.br","https://fotografoale.com.br/fotografo-especializado-em-retratos-profissionais","/fotografo-especializado-em-retratos-profissionais","200","","https://fotografoale.com.br/fotografo-especializado-em-retratos-profissionais","Fotografo especializado em Retratos Profissionais Fotografo Profissional Alexandre Machado","Ajudo profissionais a valorizarem suas carreiras com Retratos ProfissionaisRetrato CorporativoFotografo Corporativo...","","index,follow","text/html; charset=UTF-8","89","service","","servico","yes","yes","","39","","tel:1152145561; +55 11913550533; 11913550533"
"fotografoale.com.br","https://fotografoale.com.br/especializado-em-fotografia-corporativa","/especializado-em-fotografia-corporativa","200","","https://fotografoale.com.br/especializado-em-fotografia-corporativa","Especializado em Fotografia Corporativa Fotografo Profissional Alexandre Machado","Retratos profissionais...","","index,follow","text/html; charset=UTF-8","121","service","","servico","yes","yes","","39","","tel:1152145561; +55 11913550533; 11913550533"
"fotografoale.com.br","https://fotografoale.com.br/ibis-botucatu-video-manifesto","/ibis-botucatu-video-manifesto","200","","https://fotografoale.com.br/ibis-botucatu-video-manifesto","IBIS Botucatu - Video manifesto Fotografo Profissional Alexandre Machado","Este video foi elaborado para ser apresentado para os investidores no evento de inauguração do Hotel IBIS em Botucatu - SP...","","index,follow","text/html; charset=UTF-8","98","service","","servico-video","yes","yes","","39","","tel:1152145561; +55 11913550533; 11913550533"
"fotografoale.com.br","https://fotografoale.com.br/teaser-inauguracao-ibis-botucatu","/teaser-inauguracao-ibis-botucatu","200","","https://fotografoale.com.br/teaser-inauguracao-ibis-botucatu","Teaser Inauguração - IBIS Botucatu Fotografo Profissional Alexandre Machado","Video de evento corporativoTeaser do evento de inauguração do IBIS Botucatu - SP...","","index,follow","text/html; charset=UTF-8","91","other","","geral","yes","yes","","39","","tel:1152145561; +55 11913550533; 11913550533"
"fotografoale.com.br","https://fotografoale.com.br/fotos-para-youtuber","/fotos-para-youtuber","200","","https://fotografoale.com.br/fotos-para-youtuber","Fotos para Youtuber Fotografo Profissional Alexandre Machado","Neste vídeo o fotógrafo Alexandre Machado mostra os bastidores de um ensaio fotográfico.Fotos para YoutuberFotos para Perfil ProfissionalFotos para LinkedInFotos para influencer...","","index,follow","text/html; charset=UTF-8","102","service","","servico","yes","yes","","39","","tel:1152145561; +55 11913550533; 11913550533"
"fotografoale.com.br","https://fotografoale.com.br/fotografo-especialista-em-retrato-profissional","/fotografo-especialista-em-retrato-profissional","200","","https://fotografoale.com.br/fotografo-especialista-em-retrato-profissional","Fotógrafo especialista em Retrato Profissional Fotografo Profissional Alexandre Machado","Conheça mais do meu trabalho de Retratos Profissionais.https://www.instagram.com/alefotografo...","","index,follow","text/html; charset=UTF-8","88","service","","servico","yes","yes","","40","","tel:1152145561; +55 11913550533; 11913550533"
"fotografoale.com.br","https://fotografoale.com.br/7o-forum-abradilan","/7o-forum-abradilan","200","","https://fotografoale.com.br/7o-forum-abradilan","7º Fórum ABRADILAN Fotografo Profissional Alexandre Machado","Teaser do 7º Fórum ABRADILAN de desenvolvimento empresarial...","","index,follow","text/html; charset=UTF-8","85","other","","geral","yes","yes","","39","","tel:1152145561; +55 11913550533; 11913550533"
"fotografoale.com.br","https://fotografoale.com.br/confraternizacao-abradilan","/confraternizacao-abradilan","200","","https://fotografoale.com.br/confraternizacao-abradilan","Confraternização ABRADILAN Fotografo Profissional Alexandre Machado","A ABRADILAN promove uma confraternização incrível com a organização @maiscorporativo e com o Mestre das carnes @clebersouzax...","","index,follow","text/html; charset=UTF-8","89","other","","geral","yes","yes","","39","","tel:1152145561; +55 11913550533; 11913550533"
"fotografoale.com.br","https://fotografoale.com.br/retratos-profissionais-em-estudio-salomao-concursos-ale-fotografo","/retratos-profissionais-em-estudio-salomao-concursos-ale-fotografo","200","","https://fotografoale.com.br/retratos-profissionais-em-estudio-salomao-concursos-ale-fotografo","Retratos profissionais em estúdio - Salomão Concursos - Alê Fotógrafo Fotografo Profissional Alexandre Machado","Ensaio fotográfico realizado no estúdio da @Lumitec Foto para os integrantes da @Salomãoconcursos.@alefotografo#retratosprofissionais#retratocorporativo#fotografocorporativo#fotocorporativa...","","index,follow","text/html; charset=UTF-8","95","service","","servico","yes","yes","","39","","tel:1152145561; +55 11913550533; 11913550533"
"fotografoale.com.br","https://fotografoale.com.br/sq-quimica-na-abrafati-show-2022","/sq-quimica-na-abrafati-show-2022","200","","https://fotografoale.com.br/sq-quimica-na-abrafati-show-2022","SQ Quimica na ABRAFATI SHOW 2022 Fotografo Profissional Alexandre Machado","A SQ Quimica vem crescendo e se destacando no mercado, veja como foi a sua participação no ABRAFATI SHOW 2022@alefotografo...","","index,follow","text/html; charset=UTF-8","97","other","","geral","yes","yes","","39","","tel:1152145561; +55 11913550533; 11913550533"
"fotografoale.com.br","https://fotografoale.com.br/ativa-logistica-video-do-programa-de-sustentabilidade","/ativa-logistica-video-do-programa-de-sustentabilidade","200","","https://fotografoale.com.br/ativa-logistica-video-do-programa-de-sustentabilidade","ATIVA Logistica - Video do programa de sustentabilidade Fotografo Profissional Alexandre Machado","A ATIVA Logistica apresenta seu programa de sustentabilidade, mostrando diversas açôes internas e colhendo muitos resultados com essa iniciativa....","","index,follow","text/html; charset=UTF-8","98","service","","servico","yes","yes","","39","","tel:1152145561; +55 11913550533; 11913550533"
"fotografoale.com.br","https://fotografoale.com.br/galena-35-anos","/galena-35-anos","200","","https://fotografoale.com.br/galena-35-anos","Galena 35 anos Fotografo Profissional Alexandre Machado","Video do evento que marcou os 35 anos da Galena, em grande estilo a Galena mostrou para seus amigos e clientes que os próximos anos vão ser incríveis, com muitos novidades para o mercado....","","index,follow","text/html; charset=UTF-8","108","other","","geral","yes","yes","","39","","tel:1152145561; +55 11913550533; 11913550533"
"fotografoale.com.br","https://fotografoale.com.br/fotografo-profissional-alexandre-machado","/fotografo-profissional-alexandre-machado","200","","https://fotografoale.com.br/fotografo-profissional-alexandre-machado","Fotografo Profissional Alexandre Machado Fotografo Profissional Alexandre Machado","Alexandre Machado Fotografo Profissuional preparando o estúdio...","","index,follow","text/html; charset=UTF-8","111","service","","servico","yes","yes","","39","","tel:1152145561; +55 11913550533; 11913550533"
"fotografoale.com.br","https://fotografoale.com.br/encontro-farmarcas-2022","/encontro-farmarcas-2022","200","","https://fotografoale.com.br/encontro-farmarcas-2022","Encontro Farmarcas 2022 Fotografo Profissional Alexandre Machado","A Farmarcas mais uma vez surpreendeu seus associados e seus parceiros da indústria farmacêutica, com um evento simplesmente inesquecível.Com experiências incríveis do começo ao final, veja como foi incrível....","","index,follow","text/html; charset=UTF-8","105","other","","geral","yes","yes","","39","","tel:1152145561; +55 11913550533; 11913550533"
"fotodeperfilprofissional.com.br","https://fotodeperfilprofissional.com.br/?page_id=4305","/","200","","https://fotodeperfilprofissional.com.br/novidades-do-mundo-da-fotografia/","Novidades do Mundo da Fotografia","Novidades do Mundo da Fotografia, aqui em nosso Blog você terá acesso a muitas informações sobre o mundo da fotografia por Alê Fotógrafo.","","index, follow, max-image-preview:large, max-snippet:-1, max-video-preview:-1","text/html; charset=UTF-8","285","home","","institucional","yes","yes","","28","","tel:11913550533"
"fotodeperfilprofissional.com.br","https://fotodeperfilprofissional.com.br/como-se-destacar-no-mercado-de-fotografia/","/como-se-destacar-no-mercado-de-fotografia/","200","","https://fotodeperfilprofissional.com.br/como-se-destacar-no-mercado-de-fotografia/","PSICOLOGIA DAS CORES E FOTOGRAFIA","PSICOLOGIA DAS CORES E FOTOGRAFIA SAIBA COMO ELAS INTERAGEM - Lorem Ipsum is simply dummy text of the printing and typesetting industry. Lo","","index, follow, max-image-preview:large, max-snippet:-1, max-video-preview:-1","text/html; charset=UTF-8","624","service","","servico","yes","yes","","24","","tel:1199483-8127"
"fotodeperfilprofissional.com.br","https://fotodeperfilprofissional.com.br/psicologia-das-cores-e-fotografia-saiba-como-elas-interagem/","/psicologia-das-cores-e-fotografia-saiba-como-elas-interagem/","200","","https://fotodeperfilprofissional.com.br/psicologia-das-cores-e-fotografia-saiba-como-elas-interagem/","PSICOLOGIA DAS CORES E FOTOGRAFIA","PSICOLOGIA DAS CORES E FOTOGRAFIA SAIBA COMO ELAS INTERAGEM - Lorem Ipsum is simply dummy text of the printing and typesetting industry. Lo","","index, follow, max-image-preview:large, max-snippet:-1, max-video-preview:-1","text/html; charset=UTF-8","622","service","","servico","yes","yes","","24","","tel:1199483-8127; 1118031810; 1118591418"
"fotodeperfilprofissional.com.br","https://fotodeperfilprofissional.com.br/como-tirar-uma-boa-fotografia/","/como-tirar-uma-boa-fotografia/","200","","https://fotodeperfilprofissional.com.br/como-tirar-uma-boa-fotografia/","PSICOLOGIA DAS CORES E FOTOGRAFIA","PSICOLOGIA DAS CORES E FOTOGRAFIA SAIBA COMO ELAS INTERAGEM - Lorem Ipsum is simply dummy text of the printing and typesetting industry. Lo","Como tirar uma boa fotografia","index, follow, max-image-preview:large, max-snippet:-1, max-video-preview:-1","text/html; charset=UTF-8","624","service","","servico","yes","yes","","24","","tel:1199483-8127"
"fotodeperfilprofissional.com.br","https://fotodeperfilprofissional.com.br/","/","200","","https://fotodeperfilprofissional.com.br/","Foto de Perfil Profissional - Alê Fotográfo","Especilista em Retrato Corporativo Alexandre Machado é responsavel pelos trabalhos desenvolvido no site Foto de Perfil Profissional.","Retratos Corporativos","index, follow, max-image-preview:large, max-snippet:-1, max-video-preview:-1","text/html; charset=UTF-8","1165","home","","institucional","yes","yes","","31","","schema:,FAQPage; tel:5511913550533; (11) 91355-0533; 11913550533"
"fotodeperfilprofissional.com.br","https://fotodeperfilprofissional.com.br/fotos-de-eventos-corporativos/","/fotos-de-eventos-corporativos/","200","","https://fotodeperfilprofissional.com.br/fotos-de-eventos-corporativos/","Fotos de Eventos Corporativos - Alê Fotografo","","","index, follow, max-image-preview:large, max-snippet:-1, max-video-preview:-1","text/html; charset=UTF-8","562","service","","servico","yes","yes","","14","","tel:11913550533"
"fotodeperfilprofissional.com.br","https://fotodeperfilprofissional.com.br/fotografia-institucional/","/fotografia-institucional/","200","","https://fotodeperfilprofissional.com.br/fotografia-institucional/","Fotografia Institucional - Alê Fotografo","","","index, follow, max-image-preview:large, max-snippet:-1, max-video-preview:-1","text/html; charset=UTF-8","558","service","","servico","yes","yes","","24","","tel:11913550533"
"fotodeperfilprofissional.com.br","https://fotodeperfilprofissional.com.br/ale-em-acao/","/ale-em-acao/","200","","https://fotodeperfilprofissional.com.br/ale-em-acao/","Alê em ação - Alê Fotografo","","","index, follow, max-image-preview:large, max-snippet:-1, max-video-preview:-1","text/html; charset=UTF-8","581","other","","geral","yes","yes","","26","","tel:11913550533"
"fotodeperfilprofissional.com.br","https://fotodeperfilprofissional.com.br/fotografia-de-produtos/","/fotografia-de-produtos/","200","","https://fotodeperfilprofissional.com.br/fotografia-de-produtos/","Fotografia de Produtos - Alê Fotografo","","","index, follow, max-image-preview:large, max-snippet:-1, max-video-preview:-1","text/html; charset=UTF-8","759","service","","servico","yes","yes","","17","","tel:11913550533"
"fotodeperfilprofissional.com.br","https://fotodeperfilprofissional.com.br/retratocorporativo/","/retratocorporativo/","200","","https://fotodeperfilprofissional.com.br/retratocorporativo/","Retrato Corporativo - Alexandre Machado","Especialista em Retratos Corporativos, com mais de 30 anos de experiência, e um olhar único para o seu posicionamento. Clique e Saiba Mais.","","index, follow, max-image-preview:large, max-snippet:-1, max-video-preview:-1","text/html; charset=UTF-8","862","service","","servico","yes","yes","","17","","tel:11913550533"
"fotodeperfilprofissional.com.br","https://fotodeperfilprofissional.com.br/foto_profissional_quem_e_o_ale/","/foto_profissional_quem_e_o_ale/","200","","https://fotodeperfilprofissional.com.br/foto_profissional_quem_e_o_ale/","Foto Profissional - Alê Fotográfo","Foto Profissional - Está à procura de um fotógrafo reconhecido pela excelência e seriedade? Chame ALê Fotográfo. Solicite Orçamento Agora.","FOTÓGRAFO PROFISSIONAL ALEXANDRE MACHADO","index, follow, max-image-preview:large, max-snippet:-1, max-video-preview:-1","text/html; charset=UTF-8","540","service","","servico","yes","yes","","15","","tel:11913550533"
"fotodeperfilprofissional.com.br","https://fotodeperfilprofissional.com.br/retrato_corporativo_ale_fotografo_contato/","/retrato_corporativo_ale_fotografo_contato/","200","","https://fotodeperfilprofissional.com.br/retrato_corporativo_ale_fotografo_contato/","Retrato Corporativo - Alê Fotográfo","Retrato Corporativo - Alê Fotográfo entre em contato com o nosso atendimento e se surpreenda com o nosso trabalho. Solicite Orçamento Agora!","","index, follow, max-image-preview:large, max-snippet:-1, max-video-preview:-1","text/html; charset=UTF-8","414","contact","","contato","yes","yes","","17","","tel:11994838127"
"fotodeperfilprofissional.com.br","https://fotodeperfilprofissional.com.br/linktree/","/linktree/","200","","https://fotodeperfilprofissional.com.br/linktree/","Fale com Alê - Alê Fotográfo","Fale com Alê e tenha acesso ao especialista em Retratos Corporativos.","","index, follow, max-image-preview:large, max-snippet:-1, max-video-preview:-1","text/html; charset=UTF-8","32","other","","geral","yes","yes","","6","",""
"fotodeperfilprofissional.com.br","https://fotodeperfilprofissional.com.br/category/dica-de-fotografia/","/category/dica-de-fotografia/","200","","https://fotodeperfilprofissional.com.br/category/dica-de-fotografia/","Arquivo de Dica de Fotografia - Alê Fotografo","","","index, follow, max-image-preview:large, max-snippet:-1, max-video-preview:-1","text/html; charset=UTF-8","287","service","","servico","yes","yes","","28","","tel:11913550533"
"fotodeperfilprofissional.com.br","https://fotodeperfilprofissional.com.br/category/dicas-do-ale-fotografo/","/category/dicas-do-ale-fotografo/","200","","https://fotodeperfilprofissional.com.br/category/dicas-do-ale-fotografo/","Arquivo de Dicas do Alê Fotógrafo - Alê Fotografo","","","index, follow, max-image-preview:large, max-snippet:-1, max-video-preview:-1","text/html; charset=UTF-8","288","service","","servico","yes","yes","","28","","tel:11913550533"
