url_a,domain_a,url_b,domain_b,similarity_score,similarity_method,similarity_band,risk,recommended_owner,recommended_action
"https://www.alefotografo.com.br/depoimentos","alefotografo.com.br","https://alefotografos.com.br/depoimentos","alefotografos.com.br","98% (cos=0.983 jac=0.921)","tfidf-cosine+shingle-jaccard","MUITO ALTA","HIGH","","MANUAL REVIEW"
"https://www.alefotografo.com.br/contato","alefotografo.com.br","https://alefotografos.com.br/contato","alefotografos.com.br","91% (cos=0.911 jac=0.805)","tfidf-cosine+shingle-jaccard","MUITO ALTA","HIGH","","MANUAL REVIEW"
"https://www.alefotografo.com.br/foto-profissional","alefotografo.com.br","https://alefotografos.com.br/foto-profissional","alefotografos.com.br","88% (cos=0.785 jac=0.876)","tfidf-cosine+shingle-jaccard","MUITO ALTA","HIGH","","MANUAL REVIEW"
"https://www.alefotografo.com.br/fotografo-corporativo","alefotografo.com.br","https://alefotografos.com.br/fotografo-corporativo","alefotografos.com.br","84% (cos=0.843 jac=0.696)","tfidf-cosine+shingle-jaccard","MUITO ALTA","HIGH","","MANUAL REVIEW"
"https://www.alefotografo.com.br/fotos-corporativas","alefotografo.com.br","https://alefotografos.com.br/fotos-corporativas","alefotografos.com.br","84% (cos=0.768 jac=0.84)","tfidf-cosine+shingle-jaccard","MUITO ALTA","HIGH","","MANUAL REVIEW"
"https://www.alefotografo.com.br/foto-profissional-para-linkedin","alefotografo.com.br","https://alefotografos.com.br/foto-profissional-para-linkedin","alefotografos.com.br","83% (cos=0.751 jac=0.83)","tfidf-cosine+shingle-jaccard","MUITO ALTA","HIGH","","MANUAL REVIEW"
"https://www.alefotografo.com.br/fotografia-para-clinicas","alefotografo.com.br","https://alefotografos.com.br/fotografia-para-clinicas","alefotografos.com.br","83% (cos=0.819 jac=0.828)","tfidf-cosine+shingle-jaccard","MUITO ALTA","HIGH","","MANUAL REVIEW"
"https://www.alefotografo.com.br/quem-e-o-ale","alefotografo.com.br","https://alefotografos.com.br/quem-e-o-ale","alefotografos.com.br","83% (cos=0.662 jac=0.826)","tfidf-cosine+shingle-jaccard","MUITO ALTA","HIGH","","MANUAL REVIEW"
"https://www.alefotografo.com.br/fotografia-executiva","alefotografo.com.br","https://alefotografos.com.br/fotografia-executiva","alefotografos.com.br","82% (cos=0.819 jac=0.752)","tfidf-cosine+shingle-jaccard","MUITO ALTA","HIGH","","MANUAL REVIEW"
"https://www.alefotografo.com.br/fotos-profissionais-medicos","alefotografo.com.br","https://alefotografos.com.br/fotos-profissionais-medicos","alefotografos.com.br","81% (cos=0.81 jac=0.75)","tfidf-cosine+shingle-jaccard","MUITO ALTA","HIGH","","MANUAL REVIEW"
"https://www.alefotografo.com.br/fotografia-para-advogados","alefotografo.com.br","https://alefotografos.com.br/fotografia-para-advogados","alefotografos.com.br","81% (cos=0.808 jac=0.761)","tfidf-cosine+shingle-jaccard","MUITO ALTA","HIGH","","MANUAL REVIEW"
"https://www.alefotografo.com.br/fotografo-empresarial","alefotografo.com.br","https://alefotografos.com.br/fotografo-empresarial","alefotografos.com.br","81% (cos=0.805 jac=0.777)","tfidf-cosine+shingle-jaccard","MUITO ALTA","HIGH","","MANUAL REVIEW"
"https://www.alefotografo.com.br/videos","alefotografo.com.br","https://alefotografos.com.br/videos","alefotografos.com.br","78% (cos=0.586 jac=0.784)","tfidf-cosine+shingle-jaccard","ALTA","HIGH","","MANUAL REVIEW"
"https://www.alefotografo.com.br/fotografo-de-feira-de-negocios","alefotografo.com.br","https://alefotografos.com.br/fotografo-de-feira-de-negocios","alefotografos.com.br","77% (cos=0.772 jac=0.646)","tfidf-cosine+shingle-jaccard","ALTA","HIGH","","MANUAL REVIEW"
"https://www.alefotografo.com.br/eventos-corporativos","alefotografo.com.br","https://alefotografos.com.br/eventos-corporativos","alefotografos.com.br","72% (cos=0.717 jac=0.613)","tfidf-cosine+shingle-jaccard","ALTA","HIGH","","MANUAL REVIEW"
"https://www.alefotografo.com.br/faq","alefotografo.com.br","https://alefotografos.com.br/faq","alefotografos.com.br","72% (cos=0.491 jac=0.717)","tfidf-cosine+shingle-jaccard","ALTA","HIGH","","MANUAL REVIEW"
"https://www.alefotografo.com.br/servicos","alefotografo.com.br","https://alefotografos.com.br/fotografo-corporativo","alefotografos.com.br","68% (cos=0.676 jac=0.617)","tfidf-cosine+shingle-jaccard","ALTA","HIGH","","MANUAL REVIEW"
"https://www.alefotografo.com.br/fotografo-corporativo/fotografia-para-escritorios-de-advocacia","alefotografo.com.br","https://alefotografos.com.br/fotografo-corporativo/fotografia-para-escritorios-de-advocacia","alefotografos.com.br","64% (cos=0.639 jac=0.597)","tfidf-cosine+shingle-jaccard","ALTA","HIGH","","MANUAL REVIEW"
"https://www.alefotografo.com.br/","alefotografo.com.br","https://alefotografos.com.br/faq","alefotografos.com.br","61% (cos=0.287 jac=0.613)","tfidf-cosine+shingle-jaccard","ALTA","HIGH","","MANUAL REVIEW"
"https://www.alefotografo.com.br/fotos-corporativas","alefotografo.com.br","https://alefotografos.com.br/fotografo-corporativo","alefotografos.com.br","61% (cos=0.439 jac=0.612)","tfidf-cosine+shingle-jaccard","ALTA","HIGH","","MANUAL REVIEW"
"https://www.alefotografo.com.br/sobre","alefotografo.com.br","https://alefotografos.com.br/fotografo-corporativo","alefotografos.com.br","61% (cos=0.413 jac=0.608)","tfidf-cosine+shingle-jaccard","ALTA","HIGH","","MANUAL REVIEW"
"https://www.alefotografo.com.br/fotografo-corporativo","alefotografo.com.br","https://alefotografos.com.br/fotos-corporativas","alefotografos.com.br","58% (cos=0.569 jac=0.583)","tfidf-cosine+shingle-jaccard","MEDIA","MEDIUM","","MANUAL REVIEW"
"https://www.alefotografo.com.br/servicos","alefotografo.com.br","https://alefotografos.com.br/fotos-corporativas","alefotografos.com.br","57% (cos=0.574 jac=0.505)","tfidf-cosine+shingle-jaccard","MEDIA","MEDIUM","","MANUAL REVIEW"
"https://www.alefotografo.com.br/fotografo-corporativo","alefotografo.com.br","https://alefotografos.com.br/sobre","alefotografos.com.br","57% (cos=0.457 jac=0.57)","tfidf-cosine+shingle-jaccard","MEDIA","MEDIUM","","MANUAL REVIEW"
"https://www.alefotografo.com.br/portfolio","alefotografo.com.br","https://alefotografos.com.br/fotografo-corporativo","alefotografos.com.br","57% (cos=0.575 jac=0.524)","tfidf-cosine+shingle-jaccard","MEDIA","MEDIUM","","MANUAL REVIEW"
"https://www.alefotografo.com.br/blog","alefotografo.com.br","https://alefotografos.com.br/blog","alefotografos.com.br","57% (cos=0.143 jac=0.567)","tfidf-cosine+shingle-jaccard","MEDIA","MEDIUM","","MANUAL REVIEW"
"https://www.alefotografo.com.br/","alefotografo.com.br","https://alefotografos.com.br/blog","alefotografos.com.br","56% (cos=0.186 jac=0.556)","tfidf-cosine+shingle-jaccard","MEDIA","MEDIUM","","MANUAL REVIEW"
"https://www.alefotografo.com.br/servicos","alefotografo.com.br","https://alefotografos.com.br/blog","alefotografos.com.br","56% (cos=0.376 jac=0.556)","tfidf-cosine+shingle-jaccard","MEDIA","MEDIUM","","MANUAL REVIEW"
"https://www.alefotografo.com.br/fotografo-corporativo","alefotografo.com.br","https://alefotografos.com.br/blog","alefotografos.com.br","56% (cos=0.393 jac=0.556)","tfidf-cosine+shingle-jaccard","MEDIA","MEDIUM","","MANUAL REVIEW"
"https://www.alefotografo.com.br/fotos-corporativas","alefotografo.com.br","https://alefotografos.com.br/blog","alefotografos.com.br","56% (cos=0.271 jac=0.562)","tfidf-cosine+shingle-jaccard","MEDIA","MEDIUM","","MANUAL REVIEW"
"https://www.alefotografo.com.br/foto-profissional","alefotografo.com.br","https://alefotografos.com.br/blog","alefotografos.com.br","56% (cos=0.196 jac=0.556)","tfidf-cosine+shingle-jaccard","MEDIA","MEDIUM","","MANUAL REVIEW"
"https://www.alefotografo.com.br/foto-profissional-para-linkedin","alefotografo.com.br","https://alefotografos.com.br/blog","alefotografos.com.br","56% (cos=0.196 jac=0.556)","tfidf-cosine+shingle-jaccard","MEDIA","MEDIUM","","MANUAL REVIEW"
"https://www.alefotografo.com.br/fotografia-para-clinicas","alefotografo.com.br","https://alefotografos.com.br/blog","alefotografos.com.br","56% (cos=0.213 jac=0.556)","tfidf-cosine+shingle-jaccard","MEDIA","MEDIUM","","MANUAL REVIEW"
"https://www.alefotografo.com.br/fotografia-executiva","alefotografo.com.br","https://alefotografos.com.br/blog","alefotografos.com.br","56% (cos=0.211 jac=0.556)","tfidf-cosine+shingle-jaccard","MEDIA","MEDIUM","","MANUAL REVIEW"
"https://www.alefotografo.com.br/fotos-profissionais-medicos","alefotografo.com.br","https://alefotografos.com.br/blog","alefotografos.com.br","56% (cos=0.202 jac=0.556)","tfidf-cosine+shingle-jaccard","MEDIA","MEDIUM","","MANUAL REVIEW"
"https://www.alefotografo.com.br/fotografia-para-advogados","alefotografo.com.br","https://alefotografos.com.br/blog","alefotografos.com.br","56% (cos=0.231 jac=0.556)","tfidf-cosine+shingle-jaccard","MEDIA","MEDIUM","","MANUAL REVIEW"
"https://www.alefotografo.com.br/eventos-corporativos","alefotografo.com.br","https://alefotografos.com.br/blog","alefotografos.com.br","56% (cos=0.205 jac=0.556)","tfidf-cosine+shingle-jaccard","MEDIA","MEDIUM","","MANUAL REVIEW"
"https://www.alefotografo.com.br/fotografo-empresarial","alefotografo.com.br","https://alefotografos.com.br/blog","alefotografos.com.br","56% (cos=0.226 jac=0.562)","tfidf-cosine+shingle-jaccard","MEDIA","MEDIUM","","MANUAL REVIEW"
"https://www.alefotografo.com.br/fotografo-de-feira-de-negocios","alefotografo.com.br","https://alefotografos.com.br/blog","alefotografos.com.br","56% (cos=0.192 jac=0.556)","tfidf-cosine+shingle-jaccard","MEDIA","MEDIUM","","MANUAL REVIEW"
"https://www.alefotografo.com.br/portfolio","alefotografo.com.br","https://alefotografos.com.br/blog","alefotografos.com.br","56% (cos=0.265 jac=0.556)","tfidf-cosine+shingle-jaccard","MEDIA","MEDIUM","","MANUAL REVIEW"
"https://www.alefotografo.com.br/videos","alefotografo.com.br","https://alefotografos.com.br/blog","alefotografos.com.br","56% (cos=0.16 jac=0.556)","tfidf-cosine+shingle-jaccard","MEDIA","MEDIUM","","MANUAL REVIEW"
"https://www.alefotografo.com.br/video-institucional","alefotografo.com.br","https://alefotografos.com.br/blog","alefotografos.com.br","56% (cos=0.207 jac=0.556)","tfidf-cosine+shingle-jaccard","MEDIA","MEDIUM","","MANUAL REVIEW"
"https://www.alefotografo.com.br/video-de-eventos-corporativos","alefotografo.com.br","https://alefotografos.com.br/blog","alefotografos.com.br","56% (cos=0.187 jac=0.556)","tfidf-cosine+shingle-jaccard","MEDIA","MEDIUM","","MANUAL REVIEW"
"https://www.alefotografo.com.br/video-para-feiras-e-stands","alefotografo.com.br","https://alefotografos.com.br/blog","alefotografos.com.br","56% (cos=0.204 jac=0.556)","tfidf-cosine+shingle-jaccard","MEDIA","MEDIUM","","MANUAL REVIEW"
"https://www.alefotografo.com.br/sobre","alefotografo.com.br","https://alefotografos.com.br/blog","alefotografos.com.br","56% (cos=0.265 jac=0.556)","tfidf-cosine+shingle-jaccard","MEDIA","MEDIUM","","MANUAL REVIEW"
"https://www.alefotografo.com.br/quem-e-o-ale","alefotografo.com.br","https://alefotografos.com.br/blog","alefotografos.com.br","56% (cos=0.255 jac=0.556)","tfidf-cosine+shingle-jaccard","MEDIA","MEDIUM","","MANUAL REVIEW"
"https://www.alefotografo.com.br/depoimentos","alefotografo.com.br","https://alefotografos.com.br/blog","alefotografos.com.br","56% (cos=0.192 jac=0.556)","tfidf-cosine+shingle-jaccard","MEDIA","MEDIUM","","MANUAL REVIEW"
"https://www.alefotografo.com.br/faq","alefotografo.com.br","https://alefotografos.com.br/blog","alefotografos.com.br","56% (cos=0.229 jac=0.556)","tfidf-cosine+shingle-jaccard","MEDIA","MEDIUM","","MANUAL REVIEW"
"https://www.alefotografo.com.br/contato","alefotografo.com.br","https://alefotografos.com.br/blog","alefotografos.com.br","56% (cos=0.4 jac=0.562)","tfidf-cosine+shingle-jaccard","MEDIA","MEDIUM","","MANUAL REVIEW"
"https://www.alefotografo.com.br/fotografo-corporativo/fotografia-para-escritorios-de-advocacia","alefotografo.com.br","https://alefotografos.com.br/blog","alefotografos.com.br","56% (cos=0.314 jac=0.556)","tfidf-cosine+shingle-jaccard","MEDIA","MEDIUM","","MANUAL REVIEW"
"https://www.alefotografo.com.br/","alefotografo.com.br","https://alefotografos.com.br/contato","alefotografos.com.br","54% (cos=0.172 jac=0.541)","tfidf-cosine+shingle-jaccard","MEDIA","MEDIUM","","MANUAL REVIEW"
"https://www.alefotografo.com.br/servicos","alefotografo.com.br","https://alefotografos.com.br/contato","alefotografos.com.br","54% (cos=0.357 jac=0.535)","tfidf-cosine+shingle-jaccard","MEDIA","MEDIUM","","MANUAL REVIEW"
"https://www.alefotografo.com.br/fotografo-corporativo","alefotografo.com.br","https://alefotografos.com.br/contato","alefotografos.com.br","54% (cos=0.359 jac=0.535)","tfidf-cosine+shingle-jaccard","MEDIA","MEDIUM","","MANUAL REVIEW"
"https://www.alefotografo.com.br/fotos-corporativas","alefotografo.com.br","https://alefotografos.com.br/contato","alefotografos.com.br","54% (cos=0.258 jac=0.541)","tfidf-cosine+shingle-jaccard","MEDIA","MEDIUM","","MANUAL REVIEW"
"https://www.alefotografo.com.br/foto-profissional","alefotografo.com.br","https://alefotografos.com.br/contato","alefotografos.com.br","54% (cos=0.196 jac=0.535)","tfidf-cosine+shingle-jaccard","MEDIA","MEDIUM","","MANUAL REVIEW"
"https://www.alefotografo.com.br/foto-profissional-para-linkedin","alefotografo.com.br","https://alefotografos.com.br/contato","alefotografos.com.br","54% (cos=0.206 jac=0.535)","tfidf-cosine+shingle-jaccard","MEDIA","MEDIUM","","MANUAL REVIEW"
"https://www.alefotografo.com.br/fotografia-para-clinicas","alefotografo.com.br","https://alefotografos.com.br/contato","alefotografos.com.br","54% (cos=0.215 jac=0.535)","tfidf-cosine+shingle-jaccard","MEDIA","MEDIUM","","MANUAL REVIEW"
"https://www.alefotografo.com.br/fotografia-executiva","alefotografo.com.br","https://alefotografos.com.br/contato","alefotografos.com.br","54% (cos=0.216 jac=0.535)","tfidf-cosine+shingle-jaccard","MEDIA","MEDIUM","","MANUAL REVIEW"
"https://www.alefotografo.com.br/fotos-profissionais-medicos","alefotografo.com.br","https://alefotografos.com.br/contato","alefotografos.com.br","54% (cos=0.205 jac=0.535)","tfidf-cosine+shingle-jaccard","MEDIA","MEDIUM","","MANUAL REVIEW"
"https://www.alefotografo.com.br/fotografia-para-advogados","alefotografo.com.br","https://alefotografos.com.br/contato","alefotografos.com.br","54% (cos=0.216 jac=0.535)","tfidf-cosine+shingle-jaccard","MEDIA","MEDIUM","","MANUAL REVIEW"
"https://www.alefotografo.com.br/eventos-corporativos","alefotografo.com.br","https://alefotografos.com.br/contato","alefotografos.com.br","54% (cos=0.201 jac=0.535)","tfidf-cosine+shingle-jaccard","MEDIA","MEDIUM","","MANUAL REVIEW"
"https://www.alefotografo.com.br/fotografo-empresarial","alefotografo.com.br","https://alefotografos.com.br/contato","alefotografos.com.br","54% (cos=0.226 jac=0.541)","tfidf-cosine+shingle-jaccard","MEDIA","MEDIUM","","MANUAL REVIEW"
"https://www.alefotografo.com.br/fotografo-de-feira-de-negocios","alefotografo.com.br","https://alefotografos.com.br/contato","alefotografos.com.br","54% (cos=0.185 jac=0.535)","tfidf-cosine+shingle-jaccard","MEDIA","MEDIUM","","MANUAL REVIEW"
"https://www.alefotografo.com.br/portfolio","alefotografo.com.br","https://alefotografos.com.br/contato","alefotografos.com.br","54% (cos=0.251 jac=0.535)","tfidf-cosine+shingle-jaccard","MEDIA","MEDIUM","","MANUAL REVIEW"
"https://www.alefotografo.com.br/videos","alefotografo.com.br","https://alefotografos.com.br/contato","alefotografos.com.br","54% (cos=0.156 jac=0.535)","tfidf-cosine+shingle-jaccard","MEDIA","MEDIUM","","MANUAL REVIEW"
"https://www.alefotografo.com.br/video-institucional","alefotografo.com.br","https://alefotografos.com.br/contato","alefotografos.com.br","54% (cos=0.231 jac=0.535)","tfidf-cosine+shingle-jaccard","MEDIA","MEDIUM","","MANUAL REVIEW"
"https://www.alefotografo.com.br/video-de-eventos-corporativos","alefotografo.com.br","https://alefotografos.com.br/contato","alefotografos.com.br","54% (cos=0.184 jac=0.535)","tfidf-cosine+shingle-jaccard","MEDIA","MEDIUM","","MANUAL REVIEW"
"https://www.alefotografo.com.br/video-para-feiras-e-stands","alefotografo.com.br","https://alefotografos.com.br/contato","alefotografos.com.br","54% (cos=0.207 jac=0.535)","tfidf-cosine+shingle-jaccard","MEDIA","MEDIUM","","MANUAL REVIEW"
"https://www.alefotografo.com.br/blog","alefotografo.com.br","https://alefotografos.com.br/contato","alefotografos.com.br","54% (cos=0.091 jac=0.535)","tfidf-cosine+shingle-jaccard","MEDIA","MEDIUM","","MANUAL REVIEW"
"https://www.alefotografo.com.br/sobre","alefotografo.com.br","https://alefotografos.com.br/contato","alefotografos.com.br","54% (cos=0.248 jac=0.535)","tfidf-cosine+shingle-jaccard","MEDIA","MEDIUM","","MANUAL REVIEW"
"https://www.alefotografo.com.br/quem-e-o-ale","alefotografo.com.br","https://alefotografos.com.br/contato","alefotografos.com.br","54% (cos=0.243 jac=0.535)","tfidf-cosine+shingle-jaccard","MEDIA","MEDIUM","","MANUAL REVIEW"
"https://www.alefotografo.com.br/depoimentos","alefotografo.com.br","https://alefotografos.com.br/contato","alefotografos.com.br","54% (cos=0.164 jac=0.541)","tfidf-cosine+shingle-jaccard","MEDIA","MEDIUM","","MANUAL REVIEW"
"https://www.alefotografo.com.br/faq","alefotografo.com.br","https://alefotografos.com.br/contato","alefotografos.com.br","54% (cos=0.235 jac=0.535)","tfidf-cosine+shingle-jaccard","MEDIA","MEDIUM","","MANUAL REVIEW"
"https://www.alefotografo.com.br/fotografo-corporativo/fotografia-para-escritorios-de-advocacia","alefotografo.com.br","https://alefotografos.com.br/contato","alefotografos.com.br","54% (cos=0.293 jac=0.535)","tfidf-cosine+shingle-jaccard","MEDIA","MEDIUM","","MANUAL REVIEW"
"https://www.alefotografo.com.br/fotografo-corporativo/fotografia-para-escritorios-de-advocacia","alefotografo.com.br","https://alefotografos.com.br/fotografo-corporativo/retratos-de-medicas","alefotografos.com.br","53% (cos=0.526 jac=0.406)","tfidf-cosine+shingle-jaccard","MEDIA","MEDIUM","","MANUAL REVIEW"
"https://www.alefotografo.com.br/fotografo-corporativo/fotografia-para-escritorios-de-advocacia","alefotografo.com.br","https://alefotografos.com.br/fotografo-corporativo/retratos-de-medicos","alefotografos.com.br","51% (cos=0.514 jac=0.399)","tfidf-cosine+shingle-jaccard","MEDIA","MEDIUM","","MANUAL REVIEW"
"https://www.alefotografo.com.br/foto-profissional","alefotografo.com.br","https://alefotografos.com.br/faq","alefotografos.com.br","50% (cos=0.327 jac=0.496)","tfidf-cosine+shingle-jaccard","MEDIA","MEDIUM","","MANUAL REVIEW"
"https://www.alefotografo.com.br/portfolio","alefotografo.com.br","https://alefotografos.com.br/fotos-corporativas","alefotografos.com.br","50% (cos=0.497 jac=0.283)","tfidf-cosine+shingle-jaccard","MEDIA","MEDIUM","","MANUAL REVIEW"
"https://www.alefotografo.com.br/contato","alefotografo.com.br","https://alefotografos.com.br/fotos-corporativas","alefotografos.com.br","50% (cos=0.318 jac=0.495)","tfidf-cosine+shingle-jaccard","MEDIA","MEDIUM","","MANUAL REVIEW"
"https://www.alefotografo.com.br/fotografo-corporativo/fotografia-para-escritorios-de-advocacia","alefotografo.com.br","https://alefotografos.com.br/fotografo-corporativo/ensaio-feminino","alefotografos.com.br","50% (cos=0.505 jac=0.399)","tfidf-cosine+shingle-jaccard","MEDIA","MEDIUM","","MANUAL REVIEW"
"https://www.alefotografo.com.br/fotografo-corporativo/fotografia-para-escritorios-de-advocacia","alefotografo.com.br","https://alefotografos.com.br/fotografo-corporativo/retrato-corporativo","alefotografos.com.br","50% (cos=0.501 jac=0.392)","tfidf-cosine+shingle-jaccard","MEDIA","MEDIUM","","MANUAL REVIEW"
"https://www.alefotografo.com.br/fotografo-corporativo/fotografia-para-escritorios-de-advocacia","alefotografo.com.br","https://alefotografos.com.br/fotografo-corporativo/fotos-para-clinicas-medicas","alefotografos.com.br","50% (cos=0.502 jac=0.406)","tfidf-cosine+shingle-jaccard","MEDIA","MEDIUM","","MANUAL REVIEW"
"https://www.alefotografo.com.br/servicos","alefotografo.com.br","https://alefotografos.com.br/sobre","alefotografos.com.br","49% (cos=0.455 jac=0.488)","tfidf-cosine+shingle-jaccard","MEDIA","MEDIUM","","MANUAL REVIEW"
"https://www.alefotografo.com.br/fotografia-para-advogados","alefotografo.com.br","https://alefotografos.com.br/fotografia-executiva","alefotografos.com.br","49% (cos=0.491 jac=0.324)","tfidf-cosine+shingle-jaccard","MEDIA","MEDIUM","","MANUAL REVIEW"
"https://www.alefotografo.com.br/quem-e-o-ale","alefotografo.com.br","https://alefotografos.com.br/fotografo-corporativo","alefotografos.com.br","49% (cos=0.262 jac=0.489)","tfidf-cosine+shingle-jaccard","MEDIA","MEDIUM","","MANUAL REVIEW"
"https://www.alefotografo.com.br/contato","alefotografo.com.br","https://alefotografos.com.br/foto-profissional","alefotografos.com.br","49% (cos=0.254 jac=0.486)","tfidf-cosine+shingle-jaccard","MEDIA","MEDIUM","","MANUAL REVIEW"
"https://www.alefotografo.com.br/contato","alefotografo.com.br","https://alefotografos.com.br/fotografia-executiva","alefotografos.com.br","49% (cos=0.282 jac=0.486)","tfidf-cosine+shingle-jaccard","MEDIA","MEDIUM","","MANUAL REVIEW"
"https://www.alefotografo.com.br/contato","alefotografo.com.br","https://alefotografos.com.br/fotos-profissionais-medicos","alefotografos.com.br","49% (cos=0.25 jac=0.486)","tfidf-cosine+shingle-jaccard","MEDIA","MEDIUM","","MANUAL REVIEW"
"https://www.alefotografo.com.br/contato","alefotografo.com.br","https://alefotografos.com.br/fotografia-para-advogados","alefotografos.com.br","49% (cos=0.278 jac=0.486)","tfidf-cosine+shingle-jaccard","MEDIA","MEDIUM","","MANUAL REVIEW"
"https://www.alefotografo.com.br/contato","alefotografo.com.br","https://alefotografos.com.br/videos","alefotografos.com.br","49% (cos=0.272 jac=0.49)","tfidf-cosine+shingle-jaccard","MEDIA","MEDIUM","","MANUAL REVIEW"
"https://www.alefotografo.com.br/contato","alefotografo.com.br","https://alefotografos.com.br/faq","alefotografos.com.br","49% (cos=0.399 jac=0.486)","tfidf-cosine+shingle-jaccard","MEDIA","MEDIUM","","MANUAL REVIEW"
"https://www.alefotografo.com.br/fotografo-corporativo","alefotografo.com.br","https://alefotografos.com.br/fotografo-corporativo/ensaio-feminino","alefotografos.com.br","48% (cos=0.482 jac=0.43)","tfidf-cosine+shingle-jaccard","MEDIA","MEDIUM","","MANUAL REVIEW"
"https://www.alefotografo.com.br/videos","alefotografo.com.br","https://fotografoale.com.br/videos-corporativos","fotografoale.com.br","48% (cos=0.477 jac=0.198)","tfidf-cosine+shingle-jaccard","MEDIA","MEDIUM","","MANUAL REVIEW"
"https://www.alefotografo.com.br/contato","alefotografo.com.br","https://alefotografos.com.br/","alefotografos.com.br","48% (cos=0.209 jac=0.481)","tfidf-cosine+shingle-jaccard","MEDIA","MEDIUM","","MANUAL REVIEW"
"https://www.alefotografo.com.br/contato","alefotografo.com.br","https://alefotografos.com.br/fotografo-corporativo","alefotografos.com.br","48% (cos=0.371 jac=0.481)","tfidf-cosine+shingle-jaccard","MEDIA","MEDIUM","","MANUAL REVIEW"
"https://www.alefotografo.com.br/contato","alefotografo.com.br","https://alefotografos.com.br/foto-profissional-para-linkedin","alefotografos.com.br","48% (cos=0.253 jac=0.476)","tfidf-cosine+shingle-jaccard","MEDIA","MEDIUM","","MANUAL REVIEW"
"https://www.alefotografo.com.br/contato","alefotografo.com.br","https://alefotografos.com.br/fotografia-para-clinicas","alefotografos.com.br","48% (cos=0.239 jac=0.476)","tfidf-cosine+shingle-jaccard","MEDIA","MEDIUM","","MANUAL REVIEW"
"https://www.alefotografo.com.br/contato","alefotografo.com.br","https://alefotografos.com.br/eventos-corporativos","alefotografos.com.br","48% (cos=0.24 jac=0.481)","tfidf-cosine+shingle-jaccard","MEDIA","MEDIUM","","MANUAL REVIEW"
"https://www.alefotografo.com.br/contato","alefotografo.com.br","https://alefotografos.com.br/fotografo-empresarial","alefotografos.com.br","48% (cos=0.265 jac=0.481)","tfidf-cosine+shingle-jaccard","MEDIA","MEDIUM","","MANUAL REVIEW"
"https://www.alefotografo.com.br/contato","alefotografo.com.br","https://alefotografos.com.br/fotografo-de-feira-de-negocios","alefotografos.com.br","48% (cos=0.236 jac=0.481)","tfidf-cosine+shingle-jaccard","MEDIA","MEDIUM","","MANUAL REVIEW"
"https://www.alefotografo.com.br/contato","alefotografo.com.br","https://alefotografos.com.br/sobre","alefotografos.com.br","48% (cos=0.298 jac=0.481)","tfidf-cosine+shingle-jaccard","MEDIA","MEDIUM","","MANUAL REVIEW"
"https://www.alefotografo.com.br/contato","alefotografo.com.br","https://alefotografos.com.br/quem-e-o-ale","alefotografos.com.br","48% (cos=0.336 jac=0.481)","tfidf-cosine+shingle-jaccard","MEDIA","MEDIUM","","MANUAL REVIEW"
"https://www.alefotografo.com.br/contato","alefotografo.com.br","https://alefotografos.com.br/depoimentos","alefotografos.com.br","48% (cos=0.162 jac=0.481)","tfidf-cosine+shingle-jaccard","MEDIA","MEDIUM","","MANUAL REVIEW"
"https://www.alefotografo.com.br/contato","alefotografo.com.br","https://alefotografos.com.br/fotografo-corporativo/fotografia-para-escritorios-de-advocacia","alefotografos.com.br","48% (cos=0.339 jac=0.481)","tfidf-cosine+shingle-jaccard","MEDIA","MEDIUM","","MANUAL REVIEW"
"https://www.alefotografo.com.br/contato","alefotografo.com.br","https://alefotografos.com.br/fotografo-corporativo/ensaio-feminino","alefotografos.com.br","48% (cos=0.362 jac=0.481)","tfidf-cosine+shingle-jaccard","MEDIA","MEDIUM","","MANUAL REVIEW"
"https://www.alefotografo.com.br/contato","alefotografo.com.br","https://alefotografos.com.br/fotografo-corporativo/retrato-corporativo","alefotografos.com.br","48% (cos=0.375 jac=0.481)","tfidf-cosine+shingle-jaccard","MEDIA","MEDIUM","","MANUAL REVIEW"
"https://www.alefotografo.com.br/contato","alefotografo.com.br","https://alefotografos.com.br/fotografo-corporativo/retratos-de-medicos","alefotografos.com.br","48% (cos=0.355 jac=0.481)","tfidf-cosine+shingle-jaccard","MEDIA","MEDIUM","","MANUAL REVIEW"
"https://www.alefotografo.com.br/contato","alefotografo.com.br","https://alefotografos.com.br/fotografo-corporativo/retratos-de-medicas","alefotografos.com.br","48% (cos=0.359 jac=0.481)","tfidf-cosine+shingle-jaccard","MEDIA","MEDIUM","","MANUAL REVIEW"
"https://www.alefotografo.com.br/contato","alefotografo.com.br","https://alefotografos.com.br/fotografo-corporativo/fotos-para-clinicas-medicas","alefotografos.com.br","48% (cos=0.344 jac=0.481)","tfidf-cosine+shingle-jaccard","MEDIA","MEDIUM","","MANUAL REVIEW"
"https://www.alefotografo.com.br/servicos","alefotografo.com.br","https://alefotografos.com.br/fotografo-corporativo/ensaio-feminino","alefotografos.com.br","47% (cos=0.468 jac=0.37)","tfidf-cosine+shingle-jaccard","MEDIA","MEDIUM","","MANUAL REVIEW"
"https://www.alefotografo.com.br/fotografia-executiva","alefotografo.com.br","https://alefotografos.com.br/fotografia-para-advogados","alefotografos.com.br","47% (cos=0.472 jac=0.34)","tfidf-cosine+shingle-jaccard","MEDIA","MEDIUM","","MANUAL REVIEW"
"https://alefotografos.com.br/videos","alefotografos.com.br","https://videoscorporativos.com.br/","videoscorporativos.com.br","47% (cos=0.468 jac=0.335)","tfidf-cosine+shingle-jaccard","MEDIA","MEDIUM","","MANUAL REVIEW"
"https://www.alefotografo.com.br/eventos-corporativos","alefotografo.com.br","https://alefotografos.com.br/faq","alefotografos.com.br","46% (cos=0.271 jac=0.457)","tfidf-cosine+shingle-jaccard","MEDIA","MEDIUM","","MANUAL REVIEW"
"https://www.alefotografo.com.br/fotografo-empresarial","alefotografo.com.br","https://alefotografos.com.br/fotografo-corporativo","alefotografos.com.br","46% (cos=0.25 jac=0.463)","tfidf-cosine+shingle-jaccard","MEDIA","MEDIUM","","MANUAL REVIEW"
"https://www.alefotografo.com.br/","alefotografo.com.br","https://alefotografos.com.br/fotografo-corporativo","alefotografos.com.br","45% (cos=0.197 jac=0.454)","tfidf-cosine+shingle-jaccard","MEDIA","MEDIUM","","MANUAL REVIEW"
"https://www.alefotografo.com.br/servicos","alefotografo.com.br","https://alefotografos.com.br/fotografo-corporativo/retrato-corporativo","alefotografos.com.br","45% (cos=0.451 jac=0.354)","tfidf-cosine+shingle-jaccard","MEDIA","MEDIUM","","MANUAL REVIEW"
"https://www.alefotografo.com.br/servicos","alefotografo.com.br","https://alefotografos.com.br/fotografo-corporativo/retratos-de-medicas","alefotografos.com.br","45% (cos=0.451 jac=0.347)","tfidf-cosine+shingle-jaccard","MEDIA","MEDIUM","","MANUAL REVIEW"
"https://www.alefotografo.com.br/fotografo-corporativo","alefotografo.com.br","https://alefotografos.com.br/quem-e-o-ale","alefotografos.com.br","45% (cos=0.347 jac=0.455)","tfidf-cosine+shingle-jaccard","MEDIA","MEDIUM","","MANUAL REVIEW"
"https://www.alefotografo.com.br/fotografo-corporativo","alefotografo.com.br","https://alefotografos.com.br/fotografo-corporativo/fotografia-para-escritorios-de-advocacia","alefotografos.com.br","45% (cos=0.447 jac=0.434)","tfidf-cosine+shingle-jaccard","MEDIA","MEDIUM","","MANUAL REVIEW"
"https://www.alefotografo.com.br/fotografo-corporativo","alefotografo.com.br","https://alefotografos.com.br/fotografo-corporativo/retrato-corporativo","alefotografos.com.br","45% (cos=0.451 jac=0.426)","tfidf-cosine+shingle-jaccard","MEDIA","MEDIUM","","MANUAL REVIEW"
"https://www.alefotografo.com.br/fotografo-corporativo","alefotografo.com.br","https://alefotografos.com.br/fotografo-corporativo/retratos-de-medicas","alefotografos.com.br","45% (cos=0.45 jac=0.417)","tfidf-cosine+shingle-jaccard","MEDIA","MEDIUM","","MANUAL REVIEW"
"https://www.alefotografo.com.br/foto-profissional","alefotografo.com.br","https://alefotografos.com.br/fotografo-corporativo","alefotografos.com.br","45% (cos=0.195 jac=0.449)","tfidf-cosine+shingle-jaccard","MEDIA","MEDIUM","","MANUAL REVIEW"
"https://www.alefotografo.com.br/fotografia-para-clinicas","alefotografo.com.br","https://alefotografos.com.br/fotografo-corporativo","alefotografos.com.br","45% (cos=0.238 jac=0.449)","tfidf-cosine+shingle-jaccard","MEDIA","MEDIUM","","MANUAL REVIEW"
"https://www.alefotografo.com.br/fotografia-executiva","alefotografo.com.br","https://alefotografos.com.br/fotografo-corporativo","alefotografos.com.br","45% (cos=0.22 jac=0.449)","tfidf-cosine+shingle-jaccard","MEDIA","MEDIUM","","MANUAL REVIEW"
"https://www.alefotografo.com.br/fotografia-executiva","alefotografo.com.br","https://alefotografos.com.br/fotografo-empresarial","alefotografos.com.br","45% (cos=0.453 jac=0.31)","tfidf-cosine+shingle-jaccard","MEDIA","MEDIUM","","MANUAL REVIEW"
"https://www.alefotografo.com.br/fotografia-executiva","alefotografo.com.br","https://alefotografos.com.br/faq","alefotografos.com.br","45% (cos=0.317 jac=0.452)","tfidf-cosine+shingle-jaccard","MEDIA","MEDIUM","","MANUAL REVIEW"
"https://www.alefotografo.com.br/fotos-profissionais-medicos","alefotografo.com.br","https://alefotografos.com.br/fotografo-corporativo","alefotografos.com.br","45% (cos=0.243 jac=0.454)","tfidf-cosine+shingle-jaccard","MEDIA","MEDIUM","","MANUAL REVIEW"
"https://www.alefotografo.com.br/fotos-profissionais-medicos","alefotografo.com.br","https://alefotografos.com.br/faq","alefotografos.com.br","45% (cos=0.284 jac=0.448)","tfidf-cosine+shingle-jaccard","MEDIA","MEDIUM","","MANUAL REVIEW"
"https://www.alefotografo.com.br/fotografia-para-advogados","alefotografo.com.br","https://alefotografos.com.br/fotografo-corporativo","alefotografos.com.br","45% (cos=0.26 jac=0.454)","tfidf-cosine+shingle-jaccard","MEDIA","MEDIUM","","MANUAL REVIEW"
"https://www.alefotografo.com.br/fotografia-para-advogados","alefotografo.com.br","https://alefotografos.com.br/faq","alefotografos.com.br","45% (cos=0.303 jac=0.452)","tfidf-cosine+shingle-jaccard","MEDIA","MEDIUM","","MANUAL REVIEW"
"https://www.alefotografo.com.br/eventos-corporativos","alefotografo.com.br","https://alefotografos.com.br/fotografo-corporativo","alefotografos.com.br","45% (cos=0.233 jac=0.454)","tfidf-cosine+shingle-jaccard","MEDIA","MEDIUM","","MANUAL REVIEW"
"https://www.alefotografo.com.br/fotografo-empresarial","alefotografo.com.br","https://alefotografos.com.br/fotografia-executiva","alefotografos.com.br","45% (cos=0.452 jac=0.334)","tfidf-cosine+shingle-jaccard","MEDIA","MEDIUM","","MANUAL REVIEW"
"https://www.alefotografo.com.br/fotografo-empresarial","alefotografo.com.br","https://alefotografos.com.br/faq","alefotografos.com.br","45% (cos=0.3 jac=0.448)","tfidf-cosine+shingle-jaccard","MEDIA","MEDIUM","","MANUAL REVIEW"
"https://www.alefotografo.com.br/fotografo-de-feira-de-negocios","alefotografo.com.br","https://alefotografos.com.br/fotografo-corporativo","alefotografos.com.br","45% (cos=0.206 jac=0.454)","tfidf-cosine+shingle-jaccard","MEDIA","MEDIUM","","MANUAL REVIEW"
"https://www.alefotografo.com.br/videos","alefotografo.com.br","https://alefotografos.com.br/fotografo-corporativo","alefotografos.com.br","45% (cos=0.166 jac=0.449)","tfidf-cosine+shingle-jaccard","MEDIA","MEDIUM","","MANUAL REVIEW"
"https://www.alefotografo.com.br/video-institucional","alefotografo.com.br","https://alefotografos.com.br/fotografo-corporativo","alefotografos.com.br","45% (cos=0.196 jac=0.449)","tfidf-cosine+shingle-jaccard","MEDIA","MEDIUM","","MANUAL REVIEW"
"https://www.alefotografo.com.br/video-de-eventos-corporativos","alefotografo.com.br","https://alefotografos.com.br/fotografo-corporativo","alefotografos.com.br","45% (cos=0.172 jac=0.449)","tfidf-cosine+shingle-jaccard","MEDIA","MEDIUM","","MANUAL REVIEW"
"https://www.alefotografo.com.br/video-para-feiras-e-stands","alefotografo.com.br","https://alefotografos.com.br/fotografo-corporativo","alefotografos.com.br","45% (cos=0.186 jac=0.449)","tfidf-cosine+shingle-jaccard","MEDIA","MEDIUM","","MANUAL REVIEW"
"https://www.alefotografo.com.br/sobre","alefotografo.com.br","https://alefotografos.com.br/sobre","alefotografos.com.br","45% (cos=0.404 jac=0.445)","tfidf-cosine+shingle-jaccard","MEDIA","MEDIUM","","MANUAL REVIEW"
"https://www.alefotografo.com.br/faq","alefotografo.com.br","https://alefotografos.com.br/fotografo-corporativo","alefotografos.com.br","45% (cos=0.234 jac=0.449)","tfidf-cosine+shingle-jaccard","MEDIA","MEDIUM","","MANUAL REVIEW"
"https://www.alefotografo.com.br/fotografo-corporativo/fotografia-para-escritorios-de-advocacia","alefotografo.com.br","https://alefotografos.com.br/fotografo-corporativo","alefotografos.com.br","45% (cos=0.392 jac=0.449)","tfidf-cosine+shingle-jaccard","MEDIA","MEDIUM","","MANUAL REVIEW"
"https://www.alefotografo.com.br/servicos","alefotografo.com.br","https://alefotografos.com.br/faq","alefotografos.com.br","44% (cos=0.377 jac=0.443)","tfidf-cosine+shingle-jaccard","MEDIA","MEDIUM","","MANUAL REVIEW"
"https://www.alefotografo.com.br/servicos","alefotografo.com.br","https://alefotografos.com.br/fotografo-corporativo/fotografia-para-escritorios-de-advocacia","alefotografos.com.br","44% (cos=0.439 jac=0.357)","tfidf-cosine+shingle-jaccard","MEDIA","MEDIUM","","MANUAL REVIEW"
"https://www.alefotografo.com.br/fotografo-corporativo","alefotografo.com.br","https://alefotografos.com.br/faq","alefotografos.com.br","44% (cos=0.38 jac=0.443)","tfidf-cosine+shingle-jaccard","MEDIA","MEDIUM","","MANUAL REVIEW"
"https://www.alefotografo.com.br/fotos-corporativas","alefotografo.com.br","https://alefotografos.com.br/faq","alefotografos.com.br","44% (cos=0.328 jac=0.443)","tfidf-cosine+shingle-jaccard","MEDIA","MEDIUM","","MANUAL REVIEW"
"https://www.alefotografo.com.br/foto-profissional","alefotografo.com.br","https://alefotografos.com.br/fotografia-executiva","alefotografos.com.br","44% (cos=0.44 jac=0.221)","tfidf-cosine+shingle-jaccard","MEDIA","MEDIUM","","MANUAL REVIEW"
"https://www.alefotografo.com.br/foto-profissional-para-linkedin","alefotografo.com.br","https://alefotografos.com.br/fotografo-corporativo","alefotografos.com.br","44% (cos=0.194 jac=0.441)","tfidf-cosine+shingle-jaccard","MEDIA","MEDIUM","","MANUAL REVIEW"
"https://www.alefotografo.com.br/foto-profissional-para-linkedin","alefotografo.com.br","https://alefotografos.com.br/faq","alefotografos.com.br","44% (cos=0.279 jac=0.439)","tfidf-cosine+shingle-jaccard","MEDIA","MEDIUM","","MANUAL REVIEW"
"https://www.alefotografo.com.br/fotografia-para-clinicas","alefotografo.com.br","https://alefotografos.com.br/faq","alefotografos.com.br","44% (cos=0.259 jac=0.439)","tfidf-cosine+shingle-jaccard","MEDIA","MEDIUM","","MANUAL REVIEW"
"https://www.alefotografo.com.br/fotografia-executiva","alefotografo.com.br","https://alefotografos.com.br/foto-profissional","alefotografos.com.br","44% (cos=0.444 jac=0.308)","tfidf-cosine+shingle-jaccard","MEDIA","MEDIUM","","MANUAL REVIEW"
"https://www.alefotografo.com.br/fotografo-de-feira-de-negocios","alefotografo.com.br","https://alefotografos.com.br/faq","alefotografos.com.br","44% (cos=0.25 jac=0.443)","tfidf-cosine+shingle-jaccard","MEDIA","MEDIUM","","MANUAL REVIEW"
"https://www.alefotografo.com.br/portfolio","alefotografo.com.br","https://alefotografos.com.br/faq","alefotografos.com.br","44% (cos=0.266 jac=0.439)","tfidf-cosine+shingle-jaccard","MEDIA","MEDIUM","","MANUAL REVIEW"
"https://www.alefotografo.com.br/videos","alefotografo.com.br","https://alefotografos.com.br/faq","alefotografos.com.br","44% (cos=0.171 jac=0.439)","tfidf-cosine+shingle-jaccard","MEDIA","MEDIUM","","MANUAL REVIEW"
"https://www.alefotografo.com.br/video-institucional","alefotografo.com.br","https://alefotografos.com.br/faq","alefotografos.com.br","44% (cos=0.243 jac=0.443)","tfidf-cosine+shingle-jaccard","MEDIA","MEDIUM","","MANUAL REVIEW"
"https://www.alefotografo.com.br/video-de-eventos-corporativos","alefotografo.com.br","https://alefotografos.com.br/faq","alefotografos.com.br","44% (cos=0.202 jac=0.443)","tfidf-cosine+shingle-jaccard","MEDIA","MEDIUM","","MANUAL REVIEW"
"https://www.alefotografo.com.br/video-para-feiras-e-stands","alefotografo.com.br","https://alefotografos.com.br/faq","alefotografos.com.br","44% (cos=0.223 jac=0.443)","tfidf-cosine+shingle-jaccard","MEDIA","MEDIUM","","MANUAL REVIEW"
"https://www.alefotografo.com.br/blog","alefotografo.com.br","https://alefotografos.com.br/fotografo-corporativo","alefotografos.com.br","44% (cos=0.119 jac=0.441)","tfidf-cosine+shingle-jaccard","MEDIA","MEDIUM","","MANUAL REVIEW"
"https://www.alefotografo.com.br/sobre","alefotografo.com.br","https://alefotografos.com.br/quem-e-o-ale","alefotografos.com.br","44% (cos=0.307 jac=0.436)","tfidf-cosine+shingle-jaccard","MEDIA","MEDIUM","","MANUAL REVIEW"
"https://www.alefotografo.com.br/depoimentos","alefotografo.com.br","https://alefotografos.com.br/fotografo-corporativo","alefotografos.com.br","44% (cos=0.169 jac=0.441)","tfidf-cosine+shingle-jaccard","MEDIA","MEDIUM","","MANUAL REVIEW"
"https://www.alefotografo.com.br/depoimentos","alefotografo.com.br","https://alefotografos.com.br/faq","alefotografos.com.br","44% (cos=0.171 jac=0.439)","tfidf-cosine+shingle-jaccard","MEDIA","MEDIUM","","MANUAL REVIEW"
"https://www.alefotografo.com.br/","alefotografo.com.br","https://alefotografos.com.br/","alefotografos.com.br","43% (cos=0.43 jac=0.253)","tfidf-cosine+shingle-jaccard","MEDIA","MEDIUM","","MANUAL REVIEW"
"https://www.alefotografo.com.br/servicos","alefotografo.com.br","https://alefotografos.com.br/fotografo-corporativo/retratos-de-medicos","alefotografos.com.br","43% (cos=0.425 jac=0.351)","tfidf-cosine+shingle-jaccard","MEDIA","MEDIUM","","MANUAL REVIEW"
"https://www.alefotografo.com.br/servicos","alefotografo.com.br","https://alefotografos.com.br/fotografo-corporativo/fotos-para-clinicas-medicas","alefotografos.com.br","43% (cos=0.428 jac=0.347)","tfidf-cosine+shingle-jaccard","MEDIA","MEDIUM","","MANUAL REVIEW"
"https://www.alefotografo.com.br/fotografo-corporativo","alefotografo.com.br","https://alefotografos.com.br/foto-profissional","alefotografos.com.br","43% (cos=0.263 jac=0.426)","tfidf-cosine+shingle-jaccard","MEDIA","MEDIUM","","MANUAL REVIEW"
"https://www.alefotografo.com.br/fotografo-corporativo","alefotografo.com.br","https://alefotografos.com.br/fotos-profissionais-medicos","alefotografos.com.br","43% (cos=0.291 jac=0.426)","tfidf-cosine+shingle-jaccard","MEDIA","MEDIUM","","MANUAL REVIEW"
"https://www.alefotografo.com.br/fotografo-corporativo","alefotografo.com.br","https://alefotografos.com.br/fotografia-para-advogados","alefotografos.com.br","43% (cos=0.314 jac=0.43)","tfidf-cosine+shingle-jaccard","MEDIA","MEDIUM","","MANUAL REVIEW"
"https://www.alefotografo.com.br/fotografo-corporativo","alefotografo.com.br","https://alefotografos.com.br/eventos-corporativos","alefotografos.com.br","43% (cos=0.262 jac=0.426)","tfidf-cosine+shingle-jaccard","MEDIA","MEDIUM","","MANUAL REVIEW"
"https://www.alefotografo.com.br/fotografo-corporativo","alefotografo.com.br","https://alefotografos.com.br/fotografo-empresarial","alefotografos.com.br","43% (cos=0.28 jac=0.426)","tfidf-cosine+shingle-jaccard","MEDIA","MEDIUM","","MANUAL REVIEW"
"https://www.alefotografo.com.br/fotografo-corporativo","alefotografo.com.br","https://alefotografos.com.br/fotografo-de-feira-de-negocios","alefotografos.com.br","43% (cos=0.238 jac=0.43)","tfidf-cosine+shingle-jaccard","MEDIA","MEDIUM","","MANUAL REVIEW"
"https://www.alefotografo.com.br/fotografo-corporativo","alefotografo.com.br","https://alefotografos.com.br/videos","alefotografos.com.br","43% (cos=0.263 jac=0.43)","tfidf-cosine+shingle-jaccard","MEDIA","MEDIUM","","MANUAL REVIEW"
"https://www.alefotografo.com.br/fotografo-corporativo","alefotografo.com.br","https://alefotografos.com.br/fotografo-corporativo/retratos-de-medicos","alefotografos.com.br","43% (cos=0.432 jac=0.421)","tfidf-cosine+shingle-jaccard","MEDIA","MEDIUM","","MANUAL REVIEW"
"https://www.alefotografo.com.br/blog","alefotografo.com.br","https://alefotografos.com.br/faq","alefotografos.com.br","43% (cos=0.107 jac=0.435)","tfidf-cosine+shingle-jaccard","MEDIA","MEDIUM","","MANUAL REVIEW"
"https://www.alefotografo.com.br/sobre","alefotografo.com.br","https://alefotografos.com.br/faq","alefotografos.com.br","43% (cos=0.252 jac=0.435)","tfidf-cosine+shingle-jaccard","MEDIA","MEDIUM","","MANUAL REVIEW"
"https://www.alefotografo.com.br/quem-e-o-ale","alefotografo.com.br","https://alefotografos.com.br/faq","alefotografos.com.br","43% (cos=0.225 jac=0.435)","tfidf-cosine+shingle-jaccard","MEDIA","MEDIUM","","MANUAL REVIEW"
"https://www.alefotografo.com.br/faq","alefotografo.com.br","https://alefotografos.com.br/fotografia-executiva","alefotografos.com.br","43% (cos=0.43 jac=0.204)","tfidf-cosine+shingle-jaccard","MEDIA","MEDIUM","","MANUAL REVIEW"
"https://www.alefotografo.com.br/fotografo-corporativo/fotografia-para-escritorios-de-advocacia","alefotografo.com.br","https://alefotografos.com.br/fotografia-para-advogados","alefotografos.com.br","43% (cos=0.35 jac=0.428)","tfidf-cosine+shingle-jaccard","MEDIA","MEDIUM","","MANUAL REVIEW"
"https://www.alefotografo.com.br/fotografo-corporativo/fotografia-para-escritorios-de-advocacia","alefotografo.com.br","https://alefotografos.com.br/faq","alefotografos.com.br","43% (cos=0.294 jac=0.435)","tfidf-cosine+shingle-jaccard","MEDIA","MEDIUM","","MANUAL REVIEW"
"https://www.alefotografo.com.br/","alefotografo.com.br","https://alefotografos.com.br/depoimentos","alefotografos.com.br","42% (cos=0.293 jac=0.419)","tfidf-cosine+shingle-jaccard","MEDIA","MEDIUM","","MANUAL REVIEW"
"https://www.alefotografo.com.br/servicos","alefotografo.com.br","https://alefotografos.com.br/quem-e-o-ale","alefotografos.com.br","42% (cos=0.341 jac=0.421)","tfidf-cosine+shingle-jaccard","MEDIA","MEDIUM","","MANUAL REVIEW"
"https://www.alefotografo.com.br/fotografo-corporativo","alefotografo.com.br","https://alefotografos.com.br/","alefotografos.com.br","42% (cos=0.284 jac=0.421)","tfidf-cosine+shingle-jaccard","MEDIA","MEDIUM","","MANUAL REVIEW"
"https://www.alefotografo.com.br/fotografo-corporativo","alefotografo.com.br","https://alefotografos.com.br/fotografia-para-clinicas","alefotografos.com.br","42% (cos=0.271 jac=0.421)","tfidf-cosine+shingle-jaccard","MEDIA","MEDIUM","","MANUAL REVIEW"
"https://www.alefotografo.com.br/fotografo-corporativo","alefotografo.com.br","https://alefotografos.com.br/fotografia-executiva","alefotografos.com.br","42% (cos=0.274 jac=0.421)","tfidf-cosine+shingle-jaccard","MEDIA","MEDIUM","","MANUAL REVIEW"
"https://www.alefotografo.com.br/fotografo-corporativo","alefotografo.com.br","https://alefotografos.com.br/fotografo-corporativo/fotos-para-clinicas-medicas","alefotografos.com.br","42% (cos=0.422 jac=0.417)","tfidf-cosine+shingle-jaccard","MEDIA","MEDIUM","","MANUAL REVIEW"
"https://www.alefotografo.com.br/fotos-corporativas","alefotografo.com.br","https://alefotografos.com.br/sobre","alefotografos.com.br","42% (cos=0.361 jac=0.416)","tfidf-cosine+shingle-jaccard","MEDIA","MEDIUM","","MANUAL REVIEW"
"https://www.alefotografo.com.br/fotos-corporativas","alefotografo.com.br","https://alefotografos.com.br/quem-e-o-ale","alefotografos.com.br","42% (cos=0.248 jac=0.425)","tfidf-cosine+shingle-jaccard","MEDIA","MEDIUM","","MANUAL REVIEW"
"https://www.alefotografo.com.br/fotografia-para-advogados","alefotografo.com.br","https://alefotografos.com.br/fotografo-empresarial","alefotografos.com.br","42% (cos=0.423 jac=0.293)","tfidf-cosine+shingle-jaccard","MEDIA","MEDIUM","","MANUAL REVIEW"
"https://www.alefotografo.com.br/eventos-corporativos","alefotografo.com.br","https://alefotografos.com.br/fotografo-de-feira-de-negocios","alefotografos.com.br","42% (cos=0.421 jac=0.297)","tfidf-cosine+shingle-jaccard","MEDIA","MEDIUM","","MANUAL REVIEW"
"https://www.alefotografo.com.br/fotografo-empresarial","alefotografo.com.br","https://alefotografos.com.br/fotografia-para-advogados","alefotografos.com.br","42% (cos=0.416 jac=0.321)","tfidf-cosine+shingle-jaccard","MEDIA","MEDIUM","","MANUAL REVIEW"
"https://www.alefotografo.com.br/fotografo-corporativo","alefotografo.com.br","https://alefotografos.com.br/foto-profissional-para-linkedin","alefotografos.com.br","41% (cos=0.235 jac=0.409)","tfidf-cosine+shingle-jaccard","MEDIA","MEDIUM","","MANUAL REVIEW"
"https://www.alefotografo.com.br/fotografo-corporativo","alefotografo.com.br","https://alefotografos.com.br/depoimentos","alefotografos.com.br","41% (cos=0.149 jac=0.409)","tfidf-cosine+shingle-jaccard","MEDIA","MEDIUM","","MANUAL REVIEW"
"https://www.alefotografo.com.br/fotografia-para-clinicas","alefotografo.com.br","https://alefotografos.com.br/fotos-profissionais-medicos","alefotografos.com.br","41% (cos=0.413 jac=0.185)","tfidf-cosine+shingle-jaccard","MEDIA","MEDIUM","","MANUAL REVIEW"
"https://www.alefotografo.com.br/fotografia-executiva","alefotografo.com.br","https://alefotografos.com.br/fotografo-corporativo/retrato-corporativo","alefotografos.com.br","41% (cos=0.347 jac=0.414)","tfidf-cosine+shingle-jaccard","MEDIA","MEDIUM","","MANUAL REVIEW"
"https://www.alefotografo.com.br/fotos-profissionais-medicos","alefotografo.com.br","https://alefotografos.com.br/fotografo-corporativo/retratos-de-medicas","alefotografos.com.br","41% (cos=0.348 jac=0.406)","tfidf-cosine+shingle-jaccard","MEDIA","MEDIUM","","MANUAL REVIEW"
"https://www.alefotografo.com.br/fotografia-para-advogados","alefotografo.com.br","https://alefotografos.com.br/fotografo-corporativo/retrato-corporativo","alefotografos.com.br","41% (cos=0.338 jac=0.407)","tfidf-cosine+shingle-jaccard","MEDIA","MEDIUM","","MANUAL REVIEW"
"https://www.alefotografo.com.br/fotografia-para-advogados","alefotografo.com.br","https://alefotografos.com.br/fotografo-corporativo/fotografia-para-escritorios-de-advocacia","alefotografos.com.br","40% (cos=0.351 jac=0.395)","tfidf-cosine+shingle-jaccard","MEDIA","MEDIUM","","MANUAL REVIEW"
"https://www.alefotografo.com.br/fotografia-para-advogados","alefotografo.com.br","https://alefotografos.com.br/fotografo-corporativo/ensaio-feminino","alefotografos.com.br","40% (cos=0.313 jac=0.402)","tfidf-cosine+shingle-jaccard","MEDIA","MEDIUM","","MANUAL REVIEW"
"https://www.alefotografo.com.br/eventos-corporativos","alefotografo.com.br","https://alefotografos.com.br/fotografia-executiva","alefotografos.com.br","40% (cos=0.399 jac=0.29)","tfidf-cosine+shingle-jaccard","MEDIA","MEDIUM","","MANUAL REVIEW"
"https://www.alefotografo.com.br/eventos-corporativos","alefotografo.com.br","https://alefotografos.com.br/fotografo-corporativo/ensaio-feminino","alefotografos.com.br","40% (cos=0.293 jac=0.402)","tfidf-cosine+shingle-jaccard","MEDIA","MEDIUM","","MANUAL REVIEW"
"https://www.alefotografo.com.br/fotografo-empresarial","alefotografo.com.br","https://alefotografos.com.br/fotografo-corporativo/ensaio-feminino","alefotografos.com.br","40% (cos=0.318 jac=0.399)","tfidf-cosine+shingle-jaccard","MEDIA","MEDIUM","","MANUAL REVIEW"
"https://www.alefotografo.com.br/fotografo-de-feira-de-negocios","alefotografo.com.br","https://alefotografos.com.br/eventos-corporativos","alefotografos.com.br","40% (cos=0.4 jac=0.312)","tfidf-cosine+shingle-jaccard","MEDIA","MEDIUM","","MANUAL REVIEW"
"https://www.alefotografo.com.br/fotografo-de-feira-de-negocios","alefotografo.com.br","https://alefotografos.com.br/fotografo-corporativo/ensaio-feminino","alefotografos.com.br","40% (cos=0.255 jac=0.395)","tfidf-cosine+shingle-jaccard","MEDIA","MEDIUM","","MANUAL REVIEW"
"https://www.alefotografo.com.br/portfolio","alefotografo.com.br","https://alefotografos.com.br/quem-e-o-ale","alefotografos.com.br","40% (cos=0.255 jac=0.398)","tfidf-cosine+shingle-jaccard","MEDIA","MEDIUM","","MANUAL REVIEW"
"https://www.alefotografo.com.br/quem-e-o-ale","alefotografo.com.br","https://alefotografos.com.br/sobre","alefotografos.com.br","40% (cos=0.321 jac=0.405)","tfidf-cosine+shingle-jaccard","MEDIA","MEDIUM","","MANUAL REVIEW"
"https://www.alefotografo.com.br/fotografo-corporativo/fotografia-para-escritorios-de-advocacia","alefotografo.com.br","https://alefotografos.com.br/fotos-profissionais-medicos","alefotografos.com.br","40% (cos=0.302 jac=0.403)","tfidf-cosine+shingle-jaccard","MEDIA","MEDIUM","","MANUAL REVIEW"
"https://www.alefotografo.com.br/fotografo-corporativo/fotografia-para-escritorios-de-advocacia","alefotografo.com.br","https://alefotografos.com.br/eventos-corporativos","alefotografos.com.br","40% (cos=0.226 jac=0.396)","tfidf-cosine+shingle-jaccard","MEDIA","MEDIUM","","MANUAL REVIEW"
"https://www.alefotografo.com.br/fotografo-corporativo/fotografia-para-escritorios-de-advocacia","alefotografo.com.br","https://alefotografos.com.br/quem-e-o-ale","alefotografos.com.br","40% (cos=0.343 jac=0.398)","tfidf-cosine+shingle-jaccard","MEDIA","MEDIUM","","MANUAL REVIEW"
"https://www.alefotografo.com.br/","alefotografo.com.br","https://alefotografos.com.br/quem-e-o-ale","alefotografos.com.br","39% (cos=0.239 jac=0.386)","tfidf-cosine+shingle-jaccard","MEDIA","MEDIUM","","MANUAL REVIEW"
"https://www.alefotografo.com.br/fotos-corporativas","alefotografo.com.br","https://alefotografos.com.br/fotografo-empresarial","alefotografos.com.br","39% (cos=0.388 jac=0.175)","tfidf-cosine+shingle-jaccard","MEDIA","MEDIUM","","MANUAL REVIEW"
"https://www.alefotografo.com.br/fotos-corporativas","alefotografo.com.br","https://alefotografos.com.br/fotografo-corporativo/ensaio-feminino","alefotografos.com.br","39% (cos=0.371 jac=0.391)","tfidf-cosine+shingle-jaccard","MEDIA","MEDIUM","","MANUAL REVIEW"
"https://www.alefotografo.com.br/foto-profissional","alefotografo.com.br","https://alefotografos.com.br/quem-e-o-ale","alefotografos.com.br","39% (cos=0.185 jac=0.394)","tfidf-cosine+shingle-jaccard","MEDIA","MEDIUM","","MANUAL REVIEW"
"https://www.alefotografo.com.br/foto-profissional-para-linkedin","alefotografo.com.br","https://alefotografos.com.br/quem-e-o-ale","alefotografos.com.br","39% (cos=0.171 jac=0.39)","tfidf-cosine+shingle-jaccard","MEDIA","MEDIUM","","MANUAL REVIEW"
"https://www.alefotografo.com.br/fotografia-para-clinicas","alefotografo.com.br","https://alefotografos.com.br/quem-e-o-ale","alefotografos.com.br","39% (cos=0.206 jac=0.39)","tfidf-cosine+shingle-jaccard","MEDIA","MEDIUM","","MANUAL REVIEW"
"https://www.alefotografo.com.br/fotografia-executiva","alefotografo.com.br","https://alefotografos.com.br/quem-e-o-ale","alefotografos.com.br","39% (cos=0.198 jac=0.39)","tfidf-cosine+shingle-jaccard","MEDIA","MEDIUM","","MANUAL REVIEW"
"https://www.alefotografo.com.br/fotografia-executiva","alefotografo.com.br","https://alefotografos.com.br/fotografo-corporativo/ensaio-feminino","alefotografos.com.br","39% (cos=0.304 jac=0.391)","tfidf-cosine+shingle-jaccard","MEDIA","MEDIUM","","MANUAL REVIEW"
"https://www.alefotografo.com.br/fotos-profissionais-medicos","alefotografo.com.br","https://alefotografos.com.br/fotografia-para-clinicas","alefotografos.com.br","39% (cos=0.388 jac=0.198)","tfidf-cosine+shingle-jaccard","MEDIA","MEDIUM","","MANUAL REVIEW"
"https://www.alefotografo.com.br/fotos-profissionais-medicos","alefotografo.com.br","https://alefotografos.com.br/quem-e-o-ale","alefotografos.com.br","39% (cos=0.216 jac=0.394)","tfidf-cosine+shingle-jaccard","MEDIA","MEDIUM","","MANUAL REVIEW"
"https://www.alefotografo.com.br/fotos-profissionais-medicos","alefotografo.com.br","https://alefotografos.com.br/fotografo-corporativo/fotografia-para-escritorios-de-advocacia","alefotografos.com.br","39% (cos=0.323 jac=0.389)","tfidf-cosine+shingle-jaccard","MEDIA","MEDIUM","","MANUAL REVIEW"
"https://www.alefotografo.com.br/fotos-profissionais-medicos","alefotografo.com.br","https://alefotografos.com.br/fotografo-corporativo/ensaio-feminino","alefotografos.com.br","39% (cos=0.305 jac=0.391)","tfidf-cosine+shingle-jaccard","MEDIA","MEDIUM","","MANUAL REVIEW"
"https://www.alefotografo.com.br/fotos-profissionais-medicos","alefotografo.com.br","https://alefotografos.com.br/fotografo-corporativo/fotos-para-clinicas-medicas","alefotografos.com.br","39% (cos=0.383 jac=0.393)","tfidf-cosine+shingle-jaccard","MEDIA","MEDIUM","","MANUAL REVIEW"
"https://www.alefotografo.com.br/fotografia-para-advogados","alefotografo.com.br","https://alefotografos.com.br/quem-e-o-ale","alefotografos.com.br","39% (cos=0.234 jac=0.386)","tfidf-cosine+shingle-jaccard","MEDIA","MEDIUM","","MANUAL REVIEW"
"https://www.alefotografo.com.br/eventos-corporativos","alefotografo.com.br","https://alefotografos.com.br/quem-e-o-ale","alefotografos.com.br","39% (cos=0.195 jac=0.386)","tfidf-cosine+shingle-jaccard","MEDIA","MEDIUM","","MANUAL REVIEW"
"https://www.alefotografo.com.br/eventos-corporativos","alefotografo.com.br","https://alefotografos.com.br/fotografo-corporativo/retrato-corporativo","alefotografos.com.br","39% (cos=0.309 jac=0.386)","tfidf-cosine+shingle-jaccard","MEDIA","MEDIUM","","MANUAL REVIEW"
"https://www.alefotografo.com.br/fotografo-empresarial","alefotografo.com.br","https://alefotografos.com.br/quem-e-o-ale","alefotografos.com.br","39% (cos=0.202 jac=0.39)","tfidf-cosine+shingle-jaccard","MEDIA","MEDIUM","","MANUAL REVIEW"
"https://www.alefotografo.com.br/fotografo-empresarial","alefotografo.com.br","https://alefotografos.com.br/fotografo-corporativo/retrato-corporativo","alefotografos.com.br","39% (cos=0.341 jac=0.393)","tfidf-cosine+shingle-jaccard","MEDIA","MEDIUM","","MANUAL REVIEW"
"https://www.alefotografo.com.br/fotografo-de-feira-de-negocios","alefotografo.com.br","https://alefotografos.com.br/quem-e-o-ale","alefotografos.com.br","39% (cos=0.178 jac=0.386)","tfidf-cosine+shingle-jaccard","MEDIA","MEDIUM","","MANUAL REVIEW"
"https://www.alefotografo.com.br/fotografo-de-feira-de-negocios","alefotografo.com.br","https://alefotografos.com.br/fotografo-corporativo/retrato-corporativo","alefotografos.com.br","39% (cos=0.285 jac=0.393)","tfidf-cosine+shingle-jaccard","MEDIA","MEDIUM","","MANUAL REVIEW"
"https://www.alefotografo.com.br/portfolio","alefotografo.com.br","https://alefotografos.com.br/sobre","alefotografos.com.br","39% (cos=0.392 jac=0.335)","tfidf-cosine+shingle-jaccard","MEDIA","MEDIUM","","MANUAL REVIEW"
"https://www.alefotografo.com.br/videos","alefotografo.com.br","https://alefotografos.com.br/quem-e-o-ale","alefotografos.com.br","39% (cos=0.144 jac=0.386)","tfidf-cosine+shingle-jaccard","MEDIA","MEDIUM","","MANUAL REVIEW"
"https://www.alefotografo.com.br/video-institucional","alefotografo.com.br","https://alefotografos.com.br/quem-e-o-ale","alefotografos.com.br","39% (cos=0.239 jac=0.386)","tfidf-cosine+shingle-jaccard","MEDIA","MEDIUM","","MANUAL REVIEW"
"https://www.alefotografo.com.br/video-de-eventos-corporativos","alefotografo.com.br","https://alefotografos.com.br/quem-e-o-ale","alefotografos.com.br","39% (cos=0.179 jac=0.386)","tfidf-cosine+shingle-jaccard","MEDIA","MEDIUM","","MANUAL REVIEW"
"https://www.alefotografo.com.br/video-para-feiras-e-stands","alefotografo.com.br","https://alefotografos.com.br/quem-e-o-ale","alefotografos.com.br","39% (cos=0.205 jac=0.386)","tfidf-cosine+shingle-jaccard","MEDIA","MEDIUM","","MANUAL REVIEW"
"https://www.alefotografo.com.br/blog","alefotografo.com.br","https://alefotografos.com.br/quem-e-o-ale","alefotografos.com.br","39% (cos=0.131 jac=0.394)","tfidf-cosine+shingle-jaccard","MEDIA","MEDIUM","","MANUAL REVIEW"
"https://www.alefotografo.com.br/sobre","alefotografo.com.br","https://alefotografos.com.br/fotos-corporativas","alefotografos.com.br","39% (cos=0.39 jac=0.389)","tfidf-cosine+shingle-jaccard","MEDIA","MEDIUM","","MANUAL REVIEW"
"https://www.alefotografo.com.br/depoimentos","alefotografo.com.br","https://alefotografos.com.br/quem-e-o-ale","alefotografos.com.br","39% (cos=0.171 jac=0.386)","tfidf-cosine+shingle-jaccard","MEDIA","MEDIUM","","MANUAL REVIEW"
"https://www.alefotografo.com.br/faq","alefotografo.com.br","https://alefotografos.com.br/quem-e-o-ale","alefotografos.com.br","39% (cos=0.197 jac=0.386)","tfidf-cosine+shingle-jaccard","MEDIA","MEDIUM","","MANUAL REVIEW"
"https://www.alefotografo.com.br/fotografo-corporativo/fotografia-para-escritorios-de-advocacia","alefotografo.com.br","https://alefotografos.com.br/fotografia-executiva","alefotografos.com.br","39% (cos=0.269 jac=0.392)","tfidf-cosine+shingle-jaccard","MEDIA","MEDIUM","","MANUAL REVIEW"
"https://www.alefotografo.com.br/fotografo-corporativo/fotografia-para-escritorios-de-advocacia","alefotografo.com.br","https://alefotografos.com.br/fotografo-empresarial","alefotografos.com.br","39% (cos=0.258 jac=0.385)","tfidf-cosine+shingle-jaccard","MEDIA","MEDIUM","","MANUAL REVIEW"
"https://www.alefotografo.com.br/fotografo-corporativo/fotografia-para-escritorios-de-advocacia","alefotografo.com.br","https://alefotografos.com.br/fotografo-de-feira-de-negocios","alefotografos.com.br","39% (cos=0.218 jac=0.389)","tfidf-cosine+shingle-jaccard","MEDIA","MEDIUM","","MANUAL REVIEW"
"https://www.alefotografo.com.br/fotos-corporativas","alefotografo.com.br","https://alefotografos.com.br/fotografo-corporativo/retrato-corporativo","alefotografos.com.br","38% (cos=0.378 jac=0.369)","tfidf-cosine+shingle-jaccard","MEDIA","MEDIUM","","MANUAL REVIEW"
"https://www.alefotografo.com.br/fotos-profissionais-medicos","alefotografo.com.br","https://alefotografos.com.br/fotografia-executiva","alefotografos.com.br","38% (cos=0.385 jac=0.282)","tfidf-cosine+shingle-jaccard","MEDIA","MEDIUM","","MANUAL REVIEW"
"https://www.alefotografo.com.br/fotos-profissionais-medicos","alefotografo.com.br","https://alefotografos.com.br/fotografia-para-advogados","alefotografos.com.br","38% (cos=0.384 jac=0.3)","tfidf-cosine+shingle-jaccard","MEDIA","MEDIUM","","MANUAL REVIEW"
"https://www.alefotografo.com.br/fotos-profissionais-medicos","alefotografo.com.br","https://alefotografos.com.br/fotografo-corporativo/retrato-corporativo","alefotografos.com.br","38% (cos=0.325 jac=0.376)","tfidf-cosine+shingle-jaccard","MEDIA","MEDIUM","","MANUAL REVIEW"
"https://www.alefotografo.com.br/fotografia-para-advogados","alefotografo.com.br","https://alefotografos.com.br/fotos-profissionais-medicos","alefotografos.com.br","38% (cos=0.379 jac=0.299)","tfidf-cosine+shingle-jaccard","MEDIA","MEDIUM","","MANUAL REVIEW"
"https://www.alefotografo.com.br/fotografia-para-advogados","alefotografo.com.br","https://alefotografos.com.br/fotografo-corporativo/retratos-de-medicas","alefotografos.com.br","38% (cos=0.317 jac=0.383)","tfidf-cosine+shingle-jaccard","MEDIA","MEDIUM","","MANUAL REVIEW"
"https://www.alefotografo.com.br/eventos-corporativos","alefotografo.com.br","https://alefotografos.com.br/fotografo-corporativo/retratos-de-medicas","alefotografos.com.br","38% (cos=0.284 jac=0.376)","tfidf-cosine+shingle-jaccard","MEDIA","MEDIUM","","MANUAL REVIEW"
"https://www.alefotografo.com.br/fotografo-empresarial","alefotografo.com.br","https://alefotografos.com.br/fotografo-corporativo/retratos-de-medicas","alefotografos.com.br","38% (cos=0.309 jac=0.379)","tfidf-cosine+shingle-jaccard","MEDIA","MEDIUM","","MANUAL REVIEW"
"https://www.alefotografo.com.br/fotografo-de-feira-de-negocios","alefotografo.com.br","https://alefotografos.com.br/fotografo-corporativo/retratos-de-medicas","alefotografos.com.br","38% (cos=0.26 jac=0.376)","tfidf-cosine+shingle-jaccard","MEDIA","MEDIUM","","MANUAL REVIEW"
"https://www.alefotografo.com.br/portfolio","alefotografo.com.br","https://alefotografos.com.br/fotografo-corporativo/ensaio-feminino","alefotografos.com.br","38% (cos=0.363 jac=0.377)","tfidf-cosine+shingle-jaccard","MEDIA","MEDIUM","","MANUAL REVIEW"
"https://www.alefotografo.com.br/faq","alefotografo.com.br","https://alefotografos.com.br/foto-profissional","alefotografos.com.br","38% (cos=0.383 jac=0.277)","tfidf-cosine+shingle-jaccard","MEDIA","MEDIUM","","MANUAL REVIEW"
"https://www.alefotografo.com.br/fotos-corporativas","alefotografo.com.br","https://alefotografos.com.br/fotografo-corporativo/fotografia-para-escritorios-de-advocacia","alefotografos.com.br","37% (cos=0.352 jac=0.365)","tfidf-cosine+shingle-jaccard","MEDIA","MEDIUM","","MANUAL REVIEW"
"https://www.alefotografo.com.br/fotografia-para-clinicas","alefotografo.com.br","https://alefotografos.com.br/fotografo-corporativo/ensaio-feminino","alefotografos.com.br","37% (cos=0.258 jac=0.37)","tfidf-cosine+shingle-jaccard","MEDIA","MEDIUM","","MANUAL REVIEW"
"https://www.alefotografo.com.br/fotografia-executiva","alefotografo.com.br","https://alefotografos.com.br/fotos-profissionais-medicos","alefotografos.com.br","37% (cos=0.373 jac=0.288)","tfidf-cosine+shingle-jaccard","MEDIA","MEDIUM","","MANUAL REVIEW"
"https://www.alefotografo.com.br/fotografia-executiva","alefotografo.com.br","https://alefotografos.com.br/fotografo-corporativo/fotografia-para-escritorios-de-advocacia","alefotografos.com.br","37% (cos=0.286 jac=0.365)","tfidf-cosine+shingle-jaccard","MEDIA","MEDIUM","","MANUAL REVIEW"
"https://www.alefotografo.com.br/fotografia-executiva","alefotografo.com.br","https://alefotografos.com.br/fotografo-corporativo/retratos-de-medicas","alefotografos.com.br","37% (cos=0.301 jac=0.372)","tfidf-cosine+shingle-jaccard","MEDIA","MEDIUM","","MANUAL REVIEW"
"https://www.alefotografo.com.br/fotos-profissionais-medicos","alefotografo.com.br","https://alefotografos.com.br/fotografo-corporativo/retratos-de-medicos","alefotografos.com.br","37% (cos=0.353 jac=0.372)","tfidf-cosine+shingle-jaccard","MEDIA","MEDIUM","","MANUAL REVIEW"
"https://www.alefotografo.com.br/fotografia-para-advogados","alefotografo.com.br","https://alefotografos.com.br/fotografo-corporativo/retratos-de-medicos","alefotografos.com.br","37% (cos=0.314 jac=0.365)","tfidf-cosine+shingle-jaccard","MEDIA","MEDIUM","","MANUAL REVIEW"
"https://www.alefotografo.com.br/fotografia-para-advogados","alefotografo.com.br","https://alefotografos.com.br/fotografo-corporativo/fotos-para-clinicas-medicas","alefotografos.com.br","37% (cos=0.302 jac=0.367)","tfidf-cosine+shingle-jaccard","MEDIA","MEDIUM","","MANUAL REVIEW"
"https://www.alefotografo.com.br/eventos-corporativos","alefotografo.com.br","https://alefotografos.com.br/fotografo-corporativo/fotografia-para-escritorios-de-advocacia","alefotografos.com.br","37% (cos=0.268 jac=0.372)","tfidf-cosine+shingle-jaccard","MEDIA","MEDIUM","","MANUAL REVIEW"
"https://www.alefotografo.com.br/eventos-corporativos","alefotografo.com.br","https://alefotografos.com.br/fotografo-corporativo/retratos-de-medicos","alefotografos.com.br","37% (cos=0.272 jac=0.365)","tfidf-cosine+shingle-jaccard","MEDIA","MEDIUM","","MANUAL REVIEW"
"https://www.alefotografo.com.br/fotografo-empresarial","alefotografo.com.br","https://alefotografos.com.br/fotografo-corporativo/fotografia-para-escritorios-de-advocacia","alefotografos.com.br","37% (cos=0.304 jac=0.369)","tfidf-cosine+shingle-jaccard","MEDIA","MEDIUM","","MANUAL REVIEW"
"https://www.alefotografo.com.br/fotografo-empresarial","alefotografo.com.br","https://alefotografos.com.br/fotografo-corporativo/retratos-de-medicos","alefotografos.com.br","37% (cos=0.304 jac=0.372)","tfidf-cosine+shingle-jaccard","MEDIA","MEDIUM","","MANUAL REVIEW"
"https://www.alefotografo.com.br/fotografo-empresarial","alefotografo.com.br","https://alefotografos.com.br/fotografo-corporativo/fotos-para-clinicas-medicas","alefotografos.com.br","37% (cos=0.302 jac=0.367)","tfidf-cosine+shingle-jaccard","MEDIA","MEDIUM","","MANUAL REVIEW"
"https://www.alefotografo.com.br/fotografo-de-feira-de-negocios","alefotografo.com.br","https://alefotografos.com.br/fotografia-executiva","alefotografos.com.br","37% (cos=0.366 jac=0.297)","tfidf-cosine+shingle-jaccard","MEDIA","MEDIUM","","MANUAL REVIEW"
"https://www.alefotografo.com.br/fotografo-de-feira-de-negocios","alefotografo.com.br","https://alefotografos.com.br/fotografo-corporativo/fotografia-para-escritorios-de-advocacia","alefotografos.com.br","37% (cos=0.245 jac=0.365)","tfidf-cosine+shingle-jaccard","MEDIA","MEDIUM","","MANUAL REVIEW"
"https://www.alefotografo.com.br/fotografo-de-feira-de-negocios","alefotografo.com.br","https://alefotografos.com.br/fotografo-corporativo/retratos-de-medicos","alefotografos.com.br","37% (cos=0.252 jac=0.365)","tfidf-cosine+shingle-jaccard","MEDIA","MEDIUM","","MANUAL REVIEW"
"https://www.alefotografo.com.br/sobre","alefotografo.com.br","https://alefotografos.com.br/fotografo-corporativo/ensaio-feminino","alefotografos.com.br","37% (cos=0.331 jac=0.37)","tfidf-cosine+shingle-jaccard","MEDIA","MEDIUM","","MANUAL REVIEW"
"https://www.alefotografo.com.br/fotografo-corporativo/fotografia-para-escritorios-de-advocacia","alefotografo.com.br","https://alefotografos.com.br/fotos-corporativas","alefotografos.com.br","37% (cos=0.322 jac=0.371)","tfidf-cosine+shingle-jaccard","MEDIA","MEDIUM","","MANUAL REVIEW"
"https://www.alefotografo.com.br/","alefotografo.com.br","https://alefotografos.com.br/fotografo-corporativo/ensaio-feminino","alefotografos.com.br","36% (cos=0.236 jac=0.356)","tfidf-cosine+shingle-jaccard","MEDIA","MEDIUM","","MANUAL REVIEW"
"https://www.alefotografo.com.br/servicos","alefotografo.com.br","https://alefotografos.com.br/fotos-profissionais-medicos","alefotografos.com.br","36% (cos=0.325 jac=0.357)","tfidf-cosine+shingle-jaccard","MEDIA","MEDIUM","","MANUAL REVIEW"
"https://www.alefotografo.com.br/servicos","alefotografo.com.br","https://alefotografos.com.br/fotografia-para-advogados","alefotografos.com.br","36% (cos=0.352 jac=0.361)","tfidf-cosine+shingle-jaccard","MEDIA","MEDIUM","","MANUAL REVIEW"
"https://www.alefotografo.com.br/servicos","alefotografo.com.br","https://alefotografos.com.br/eventos-corporativos","alefotografos.com.br","36% (cos=0.313 jac=0.357)","tfidf-cosine+shingle-jaccard","MEDIA","MEDIUM","","MANUAL REVIEW"
"https://www.alefotografo.com.br/servicos","alefotografo.com.br","https://alefotografos.com.br/fotografo-empresarial","alefotografos.com.br","36% (cos=0.331 jac=0.357)","tfidf-cosine+shingle-jaccard","MEDIA","MEDIUM","","MANUAL REVIEW"
"https://www.alefotografo.com.br/servicos","alefotografo.com.br","https://alefotografos.com.br/fotografo-de-feira-de-negocios","alefotografos.com.br","36% (cos=0.278 jac=0.357)","tfidf-cosine+shingle-jaccard","MEDIA","MEDIUM","","MANUAL REVIEW"
"https://www.alefotografo.com.br/fotos-corporativas","alefotografo.com.br","https://alefotografos.com.br/fotografo-corporativo/retratos-de-medicos","alefotografos.com.br","36% (cos=0.35 jac=0.359)","tfidf-cosine+shingle-jaccard","MEDIA","MEDIUM","","MANUAL REVIEW"
"https://www.alefotografo.com.br/fotos-corporativas","alefotografo.com.br","https://alefotografos.com.br/fotografo-corporativo/retratos-de-medicas","alefotografos.com.br","36% (cos=0.36 jac=0.359)","tfidf-cosine+shingle-jaccard","MEDIA","MEDIUM","","MANUAL REVIEW"
"https://www.alefotografo.com.br/foto-profissional","alefotografo.com.br","https://alefotografos.com.br/foto-profissional-para-linkedin","alefotografos.com.br","36% (cos=0.362 jac=0.356)","tfidf-cosine+shingle-jaccard","MEDIA","MEDIUM","","MANUAL REVIEW"
"https://www.alefotografo.com.br/foto-profissional","alefotografo.com.br","https://alefotografos.com.br/fotografo-corporativo/ensaio-feminino","alefotografos.com.br","36% (cos=0.233 jac=0.356)","tfidf-cosine+shingle-jaccard","MEDIA","MEDIUM","","MANUAL REVIEW"
"https://www.alefotografo.com.br/foto-profissional-para-linkedin","alefotografo.com.br","https://alefotografos.com.br/fotografo-corporativo/ensaio-feminino","alefotografos.com.br","36% (cos=0.236 jac=0.356)","tfidf-cosine+shingle-jaccard","MEDIA","MEDIUM","","MANUAL REVIEW"
"https://www.alefotografo.com.br/fotografia-executiva","alefotografo.com.br","https://alefotografos.com.br/foto-profissional-para-linkedin","alefotografos.com.br","36% (cos=0.279 jac=0.356)","tfidf-cosine+shingle-jaccard","MEDIA","MEDIUM","","MANUAL REVIEW"
"https://www.alefotografo.com.br/fotografia-executiva","alefotografo.com.br","https://alefotografos.com.br/fotografo-corporativo/retratos-de-medicos","alefotografos.com.br","36% (cos=0.291 jac=0.359)","tfidf-cosine+shingle-jaccard","MEDIA","MEDIUM","","MANUAL REVIEW"
"https://www.alefotografo.com.br/fotografia-executiva","alefotografo.com.br","https://alefotografos.com.br/fotografo-corporativo/fotos-para-clinicas-medicas","alefotografos.com.br","36% (cos=0.284 jac=0.357)","tfidf-cosine+shingle-jaccard","MEDIA","MEDIUM","","MANUAL REVIEW"
"https://www.alefotografo.com.br/fotos-profissionais-medicos","alefotografo.com.br","https://alefotografos.com.br/fotografo-empresarial","alefotografos.com.br","36% (cos=0.364 jac=0.264)","tfidf-cosine+shingle-jaccard","MEDIA","MEDIUM","","MANUAL REVIEW"
"https://www.alefotografo.com.br/eventos-corporativos","alefotografo.com.br","https://alefotografos.com.br/fotografo-corporativo/fotos-para-clinicas-medicas","alefotografos.com.br","36% (cos=0.265 jac=0.364)","tfidf-cosine+shingle-jaccard","MEDIA","MEDIUM","","MANUAL REVIEW"
"https://www.alefotografo.com.br/fotografo-empresarial","alefotografo.com.br","https://alefotografos.com.br/fotos-corporativas","alefotografos.com.br","36% (cos=0.362 jac=0.26)","tfidf-cosine+shingle-jaccard","MEDIA","MEDIUM","","MANUAL REVIEW"
"https://www.alefotografo.com.br/fotografo-empresarial","alefotografo.com.br","https://alefotografos.com.br/fotos-profissionais-medicos","alefotografos.com.br","36% (cos=0.361 jac=0.285)","tfidf-cosine+shingle-jaccard","MEDIA","MEDIUM","","MANUAL REVIEW"
"https://www.alefotografo.com.br/fotografo-empresarial","alefotografo.com.br","https://alefotografos.com.br/fotografo-de-feira-de-negocios","alefotografos.com.br","36% (cos=0.363 jac=0.304)","tfidf-cosine+shingle-jaccard","MEDIA","MEDIUM","","MANUAL REVIEW"
"https://www.alefotografo.com.br/fotografo-de-feira-de-negocios","alefotografo.com.br","https://alefotografos.com.br/fotografo-empresarial","alefotografos.com.br","36% (cos=0.36 jac=0.304)","tfidf-cosine+shingle-jaccard","MEDIA","MEDIUM","","MANUAL REVIEW"
"https://www.alefotografo.com.br/fotografo-de-feira-de-negocios","alefotografo.com.br","https://alefotografos.com.br/fotografo-corporativo/fotos-para-clinicas-medicas","alefotografos.com.br","36% (cos=0.249 jac=0.364)","tfidf-cosine+shingle-jaccard","MEDIA","MEDIUM","","MANUAL REVIEW"
"https://www.alefotografo.com.br/videos","alefotografo.com.br","https://alefotografos.com.br/fotografo-corporativo/ensaio-feminino","alefotografos.com.br","36% (cos=0.185 jac=0.359)","tfidf-cosine+shingle-jaccard","MEDIA","MEDIUM","","MANUAL REVIEW"
"https://www.alefotografo.com.br/video-institucional","alefotografo.com.br","https://alefotografos.com.br/fotografo-corporativo/ensaio-feminino","alefotografos.com.br","36% (cos=0.241 jac=0.359)","tfidf-cosine+shingle-jaccard","MEDIA","MEDIUM","","MANUAL REVIEW"
"https://www.alefotografo.com.br/video-de-eventos-corporativos","alefotografo.com.br","https://alefotografos.com.br/fotografo-corporativo/ensaio-feminino","alefotografos.com.br","36% (cos=0.205 jac=0.356)","tfidf-cosine+shingle-jaccard","MEDIA","MEDIUM","","MANUAL REVIEW"
"https://www.alefotografo.com.br/video-para-feiras-e-stands","alefotografo.com.br","https://alefotografos.com.br/fotografo-corporativo/ensaio-feminino","alefotografos.com.br","36% (cos=0.224 jac=0.356)","tfidf-cosine+shingle-jaccard","MEDIA","MEDIUM","","MANUAL REVIEW"
"https://www.alefotografo.com.br/blog","alefotografo.com.br","https://alefotografos.com.br/fotografo-corporativo/ensaio-feminino","alefotografos.com.br","36% (cos=0.126 jac=0.359)","tfidf-cosine+shingle-jaccard","MEDIA","MEDIUM","","MANUAL REVIEW"
"https://www.alefotografo.com.br/quem-e-o-ale","alefotografo.com.br","https://alefotografos.com.br/fotografo-corporativo/ensaio-feminino","alefotografos.com.br","36% (cos=0.308 jac=0.359)","tfidf-cosine+shingle-jaccard","MEDIA","MEDIUM","","MANUAL REVIEW"
"https://www.alefotografo.com.br/depoimentos","alefotografo.com.br","https://alefotografos.com.br/fotografo-corporativo/ensaio-feminino","alefotografos.com.br","36% (cos=0.168 jac=0.356)","tfidf-cosine+shingle-jaccard","MEDIA","MEDIUM","","MANUAL REVIEW"
"https://www.alefotografo.com.br/faq","alefotografo.com.br","https://alefotografos.com.br/fotografia-para-advogados","alefotografos.com.br","36% (cos=0.36 jac=0.207)","tfidf-cosine+shingle-jaccard","MEDIA","MEDIUM","","MANUAL REVIEW"
"https://www.alefotografo.com.br/faq","alefotografo.com.br","https://alefotografos.com.br/fotografo-empresarial","alefotografos.com.br","36% (cos=0.364 jac=0.194)","tfidf-cosine+shingle-jaccard","MEDIA","MEDIUM","","MANUAL REVIEW"
"https://www.alefotografo.com.br/faq","alefotografo.com.br","https://alefotografos.com.br/fotografo-corporativo/ensaio-feminino","alefotografos.com.br","36% (cos=0.29 jac=0.359)","tfidf-cosine+shingle-jaccard","MEDIA","MEDIUM","","MANUAL REVIEW"
"https://www.alefotografo.com.br/fotografo-corporativo/fotografia-para-escritorios-de-advocacia","alefotografo.com.br","https://alefotografos.com.br/","alefotografos.com.br","36% (cos=0.235 jac=0.364)","tfidf-cosine+shingle-jaccard","MEDIA","MEDIUM","","MANUAL REVIEW"
"https://www.alefotografo.com.br/fotografo-corporativo/fotografia-para-escritorios-de-advocacia","alefotografo.com.br","https://alefotografos.com.br/foto-profissional","alefotografos.com.br","36% (cos=0.247 jac=0.36)","tfidf-cosine+shingle-jaccard","MEDIA","MEDIUM","","MANUAL REVIEW"
"https://www.alefotografo.com.br/fotografo-corporativo/fotografia-para-escritorios-de-advocacia","alefotografo.com.br","https://alefotografos.com.br/videos","alefotografos.com.br","36% (cos=0.23 jac=0.36)","tfidf-cosine+shingle-jaccard","MEDIA","MEDIUM","","MANUAL REVIEW"
"https://www.alefotografo.com.br/fotografo-corporativo/fotografia-para-escritorios-de-advocacia","alefotografo.com.br","https://alefotografos.com.br/sobre","alefotografos.com.br","36% (cos=0.292 jac=0.36)","tfidf-cosine+shingle-jaccard","MEDIA","MEDIUM","","MANUAL REVIEW"
"https://www.alefotografo.com.br/","alefotografo.com.br","https://alefotografos.com.br/foto-profissional-para-linkedin","alefotografos.com.br","35% (cos=0.199 jac=0.346)","tfidf-cosine+shingle-jaccard","MEDIA","MEDIUM","","MANUAL REVIEW"
"https://www.alefotografo.com.br/servicos","alefotografo.com.br","https://alefotografos.com.br/","alefotografos.com.br","35% (cos=0.324 jac=0.354)","tfidf-cosine+shingle-jaccard","MEDIA","MEDIUM","","MANUAL REVIEW"
"https://www.alefotografo.com.br/servicos","alefotografo.com.br","https://alefotografos.com.br/foto-profissional","alefotografos.com.br","35% (cos=0.281 jac=0.354)","tfidf-cosine+shingle-jaccard","MEDIA","MEDIUM","","MANUAL REVIEW"
"https://www.alefotografo.com.br/servicos","alefotografo.com.br","https://alefotografos.com.br/fotografia-para-clinicas","alefotografos.com.br","35% (cos=0.29 jac=0.354)","tfidf-cosine+shingle-jaccard","MEDIA","MEDIUM","","MANUAL REVIEW"
"https://www.alefotografo.com.br/servicos","alefotografo.com.br","https://alefotografos.com.br/fotografia-executiva","alefotografos.com.br","35% (cos=0.332 jac=0.354)","tfidf-cosine+shingle-jaccard","MEDIA","MEDIUM","","MANUAL REVIEW"
"https://www.alefotografo.com.br/servicos","alefotografo.com.br","https://alefotografos.com.br/videos","alefotografos.com.br","35% (cos=0.286 jac=0.354)","tfidf-cosine+shingle-jaccard","MEDIA","MEDIUM","","MANUAL REVIEW"
"https://www.alefotografo.com.br/fotos-corporativas","alefotografo.com.br","https://alefotografos.com.br/foto-profissional-para-linkedin","alefotografos.com.br","35% (cos=0.228 jac=0.349)","tfidf-cosine+shingle-jaccard","MEDIA","MEDIUM","","MANUAL REVIEW"
"https://www.alefotografo.com.br/fotos-corporativas","alefotografo.com.br","https://alefotografos.com.br/fotografo-corporativo/fotos-para-clinicas-medicas","alefotografos.com.br","35% (cos=0.343 jac=0.351)","tfidf-cosine+shingle-jaccard","MEDIA","MEDIUM","","MANUAL REVIEW"
"https://www.alefotografo.com.br/foto-profissional","alefotografo.com.br","https://alefotografos.com.br/fotografo-corporativo/retrato-corporativo","alefotografos.com.br","35% (cos=0.263 jac=0.353)","tfidf-cosine+shingle-jaccard","MEDIA","MEDIUM","","MANUAL REVIEW"
"https://www.alefotografo.com.br/foto-profissional-para-linkedin","alefotografo.com.br","https://alefotografos.com.br/foto-profissional","alefotografos.com.br","35% (cos=0.352 jac=0.245)","tfidf-cosine+shingle-jaccard","MEDIA","MEDIUM","","MANUAL REVIEW"
"https://www.alefotografo.com.br/fotografia-para-clinicas","alefotografo.com.br","https://alefotografos.com.br/foto-profissional-para-linkedin","alefotografos.com.br","35% (cos=0.199 jac=0.346)","tfidf-cosine+shingle-jaccard","MEDIA","MEDIUM","","MANUAL REVIEW"
"https://www.alefotografo.com.br/fotografia-para-clinicas","alefotografo.com.br","https://alefotografos.com.br/fotografo-corporativo/fotografia-para-escritorios-de-advocacia","alefotografos.com.br","35% (cos=0.26 jac=0.349)","tfidf-cosine+shingle-jaccard","MEDIA","MEDIUM","","MANUAL REVIEW"
"https://www.alefotografo.com.br/fotografia-para-clinicas","alefotografo.com.br","https://alefotografos.com.br/fotografo-corporativo/retrato-corporativo","alefotografos.com.br","35% (cos=0.274 jac=0.353)","tfidf-cosine+shingle-jaccard","MEDIA","MEDIUM","","MANUAL REVIEW"
"https://www.alefotografo.com.br/fotografia-para-clinicas","alefotografo.com.br","https://alefotografos.com.br/fotografo-corporativo/retratos-de-medicos","alefotografos.com.br","35% (cos=0.286 jac=0.349)","tfidf-cosine+shingle-jaccard","MEDIA","MEDIUM","","MANUAL REVIEW"
"https://www.alefotografo.com.br/fotografia-para-clinicas","alefotografo.com.br","https://alefotografos.com.br/fotografo-corporativo/retratos-de-medicas","alefotografos.com.br","35% (cos=0.27 jac=0.349)","tfidf-cosine+shingle-jaccard","MEDIA","MEDIUM","","MANUAL REVIEW"
"https://www.alefotografo.com.br/fotografia-executiva","alefotografo.com.br","https://alefotografos.com.br/eventos-corporativos","alefotografos.com.br","35% (cos=0.35 jac=0.285)","tfidf-cosine+shingle-jaccard","MEDIA","MEDIUM","","MANUAL REVIEW"
"https://www.alefotografo.com.br/fotografia-executiva","alefotografo.com.br","https://alefotografos.com.br/fotografo-de-feira-de-negocios","alefotografos.com.br","35% (cos=0.35 jac=0.278)","tfidf-cosine+shingle-jaccard","MEDIA","MEDIUM","","MANUAL REVIEW"
"https://www.alefotografo.com.br/fotos-profissionais-medicos","alefotografo.com.br","https://alefotografos.com.br/foto-profissional-para-linkedin","alefotografos.com.br","35% (cos=0.223 jac=0.349)","tfidf-cosine+shingle-jaccard","MEDIA","MEDIUM","","MANUAL REVIEW"
"https://www.alefotografo.com.br/fotografia-para-advogados","alefotografo.com.br","https://alefotografos.com.br/foto-profissional","alefotografos.com.br","35% (cos=0.345 jac=0.263)","tfidf-cosine+shingle-jaccard","MEDIA","MEDIUM","","MANUAL REVIEW"
"https://www.alefotografo.com.br/fotografia-para-advogados","alefotografo.com.br","https://alefotografos.com.br/foto-profissional-para-linkedin","alefotografos.com.br","35% (cos=0.257 jac=0.346)","tfidf-cosine+shingle-jaccard","MEDIA","MEDIUM","","MANUAL REVIEW"
"https://www.alefotografo.com.br/eventos-corporativos","alefotografo.com.br","https://alefotografos.com.br/foto-profissional-para-linkedin","alefotografos.com.br","35% (cos=0.194 jac=0.346)","tfidf-cosine+shingle-jaccard","MEDIA","MEDIUM","","MANUAL REVIEW"
"https://www.alefotografo.com.br/eventos-corporativos","alefotografo.com.br","https://alefotografos.com.br/fotografo-empresarial","alefotografos.com.br","35% (cos=0.347 jac=0.272)","tfidf-cosine+shingle-jaccard","MEDIA","MEDIUM","","MANUAL REVIEW"
"https://www.alefotografo.com.br/fotografo-empresarial","alefotografo.com.br","https://alefotografos.com.br/foto-profissional-para-linkedin","alefotografos.com.br","35% (cos=0.205 jac=0.346)","tfidf-cosine+shingle-jaccard","MEDIA","MEDIUM","","MANUAL REVIEW"
"https://www.alefotografo.com.br/portfolio","alefotografo.com.br","https://alefotografos.com.br/fotografo-corporativo/fotografia-para-escritorios-de-advocacia","alefotografos.com.br","35% (cos=0.349 jac=0.349)","tfidf-cosine+shingle-jaccard","MEDIA","MEDIUM","","MANUAL REVIEW"
"https://www.alefotografo.com.br/portfolio","alefotografo.com.br","https://alefotografos.com.br/fotografo-corporativo/retrato-corporativo","alefotografos.com.br","35% (cos=0.352 jac=0.349)","tfidf-cosine+shingle-jaccard","MEDIA","MEDIUM","","MANUAL REVIEW"
"https://www.alefotografo.com.br/portfolio","alefotografo.com.br","https://alefotografos.com.br/fotografo-corporativo/retratos-de-medicos","alefotografos.com.br","35% (cos=0.327 jac=0.346)","tfidf-cosine+shingle-jaccard","MEDIA","MEDIUM","","MANUAL REVIEW"
"https://www.alefotografo.com.br/portfolio","alefotografo.com.br","https://alefotografos.com.br/fotografo-corporativo/retratos-de-medicas","alefotografos.com.br","35% (cos=0.336 jac=0.346)","tfidf-cosine+shingle-jaccard","MEDIA","MEDIUM","","MANUAL REVIEW"
"https://www.alefotografo.com.br/videos","alefotografo.com.br","https://alefotografos.com.br/fotografo-corporativo/retrato-corporativo","alefotografos.com.br","35% (cos=0.192 jac=0.346)","tfidf-cosine+shingle-jaccard","MEDIA","MEDIUM","","MANUAL REVIEW"
"https://www.alefotografo.com.br/blog","alefotografo.com.br","https://alefotografos.com.br/foto-profissional-para-linkedin","alefotografos.com.br","35% (cos=0.125 jac=0.346)","tfidf-cosine+shingle-jaccard","MEDIA","MEDIUM","","MANUAL REVIEW"
"https://www.alefotografo.com.br/sobre","alefotografo.com.br","https://alefotografos.com.br/fotografo-corporativo/fotografia-para-escritorios-de-advocacia","alefotografos.com.br","35% (cos=0.309 jac=0.346)","tfidf-cosine+shingle-jaccard","MEDIA","MEDIUM","","MANUAL REVIEW"
"https://www.alefotografo.com.br/sobre","alefotografo.com.br","https://alefotografos.com.br/fotografo-corporativo/retrato-corporativo","alefotografos.com.br","35% (cos=0.312 jac=0.349)","tfidf-cosine+shingle-jaccard","MEDIA","MEDIUM","","MANUAL REVIEW"
"https://www.alefotografo.com.br/quem-e-o-ale","alefotografo.com.br","https://alefotografos.com.br/foto-profissional-para-linkedin","alefotografos.com.br","35% (cos=0.168 jac=0.346)","tfidf-cosine+shingle-jaccard","MEDIA","MEDIUM","","MANUAL REVIEW"
"https://www.alefotografo.com.br/quem-e-o-ale","alefotografo.com.br","https://alefotografos.com.br/fotografo-corporativo/fotografia-para-escritorios-de-advocacia","alefotografos.com.br","35% (cos=0.286 jac=0.349)","tfidf-cosine+shingle-jaccard","MEDIA","MEDIUM","","MANUAL REVIEW"
"https://www.alefotografo.com.br/quem-e-o-ale","alefotografo.com.br","https://alefotografos.com.br/fotografo-corporativo/retrato-corporativo","alefotografos.com.br","35% (cos=0.308 jac=0.349)","tfidf-cosine+shingle-jaccard","MEDIA","MEDIUM","","MANUAL REVIEW"
"https://www.alefotografo.com.br/faq","alefotografo.com.br","https://alefotografos.com.br/foto-profissional-para-linkedin","alefotografos.com.br","35% (cos=0.28 jac=0.346)","tfidf-cosine+shingle-jaccard","MEDIA","MEDIUM","","MANUAL REVIEW"
"https://www.alefotografo.com.br/fotografo-corporativo/fotografia-para-escritorios-de-advocacia","alefotografo.com.br","https://alefotografos.com.br/foto-profissional-para-linkedin","alefotografos.com.br","35% (cos=0.22 jac=0.35)","tfidf-cosine+shingle-jaccard","MEDIA","MEDIUM","","MANUAL REVIEW"
"https://www.alefotografo.com.br/fotografo-corporativo/fotografia-para-escritorios-de-advocacia","alefotografo.com.br","https://alefotografos.com.br/fotografia-para-clinicas","alefotografos.com.br","35% (cos=0.239 jac=0.353)","tfidf-cosine+shingle-jaccard","MEDIA","MEDIUM","","MANUAL REVIEW"
"https://www.alefotografo.com.br/fotografo-corporativo/fotografia-para-escritorios-de-advocacia","alefotografo.com.br","https://alefotografos.com.br/depoimentos","alefotografos.com.br","35% (cos=0.151 jac=0.35)","tfidf-cosine+shingle-jaccard","MEDIA","MEDIUM","","MANUAL REVIEW"
"https://www.alefotografo.com.br/","alefotografo.com.br","https://alefotografos.com.br/fotografo-corporativo/retrato-corporativo","alefotografos.com.br","34% (cos=0.251 jac=0.339)","tfidf-cosine+shingle-jaccard","MEDIA","MEDIUM","","MANUAL REVIEW"
"https://www.alefotografo.com.br/","alefotografo.com.br","https://alefotografos.com.br/fotografo-corporativo/retratos-de-medicas","alefotografos.com.br","34% (cos=0.245 jac=0.336)","tfidf-cosine+shingle-jaccard","MEDIA","MEDIUM","","MANUAL REVIEW"
"https://www.alefotografo.com.br/servicos","alefotografo.com.br","https://alefotografos.com.br/foto-profissional-para-linkedin","alefotografos.com.br","34% (cos=0.251 jac=0.343)","tfidf-cosine+shingle-jaccard","MEDIA","MEDIUM","","MANUAL REVIEW"
"https://www.alefotografo.com.br/servicos","alefotografo.com.br","https://alefotografos.com.br/depoimentos","alefotografos.com.br","34% (cos=0.151 jac=0.34)","tfidf-cosine+shingle-jaccard","MEDIA","MEDIUM","","MANUAL REVIEW"
"https://www.alefotografo.com.br/fotos-corporativas","alefotografo.com.br","https://alefotografos.com.br/","alefotografos.com.br","34% (cos=0.345 jac=0.167)","tfidf-cosine+shingle-jaccard","MEDIA","MEDIUM","","MANUAL REVIEW"
"https://www.alefotografo.com.br/fotos-corporativas","alefotografo.com.br","https://alefotografos.com.br/fotografia-executiva","alefotografos.com.br","34% (cos=0.343 jac=0.183)","tfidf-cosine+shingle-jaccard","MEDIA","MEDIUM","","MANUAL REVIEW"
"https://www.alefotografo.com.br/fotos-corporativas","alefotografo.com.br","https://alefotografos.com.br/fotografia-para-advogados","alefotografos.com.br","34% (cos=0.34 jac=0.193)","tfidf-cosine+shingle-jaccard","MEDIA","MEDIUM","","MANUAL REVIEW"
"https://www.alefotografo.com.br/foto-profissional","alefotografo.com.br","https://alefotografos.com.br/fotografo-corporativo/fotografia-para-escritorios-de-advocacia","alefotografos.com.br","34% (cos=0.245 jac=0.342)","tfidf-cosine+shingle-jaccard","MEDIA","MEDIUM","","MANUAL REVIEW"
"https://www.alefotografo.com.br/foto-profissional","alefotografo.com.br","https://alefotografos.com.br/fotografo-corporativo/retratos-de-medicos","alefotografos.com.br","34% (cos=0.243 jac=0.339)","tfidf-cosine+shingle-jaccard","MEDIA","MEDIUM","","MANUAL REVIEW"
"https://www.alefotografo.com.br/foto-profissional","alefotografo.com.br","https://alefotografos.com.br/fotografo-corporativo/retratos-de-medicas","alefotografos.com.br","34% (cos=0.241 jac=0.339)","tfidf-cosine+shingle-jaccard","MEDIA","MEDIUM","","MANUAL REVIEW"
"https://www.alefotografo.com.br/foto-profissional-para-linkedin","alefotografo.com.br","https://alefotografos.com.br/fotografo-corporativo/retrato-corporativo","alefotografos.com.br","34% (cos=0.247 jac=0.339)","tfidf-cosine+shingle-jaccard","MEDIA","MEDIUM","","MANUAL REVIEW"
"https://www.alefotografo.com.br/foto-profissional-para-linkedin","alefotografo.com.br","https://alefotografos.com.br/fotografo-corporativo/retratos-de-medicas","alefotografos.com.br","34% (cos=0.227 jac=0.336)","tfidf-cosine+shingle-jaccard","MEDIA","MEDIUM","","MANUAL REVIEW"
"https://www.alefotografo.com.br/fotografia-para-clinicas","alefotografo.com.br","https://alefotografos.com.br/fotografo-corporativo/fotos-para-clinicas-medicas","alefotografos.com.br","34% (cos=0.304 jac=0.344)","tfidf-cosine+shingle-jaccard","MEDIA","MEDIUM","","MANUAL REVIEW"
"https://www.alefotografo.com.br/fotos-profissionais-medicos","alefotografo.com.br","https://alefotografos.com.br/foto-profissional","alefotografos.com.br","34% (cos=0.337 jac=0.268)","tfidf-cosine+shingle-jaccard","MEDIA","MEDIUM","","MANUAL REVIEW"
"https://www.alefotografo.com.br/fotografo-de-feira-de-negocios","alefotografo.com.br","https://alefotografos.com.br/foto-profissional-para-linkedin","alefotografos.com.br","34% (cos=0.175 jac=0.343)","tfidf-cosine+shingle-jaccard","MEDIA","MEDIUM","","MANUAL REVIEW"
"https://www.alefotografo.com.br/portfolio","alefotografo.com.br","https://alefotografos.com.br/foto-profissional-para-linkedin","alefotografos.com.br","34% (cos=0.182 jac=0.343)","tfidf-cosine+shingle-jaccard","MEDIA","MEDIUM","","MANUAL REVIEW"
"https://www.alefotografo.com.br/videos","alefotografo.com.br","https://alefotografos.com.br/foto-profissional-para-linkedin","alefotografos.com.br","34% (cos=0.105 jac=0.343)","tfidf-cosine+shingle-jaccard","MEDIA","MEDIUM","","MANUAL REVIEW"
"https://www.alefotografo.com.br/videos","alefotografo.com.br","https://alefotografos.com.br/fotografo-corporativo/fotografia-para-escritorios-de-advocacia","alefotografos.com.br","34% (cos=0.187 jac=0.336)","tfidf-cosine+shingle-jaccard","MEDIA","MEDIUM","","MANUAL REVIEW"
"https://www.alefotografo.com.br/videos","alefotografo.com.br","https://alefotografos.com.br/fotografo-corporativo/retratos-de-medicos","alefotografos.com.br","34% (cos=0.183 jac=0.336)","tfidf-cosine+shingle-jaccard","MEDIA","MEDIUM","","MANUAL REVIEW"
"https://www.alefotografo.com.br/videos","alefotografo.com.br","https://alefotografos.com.br/fotografo-corporativo/retratos-de-medicas","alefotografos.com.br","34% (cos=0.192 jac=0.339)","tfidf-cosine+shingle-jaccard","MEDIA","MEDIUM","","MANUAL REVIEW"
"https://www.alefotografo.com.br/videos","alefotografo.com.br","https://videoscorporativos.com.br/","videoscorporativos.com.br","34% (cos=0.339 jac=0.207)","tfidf-cosine+shingle-jaccard","MEDIA","MEDIUM","","MANUAL REVIEW"
"https://www.alefotografo.com.br/video-institucional","alefotografo.com.br","https://alefotografos.com.br/foto-profissional-para-linkedin","alefotografos.com.br","34% (cos=0.142 jac=0.343)","tfidf-cosine+shingle-jaccard","MEDIA","MEDIUM","","MANUAL REVIEW"
"https://www.alefotografo.com.br/video-institucional","alefotografo.com.br","https://alefotografos.com.br/fotografo-corporativo/fotografia-para-escritorios-de-advocacia","alefotografos.com.br","34% (cos=0.243 jac=0.336)","tfidf-cosine+shingle-jaccard","MEDIA","MEDIUM","","MANUAL REVIEW"
"https://www.alefotografo.com.br/video-institucional","alefotografo.com.br","https://alefotografos.com.br/fotografo-corporativo/retrato-corporativo","alefotografos.com.br","34% (cos=0.253 jac=0.342)","tfidf-cosine+shingle-jaccard","MEDIA","MEDIUM","","MANUAL REVIEW"
"https://www.alefotografo.com.br/video-institucional","alefotografo.com.br","https://alefotografos.com.br/fotografo-corporativo/retratos-de-medicos","alefotografos.com.br","34% (cos=0.257 jac=0.336)","tfidf-cosine+shingle-jaccard","MEDIA","MEDIUM","","MANUAL REVIEW"
"https://www.alefotografo.com.br/video-institucional","alefotografo.com.br","https://alefotografos.com.br/fotografo-corporativo/retratos-de-medicas","alefotografos.com.br","34% (cos=0.246 jac=0.339)","tfidf-cosine+shingle-jaccard","MEDIA","MEDIUM","","MANUAL REVIEW"
"https://www.alefotografo.com.br/video-de-eventos-corporativos","alefotografo.com.br","https://alefotografos.com.br/foto-profissional-para-linkedin","alefotografos.com.br","34% (cos=0.142 jac=0.343)","tfidf-cosine+shingle-jaccard","MEDIA","MEDIUM","","MANUAL REVIEW"
"https://www.alefotografo.com.br/video-de-eventos-corporativos","alefotografo.com.br","https://alefotografos.com.br/fotografo-corporativo/retrato-corporativo","alefotografos.com.br","34% (cos=0.217 jac=0.339)","tfidf-cosine+shingle-jaccard","MEDIA","MEDIUM","","MANUAL REVIEW"
"https://www.alefotografo.com.br/video-de-eventos-corporativos","alefotografo.com.br","https://alefotografos.com.br/fotografo-corporativo/retratos-de-medicas","alefotografos.com.br","34% (cos=0.199 jac=0.336)","tfidf-cosine+shingle-jaccard","MEDIA","MEDIUM","","MANUAL REVIEW"
"https://www.alefotografo.com.br/video-para-feiras-e-stands","alefotografo.com.br","https://alefotografos.com.br/foto-profissional-para-linkedin","alefotografos.com.br","34% (cos=0.144 jac=0.343)","tfidf-cosine+shingle-jaccard","MEDIA","MEDIUM","","MANUAL REVIEW"
"https://www.alefotografo.com.br/video-para-feiras-e-stands","alefotografo.com.br","https://alefotografos.com.br/fotografo-corporativo/retrato-corporativo","alefotografos.com.br","34% (cos=0.236 jac=0.339)","tfidf-cosine+shingle-jaccard","MEDIA","MEDIUM","","MANUAL REVIEW"
"https://www.alefotografo.com.br/video-para-feiras-e-stands","alefotografo.com.br","https://alefotografos.com.br/fotografo-corporativo/retratos-de-medicas","alefotografos.com.br","34% (cos=0.222 jac=0.336)","tfidf-cosine+shingle-jaccard","MEDIA","MEDIUM","","MANUAL REVIEW"
"https://www.alefotografo.com.br/blog","alefotografo.com.br","https://alefotografos.com.br/fotografo-corporativo/fotografia-para-escritorios-de-advocacia","alefotografos.com.br","34% (cos=0.136 jac=0.336)","tfidf-cosine+shingle-jaccard","MEDIA","MEDIUM","","MANUAL REVIEW"
"https://www.alefotografo.com.br/blog","alefotografo.com.br","https://alefotografos.com.br/fotografo-corporativo/retrato-corporativo","alefotografos.com.br","34% (cos=0.143 jac=0.342)","tfidf-cosine+shingle-jaccard","MEDIA","MEDIUM","","MANUAL REVIEW"
"https://www.alefotografo.com.br/blog","alefotografo.com.br","https://alefotografos.com.br/fotografo-corporativo/retratos-de-medicos","alefotografos.com.br","34% (cos=0.136 jac=0.336)","tfidf-cosine+shingle-jaccard","MEDIA","MEDIUM","","MANUAL REVIEW"
"https://www.alefotografo.com.br/blog","alefotografo.com.br","https://alefotografos.com.br/fotografo-corporativo/retratos-de-medicas","alefotografos.com.br","34% (cos=0.139 jac=0.339)","tfidf-cosine+shingle-jaccard","MEDIA","MEDIUM","","MANUAL REVIEW"
"https://www.alefotografo.com.br/sobre","alefotografo.com.br","https://alefotografos.com.br/foto-profissional-para-linkedin","alefotografos.com.br","34% (cos=0.255 jac=0.343)","tfidf-cosine+shingle-jaccard","MEDIA","MEDIUM","","MANUAL REVIEW"
"https://www.alefotografo.com.br/sobre","alefotografo.com.br","https://alefotografos.com.br/fotografo-corporativo/retratos-de-medicos","alefotografos.com.br","34% (cos=0.294 jac=0.339)","tfidf-cosine+shingle-jaccard","MEDIA","MEDIUM","","MANUAL REVIEW"
"https://www.alefotografo.com.br/sobre","alefotografo.com.br","https://alefotografos.com.br/fotografo-corporativo/retratos-de-medicas","alefotografos.com.br","34% (cos=0.3 jac=0.339)","tfidf-cosine+shingle-jaccard","MEDIA","MEDIUM","","MANUAL REVIEW"
"https://www.alefotografo.com.br/quem-e-o-ale","alefotografo.com.br","https://alefotografos.com.br/fotografo-corporativo/retratos-de-medicos","alefotografos.com.br","34% (cos=0.278 jac=0.336)","tfidf-cosine+shingle-jaccard","MEDIA","MEDIUM","","MANUAL REVIEW"
"https://www.alefotografo.com.br/quem-e-o-ale","alefotografo.com.br","https://alefotografos.com.br/fotografo-corporativo/retratos-de-medicas","alefotografos.com.br","34% (cos=0.279 jac=0.336)","tfidf-cosine+shingle-jaccard","MEDIA","MEDIUM","","MANUAL REVIEW"
"https://www.alefotografo.com.br/depoimentos","alefotografo.com.br","https://alefotografos.com.br/foto-profissional-para-linkedin","alefotografos.com.br","34% (cos=0.133 jac=0.343)","tfidf-cosine+shingle-jaccard","MEDIA","MEDIUM","","MANUAL REVIEW"
"https://www.alefotografo.com.br/depoimentos","alefotografo.com.br","https://alefotografos.com.br/fotografo-corporativo/retrato-corporativo","alefotografos.com.br","34% (cos=0.17 jac=0.339)","tfidf-cosine+shingle-jaccard","MEDIA","MEDIUM","","MANUAL REVIEW"
"https://www.alefotografo.com.br/depoimentos","alefotografo.com.br","https://alefotografos.com.br/fotografo-corporativo/retratos-de-medicas","alefotografos.com.br","34% (cos=0.165 jac=0.336)","tfidf-cosine+shingle-jaccard","MEDIA","MEDIUM","","MANUAL REVIEW"
"https://www.alefotografo.com.br/faq","alefotografo.com.br","https://alefotografos.com.br/eventos-corporativos","alefotografos.com.br","34% (cos=0.345 jac=0.21)","tfidf-cosine+shingle-jaccard","MEDIA","MEDIUM","","MANUAL REVIEW"
"https://www.alefotografo.com.br/faq","alefotografo.com.br","https://alefotografos.com.br/fotografo-corporativo/fotografia-para-escritorios-de-advocacia","alefotografos.com.br","34% (cos=0.276 jac=0.336)","tfidf-cosine+shingle-jaccard","MEDIA","MEDIUM","","MANUAL REVIEW"
"https://www.alefotografo.com.br/faq","alefotografo.com.br","https://alefotografos.com.br/fotografo-corporativo/retrato-corporativo","alefotografos.com.br","34% (cos=0.316 jac=0.342)","tfidf-cosine+shingle-jaccard","MEDIA","MEDIUM","","MANUAL REVIEW"
"https://www.alefotografo.com.br/faq","alefotografo.com.br","https://alefotografos.com.br/fotografo-corporativo/retratos-de-medicos","alefotografos.com.br","34% (cos=0.293 jac=0.336)","tfidf-cosine+shingle-jaccard","MEDIA","MEDIUM","","MANUAL REVIEW"
"https://www.alefotografo.com.br/faq","alefotografo.com.br","https://alefotografos.com.br/fotografo-corporativo/retratos-de-medicas","alefotografos.com.br","34% (cos=0.293 jac=0.339)","tfidf-cosine+shingle-jaccard","MEDIA","MEDIUM","","MANUAL REVIEW"
"https://alefotografos.com.br/quem-e-o-ale","alefotografos.com.br","https://videoscorporativos.com.br/autor/alexandre-machado","videoscorporativos.com.br","34% (cos=0.339 jac=0.141)","tfidf-cosine+shingle-jaccard","MEDIA","MEDIUM","","MANUAL REVIEW"
"https://www.alefotografo.com.br/","alefotografo.com.br","https://alefotografos.com.br/fotografo-corporativo/fotografia-para-escritorios-de-advocacia","alefotografos.com.br","33% (cos=0.232 jac=0.332)","tfidf-cosine+shingle-jaccard","MEDIA","MEDIUM","","MANUAL REVIEW"
"https://www.alefotografo.com.br/","alefotografo.com.br","https://alefotografos.com.br/fotografo-corporativo/retratos-de-medicos","alefotografos.com.br","33% (cos=0.245 jac=0.332)","tfidf-cosine+shingle-jaccard","MEDIA","MEDIUM","","MANUAL REVIEW"
"https://www.alefotografo.com.br/","alefotografo.com.br","https://alefotografos.com.br/fotografo-corporativo/fotos-para-clinicas-medicas","alefotografos.com.br","33% (cos=0.236 jac=0.328)","tfidf-cosine+shingle-jaccard","MEDIA","MEDIUM","","MANUAL REVIEW"
"https://www.alefotografo.com.br/fotos-corporativas","alefotografo.com.br","https://alefotografos.com.br/foto-profissional","alefotografos.com.br","33% (cos=0.328 jac=0.252)","tfidf-cosine+shingle-jaccard","MEDIA","MEDIUM","","MANUAL REVIEW"
"https://www.alefotografo.com.br/fotos-corporativas","alefotografo.com.br","https://alefotografos.com.br/eventos-corporativos","alefotografos.com.br","33% (cos=0.327 jac=0.183)","tfidf-cosine+shingle-jaccard","MEDIA","MEDIUM","","MANUAL REVIEW"
"https://www.alefotografo.com.br/foto-profissional","alefotografo.com.br","https://alefotografos.com.br/fotografo-corporativo/fotos-para-clinicas-medicas","alefotografos.com.br","33% (cos=0.23 jac=0.328)","tfidf-cosine+shingle-jaccard","MEDIA","MEDIUM","","MANUAL REVIEW"
"https://www.alefotografo.com.br/foto-profissional-para-linkedin","alefotografo.com.br","https://alefotografos.com.br/fotografo-corporativo/fotografia-para-escritorios-de-advocacia","alefotografos.com.br","33% (cos=0.22 jac=0.332)","tfidf-cosine+shingle-jaccard","MEDIA","MEDIUM","","MANUAL REVIEW"
"https://www.alefotografo.com.br/foto-profissional-para-linkedin","alefotografo.com.br","https://alefotografos.com.br/fotografo-corporativo/retratos-de-medicos","alefotografos.com.br","33% (cos=0.225 jac=0.332)","tfidf-cosine+shingle-jaccard","MEDIA","MEDIUM","","MANUAL REVIEW"
"https://www.alefotografo.com.br/foto-profissional-para-linkedin","alefotografo.com.br","https://alefotografos.com.br/fotografo-corporativo/fotos-para-clinicas-medicas","alefotografos.com.br","33% (cos=0.215 jac=0.328)","tfidf-cosine+shingle-jaccard","MEDIA","MEDIUM","","MANUAL REVIEW"
"https://www.alefotografo.com.br/eventos-corporativos","alefotografo.com.br","https://alefotografos.com.br/fotografia-para-advogados","alefotografos.com.br","33% (cos=0.326 jac=0.289)","tfidf-cosine+shingle-jaccard","MEDIA","MEDIUM","","MANUAL REVIEW"
"https://www.alefotografo.com.br/fotografo-empresarial","alefotografo.com.br","https://alefotografos.com.br/eventos-corporativos","alefotografos.com.br","33% (cos=0.329 jac=0.275)","tfidf-cosine+shingle-jaccard","MEDIA","MEDIUM","","MANUAL REVIEW"
"https://www.alefotografo.com.br/portfolio","alefotografo.com.br","https://alefotografos.com.br/fotografia-para-advogados","alefotografos.com.br","33% (cos=0.332 jac=0.228)","tfidf-cosine+shingle-jaccard","MEDIA","MEDIUM","","MANUAL REVIEW"
"https://www.alefotografo.com.br/portfolio","alefotografo.com.br","https://alefotografos.com.br/fotografo-corporativo/fotos-para-clinicas-medicas","alefotografos.com.br","33% (cos=0.327 jac=0.331)","tfidf-cosine+shingle-jaccard","MEDIA","MEDIUM","","MANUAL REVIEW"
"https://www.alefotografo.com.br/videos","alefotografo.com.br","https://alefotografos.com.br/fotografo-corporativo/fotos-para-clinicas-medicas","alefotografos.com.br","33% (cos=0.185 jac=0.331)","tfidf-cosine+shingle-jaccard","MEDIA","MEDIUM","","MANUAL REVIEW"
"https://www.alefotografo.com.br/video-institucional","alefotografo.com.br","https://alefotografos.com.br/fotografo-corporativo/fotos-para-clinicas-medicas","alefotografos.com.br","33% (cos=0.241 jac=0.331)","tfidf-cosine+shingle-jaccard","MEDIA","MEDIUM","","MANUAL REVIEW"
"https://www.alefotografo.com.br/video-de-eventos-corporativos","alefotografo.com.br","https://alefotografos.com.br/fotografo-corporativo/fotografia-para-escritorios-de-advocacia","alefotografos.com.br","33% (cos=0.188 jac=0.332)","tfidf-cosine+shingle-jaccard","MEDIA","MEDIUM","","MANUAL REVIEW"
"https://www.alefotografo.com.br/video-de-eventos-corporativos","alefotografo.com.br","https://alefotografos.com.br/fotografo-corporativo/retratos-de-medicos","alefotografos.com.br","33% (cos=0.195 jac=0.332)","tfidf-cosine+shingle-jaccard","MEDIA","MEDIUM","","MANUAL REVIEW"
"https://www.alefotografo.com.br/video-de-eventos-corporativos","alefotografo.com.br","https://alefotografos.com.br/fotografo-corporativo/fotos-para-clinicas-medicas","alefotografos.com.br","33% (cos=0.189 jac=0.328)","tfidf-cosine+shingle-jaccard","MEDIA","MEDIUM","","MANUAL REVIEW"
"https://www.alefotografo.com.br/video-para-feiras-e-stands","alefotografo.com.br","https://alefotografos.com.br/fotografo-corporativo/fotografia-para-escritorios-de-advocacia","alefotografos.com.br","33% (cos=0.205 jac=0.332)","tfidf-cosine+shingle-jaccard","MEDIA","MEDIUM","","MANUAL REVIEW"
"https://www.alefotografo.com.br/video-para-feiras-e-stands","alefotografo.com.br","https://alefotografos.com.br/fotografo-corporativo/retratos-de-medicos","alefotografos.com.br","33% (cos=0.217 jac=0.332)","tfidf-cosine+shingle-jaccard","MEDIA","MEDIUM","","MANUAL REVIEW"
"https://www.alefotografo.com.br/video-para-feiras-e-stands","alefotografo.com.br","https://alefotografos.com.br/fotografo-corporativo/fotos-para-clinicas-medicas","alefotografos.com.br","33% (cos=0.209 jac=0.328)","tfidf-cosine+shingle-jaccard","MEDIA","MEDIUM","","MANUAL REVIEW"
"https://www.alefotografo.com.br/blog","alefotografo.com.br","https://alefotografos.com.br/fotografo-corporativo/fotos-para-clinicas-medicas","alefotografos.com.br","33% (cos=0.133 jac=0.331)","tfidf-cosine+shingle-jaccard","MEDIA","MEDIUM","","MANUAL REVIEW"
"https://www.alefotografo.com.br/sobre","alefotografo.com.br","https://alefotografos.com.br/fotografo-corporativo/fotos-para-clinicas-medicas","alefotografos.com.br","33% (cos=0.288 jac=0.331)","tfidf-cosine+shingle-jaccard","MEDIA","MEDIUM","","MANUAL REVIEW"
"https://www.alefotografo.com.br/quem-e-o-ale","alefotografo.com.br","https://alefotografos.com.br/fotografo-corporativo/fotos-para-clinicas-medicas","alefotografos.com.br","33% (cos=0.258 jac=0.328)","tfidf-cosine+shingle-jaccard","MEDIA","MEDIUM","","MANUAL REVIEW"
"https://www.alefotografo.com.br/depoimentos","alefotografo.com.br","https://alefotografos.com.br/fotografo-corporativo/fotografia-para-escritorios-de-advocacia","alefotografos.com.br","33% (cos=0.161 jac=0.332)","tfidf-cosine+shingle-jaccard","MEDIA","MEDIUM","","MANUAL REVIEW"
"https://www.alefotografo.com.br/depoimentos","alefotografo.com.br","https://alefotografos.com.br/fotografo-corporativo/retratos-de-medicos","alefotografos.com.br","33% (cos=0.179 jac=0.332)","tfidf-cosine+shingle-jaccard","MEDIA","MEDIUM","","MANUAL REVIEW"
"https://www.alefotografo.com.br/depoimentos","alefotografo.com.br","https://alefotografos.com.br/fotografo-corporativo/fotos-para-clinicas-medicas","alefotografos.com.br","33% (cos=0.167 jac=0.328)","tfidf-cosine+shingle-jaccard","MEDIA","MEDIUM","","MANUAL REVIEW"
"https://www.alefotografo.com.br/faq","alefotografo.com.br","https://alefotografos.com.br/fotos-profissionais-medicos","alefotografos.com.br","33% (cos=0.327 jac=0.206)","tfidf-cosine+shingle-jaccard","MEDIA","MEDIUM","","MANUAL REVIEW"
"https://www.alefotografo.com.br/faq","alefotografo.com.br","https://alefotografos.com.br/fotografo-corporativo/fotos-para-clinicas-medicas","alefotografos.com.br","33% (cos=0.283 jac=0.331)","tfidf-cosine+shingle-jaccard","MEDIA","MEDIUM","","MANUAL REVIEW"
"https://www.alefotografo.com.br/fotos-corporativas","alefotografo.com.br","https://alefotografos.com.br/fotos-profissionais-medicos","alefotografos.com.br","32% (cos=0.319 jac=0.187)","tfidf-cosine+shingle-jaccard","MEDIA","MEDIUM","","MANUAL REVIEW"
"https://www.alefotografo.com.br/fotos-corporativas","alefotografo.com.br","https://alefotografos.com.br/fotografo-de-feira-de-negocios","alefotografos.com.br","32% (cos=0.321 jac=0.178)","tfidf-cosine+shingle-jaccard","MEDIA","MEDIUM","","MANUAL REVIEW"
"https://www.alefotografo.com.br/foto-profissional","alefotografo.com.br","https://alefotografos.com.br/fotografia-para-advogados","alefotografos.com.br","32% (cos=0.317 jac=0.198)","tfidf-cosine+shingle-jaccard","MEDIA","MEDIUM","","MANUAL REVIEW"
"https://www.alefotografo.com.br/foto-profissional-para-linkedin","alefotografo.com.br","https://alefotografos.com.br/fotografia-executiva","alefotografos.com.br","32% (cos=0.324 jac=0.205)","tfidf-cosine+shingle-jaccard","MEDIA","MEDIUM","","MANUAL REVIEW"
"https://www.alefotografo.com.br/fotografia-para-advogados","alefotografo.com.br","https://alefotografos.com.br/fotos-corporativas","alefotografos.com.br","32% (cos=0.319 jac=0.25)","tfidf-cosine+shingle-jaccard","MEDIA","MEDIUM","","MANUAL REVIEW"
"https://www.alefotografo.com.br/fotografo-empresarial","alefotografo.com.br","https://alefotografos.com.br/foto-profissional","alefotografos.com.br","32% (cos=0.32 jac=0.27)","tfidf-cosine+shingle-jaccard","MEDIA","MEDIUM","","MANUAL REVIEW"
"https://www.alefotografo.com.br/fotografo-de-feira-de-negocios","alefotografo.com.br","https://alefotografos.com.br/fotografia-para-advogados","alefotografos.com.br","32% (cos=0.317 jac=0.288)","tfidf-cosine+shingle-jaccard","MEDIA","MEDIUM","","MANUAL REVIEW"
"https://www.alefotografo.com.br/depoimentos","alefotografo.com.br","https://alefotografos.com.br/","alefotografos.com.br","32% (cos=0.265 jac=0.32)","tfidf-cosine+shingle-jaccard","MEDIA","MEDIUM","","MANUAL REVIEW"
"https://alefotografos.com.br/videos","alefotografos.com.br","https://videoscorporativos.com.br/cases","videoscorporativos.com.br","32% (cos=0.324 jac=0.152)","tfidf-cosine+shingle-jaccard","MEDIA","MEDIUM","","MANUAL REVIEW"
"https://www.alefotografo.com.br/eventos-corporativos","alefotografo.com.br","https://alefotografos.com.br/","alefotografos.com.br","31% (cos=0.313 jac=0.14)","tfidf-cosine+shingle-jaccard","MEDIA","MEDIUM","","MANUAL REVIEW"
"https://www.alefotografo.com.br/fotografo-empresarial","alefotografo.com.br","https://alefotografos.com.br/","alefotografos.com.br","31% (cos=0.315 jac=0.132)","tfidf-cosine+shingle-jaccard","MEDIA","MEDIUM","","MANUAL REVIEW"
"https://www.alefotografo.com.br/fotografo-empresarial","alefotografo.com.br","https://alefotografos.com.br/sobre","alefotografos.com.br","31% (cos=0.266 jac=0.306)","tfidf-cosine+shingle-jaccard","MEDIA","MEDIUM","","MANUAL REVIEW"
"https://www.alefotografo.com.br/video-de-eventos-corporativos","alefotografo.com.br","https://alefotografos.com.br/eventos-corporativos","alefotografos.com.br","31% (cos=0.312 jac=0.201)","tfidf-cosine+shingle-jaccard","MEDIA","MEDIUM","","MANUAL REVIEW"
"https://www.alefotografo.com.br/faq","alefotografo.com.br","https://alefotografos.com.br/fotografo-de-feira-de-negocios","alefotografos.com.br","31% (cos=0.313 jac=0.198)","tfidf-cosine+shingle-jaccard","MEDIA","MEDIUM","","MANUAL REVIEW"
"https://alefotografos.com.br/","alefotografos.com.br","https://videoscorporativos.com.br/","videoscorporativos.com.br","31% (cos=0.312 jac=0.042)","tfidf-cosine+shingle-jaccard","MEDIA","MEDIUM","","MANUAL REVIEW"
"https://www.alefotografo.com.br/foto-profissional","alefotografo.com.br","https://alefotografos.com.br/","alefotografos.com.br","30% (cos=0.296 jac=0.175)","tfidf-cosine+shingle-jaccard","BAIXA","LOW","","MANUAL REVIEW"
"https://www.alefotografo.com.br/foto-profissional","alefotografo.com.br","https://alefotografos.com.br/fotos-profissionais-medicos","alefotografos.com.br","30% (cos=0.305 jac=0.197)","tfidf-cosine+shingle-jaccard","BAIXA","LOW","","MANUAL REVIEW"
"https://www.alefotografo.com.br/foto-profissional","alefotografo.com.br","https://alefotografos.com.br/sobre","alefotografos.com.br","30% (cos=0.213 jac=0.301)","tfidf-cosine+shingle-jaccard","BAIXA","LOW","","MANUAL REVIEW"
"https://www.alefotografo.com.br/fotografia-para-clinicas","alefotografo.com.br","https://alefotografos.com.br/foto-profissional","alefotografos.com.br","30% (cos=0.301 jac=0.249)","tfidf-cosine+shingle-jaccard","BAIXA","LOW","","MANUAL REVIEW"
"https://www.alefotografo.com.br/fotografia-para-clinicas","alefotografo.com.br","https://alefotografos.com.br/fotografo-empresarial","alefotografos.com.br","30% (cos=0.302 jac=0.164)","tfidf-cosine+shingle-jaccard","BAIXA","LOW","","MANUAL REVIEW"
"https://www.alefotografo.com.br/fotografia-para-clinicas","alefotografo.com.br","https://alefotografos.com.br/sobre","alefotografos.com.br","30% (cos=0.244 jac=0.298)","tfidf-cosine+shingle-jaccard","BAIXA","LOW","","MANUAL REVIEW"
"https://www.alefotografo.com.br/fotografia-executiva","alefotografo.com.br","https://alefotografos.com.br/","alefotografos.com.br","30% (cos=0.303 jac=0.131)","tfidf-cosine+shingle-jaccard","BAIXA","LOW","","MANUAL REVIEW"
"https://www.alefotografo.com.br/fotografia-executiva","alefotografo.com.br","https://alefotografos.com.br/sobre","alefotografos.com.br","30% (cos=0.238 jac=0.298)","tfidf-cosine+shingle-jaccard","BAIXA","LOW","","MANUAL REVIEW"
"https://www.alefotografo.com.br/fotos-profissionais-medicos","alefotografo.com.br","https://alefotografos.com.br/fotos-corporativas","alefotografos.com.br","30% (cos=0.298 jac=0.252)","tfidf-cosine+shingle-jaccard","BAIXA","LOW","","MANUAL REVIEW"
"https://www.alefotografo.com.br/fotos-profissionais-medicos","alefotografo.com.br","https://alefotografos.com.br/sobre","alefotografos.com.br","30% (cos=0.244 jac=0.301)","tfidf-cosine+shingle-jaccard","BAIXA","LOW","","MANUAL REVIEW"
"https://www.alefotografo.com.br/fotografia-para-advogados","alefotografo.com.br","https://alefotografos.com.br/","alefotografos.com.br","30% (cos=0.303 jac=0.139)","tfidf-cosine+shingle-jaccard","BAIXA","LOW","","MANUAL REVIEW"
"https://www.alefotografo.com.br/fotografia-para-advogados","alefotografo.com.br","https://alefotografos.com.br/eventos-corporativos","alefotografos.com.br","30% (cos=0.303 jac=0.276)","tfidf-cosine+shingle-jaccard","BAIXA","LOW","","MANUAL REVIEW"
"https://www.alefotografo.com.br/fotografia-para-advogados","alefotografo.com.br","https://alefotografos.com.br/fotografo-de-feira-de-negocios","alefotografos.com.br","30% (cos=0.305 jac=0.258)","tfidf-cosine+shingle-jaccard","BAIXA","LOW","","MANUAL REVIEW"
"https://www.alefotografo.com.br/fotografia-para-advogados","alefotografo.com.br","https://alefotografos.com.br/sobre","alefotografos.com.br","30% (cos=0.266 jac=0.301)","tfidf-cosine+shingle-jaccard","BAIXA","LOW","","MANUAL REVIEW"
"https://www.alefotografo.com.br/eventos-corporativos","alefotografo.com.br","https://alefotografos.com.br/sobre","alefotografos.com.br","30% (cos=0.255 jac=0.301)","tfidf-cosine+shingle-jaccard","BAIXA","LOW","","MANUAL REVIEW"
"https://www.alefotografo.com.br/fotografo-de-feira-de-negocios","alefotografo.com.br","https://alefotografos.com.br/sobre","alefotografos.com.br","30% (cos=0.211 jac=0.301)","tfidf-cosine+shingle-jaccard","BAIXA","LOW","","MANUAL REVIEW"
"https://www.alefotografo.com.br/portfolio","alefotografo.com.br","https://alefotografos.com.br/","alefotografos.com.br","30% (cos=0.301 jac=0.226)","tfidf-cosine+shingle-jaccard","BAIXA","LOW","","MANUAL REVIEW"
"https://alefotografos.com.br/depoimentos","alefotografos.com.br","https://fotodeperfilprofissional.com.br/retrato_corporativo_ale_fotografo_contato/","fotodeperfilprofissional.com.br","30% (cos=0.297 jac=0.136)","tfidf-cosine+shingle-jaccard","BAIXA","LOW","","MANUAL REVIEW"
"https://www.alefotografo.com.br/","alefotografo.com.br","https://alefotografos.com.br/sobre","alefotografos.com.br","29% (cos=0.231 jac=0.292)","tfidf-cosine+shingle-jaccard","BAIXA","LOW","","MANUAL REVIEW"
"https://www.alefotografo.com.br/fotos-corporativas","alefotografo.com.br","https://alefotografos.com.br/videos","alefotografos.com.br","29% (cos=0.293 jac=0.224)","tfidf-cosine+shingle-jaccard","BAIXA","LOW","","MANUAL REVIEW"
"https://www.alefotografo.com.br/foto-profissional","alefotografo.com.br","https://alefotografos.com.br/fotografo-empresarial","alefotografos.com.br","29% (cos=0.293 jac=0.183)","tfidf-cosine+shingle-jaccard","BAIXA","LOW","","MANUAL REVIEW"
"https://www.alefotografo.com.br/foto-profissional-para-linkedin","alefotografo.com.br","https://alefotografos.com.br/sobre","alefotografos.com.br","29% (cos=0.195 jac=0.292)","tfidf-cosine+shingle-jaccard","BAIXA","LOW","","MANUAL REVIEW"
"https://www.alefotografo.com.br/fotografia-para-clinicas","alefotografo.com.br","https://alefotografos.com.br/fotos-corporativas","alefotografos.com.br","29% (cos=0.288 jac=0.257)","tfidf-cosine+shingle-jaccard","BAIXA","LOW","","MANUAL REVIEW"
"https://www.alefotografo.com.br/fotografia-para-clinicas","alefotografo.com.br","https://alefotografos.com.br/fotografia-para-advogados","alefotografos.com.br","29% (cos=0.286 jac=0.184)","tfidf-cosine+shingle-jaccard","BAIXA","LOW","","MANUAL REVIEW"
"https://www.alefotografo.com.br/fotografia-executiva","alefotografo.com.br","https://alefotografos.com.br/fotos-corporativas","alefotografos.com.br","29% (cos=0.293 jac=0.25)","tfidf-cosine+shingle-jaccard","BAIXA","LOW","","MANUAL REVIEW"
"https://www.alefotografo.com.br/fotos-profissionais-medicos","alefotografo.com.br","https://alefotografos.com.br/","alefotografos.com.br","29% (cos=0.293 jac=0.134)","tfidf-cosine+shingle-jaccard","BAIXA","LOW","","MANUAL REVIEW"
"https://www.alefotografo.com.br/eventos-corporativos","alefotografo.com.br","https://alefotografos.com.br/fotos-corporativas","alefotografos.com.br","29% (cos=0.295 jac=0.252)","tfidf-cosine+shingle-jaccard","BAIXA","LOW","","MANUAL REVIEW"
"https://www.alefotografo.com.br/eventos-corporativos","alefotografo.com.br","https://alefotografos.com.br/fotos-profissionais-medicos","alefotografos.com.br","29% (cos=0.29 jac=0.259)","tfidf-cosine+shingle-jaccard","BAIXA","LOW","","MANUAL REVIEW"
"https://www.alefotografo.com.br/portfolio","alefotografo.com.br","https://alefotografos.com.br/fotografia-executiva","alefotografos.com.br","29% (cos=0.29 jac=0.22)","tfidf-cosine+shingle-jaccard","BAIXA","LOW","","MANUAL REVIEW"
"https://www.alefotografo.com.br/portfolio","alefotografo.com.br","https://alefotografos.com.br/fotografo-empresarial","alefotografos.com.br","29% (cos=0.294 jac=0.226)","tfidf-cosine+shingle-jaccard","BAIXA","LOW","","MANUAL REVIEW"
"https://www.alefotografo.com.br/videos","alefotografo.com.br","https://alefotografos.com.br/sobre","alefotografos.com.br","29% (cos=0.164 jac=0.292)","tfidf-cosine+shingle-jaccard","BAIXA","LOW","","MANUAL REVIEW"
"https://www.alefotografo.com.br/videos","alefotografo.com.br","https://videoscorporativos.com.br/cases/curso-de-prestacao-de-contas-eleitorais-2026-turma-sao-paulo","videoscorporativos.com.br","29% (cos=0.289 jac=0.146)","tfidf-cosine+shingle-jaccard","BAIXA","LOW","","MANUAL REVIEW"
"https://www.alefotografo.com.br/video-institucional","alefotografo.com.br","https://alefotografos.com.br/sobre","alefotografos.com.br","29% (cos=0.262 jac=0.289)","tfidf-cosine+shingle-jaccard","BAIXA","LOW","","MANUAL REVIEW"
"https://www.alefotografo.com.br/video-de-eventos-corporativos","alefotografo.com.br","https://alefotografos.com.br/sobre","alefotografos.com.br","29% (cos=0.199 jac=0.289)","tfidf-cosine+shingle-jaccard","BAIXA","LOW","","MANUAL REVIEW"
"https://www.alefotografo.com.br/video-para-feiras-e-stands","alefotografo.com.br","https://alefotografos.com.br/sobre","alefotografos.com.br","29% (cos=0.209 jac=0.289)","tfidf-cosine+shingle-jaccard","BAIXA","LOW","","MANUAL REVIEW"
"https://www.alefotografo.com.br/blog","alefotografo.com.br","https://alefotografos.com.br/sobre","alefotografos.com.br","29% (cos=0.145 jac=0.289)","tfidf-cosine+shingle-jaccard","BAIXA","LOW","","MANUAL REVIEW"
"https://www.alefotografo.com.br/quem-e-o-ale","alefotografo.com.br","https://alefotografos.com.br/fotos-corporativas","alefotografos.com.br","29% (cos=0.222 jac=0.285)","tfidf-cosine+shingle-jaccard","BAIXA","LOW","","MANUAL REVIEW"
"https://www.alefotografo.com.br/depoimentos","alefotografo.com.br","https://alefotografos.com.br/sobre","alefotografos.com.br","29% (cos=0.134 jac=0.295)","tfidf-cosine+shingle-jaccard","BAIXA","LOW","","MANUAL REVIEW"
"https://www.alefotografo.com.br/depoimentos","alefotografo.com.br","https://fotodeperfilprofissional.com.br/retrato_corporativo_ale_fotografo_contato/","fotodeperfilprofissional.com.br","29% (cos=0.294 jac=0.136)","tfidf-cosine+shingle-jaccard","BAIXA","LOW","","MANUAL REVIEW"
"https://www.alefotografo.com.br/faq","alefotografo.com.br","https://alefotografos.com.br/","alefotografos.com.br","29% (cos=0.293 jac=0.24)","tfidf-cosine+shingle-jaccard","BAIXA","LOW","","MANUAL REVIEW"
"https://www.alefotografo.com.br/faq","alefotografo.com.br","https://alefotografos.com.br/sobre","alefotografos.com.br","29% (cos=0.259 jac=0.292)","tfidf-cosine+shingle-jaccard","BAIXA","LOW","","MANUAL REVIEW"
"https://www.alefotografo.com.br/","alefotografo.com.br","https://alefotografos.com.br/foto-profissional","alefotografos.com.br","28% (cos=0.279 jac=0.27)","tfidf-cosine+shingle-jaccard","BAIXA","LOW","","MANUAL REVIEW"
"https://www.alefotografo.com.br/","alefotografo.com.br","https://alefotografos.com.br/fotografia-executiva","alefotografos.com.br","28% (cos=0.282 jac=0.182)","tfidf-cosine+shingle-jaccard","BAIXA","LOW","","MANUAL REVIEW"
"https://www.alefotografo.com.br/fotos-corporativas","alefotografo.com.br","https://alefotografos.com.br/fotografia-para-clinicas","alefotografos.com.br","28% (cos=0.284 jac=0.201)","tfidf-cosine+shingle-jaccard","BAIXA","LOW","","MANUAL REVIEW"
"https://www.alefotografo.com.br/fotografia-para-clinicas","alefotografo.com.br","https://alefotografos.com.br/fotografia-executiva","alefotografos.com.br","28% (cos=0.276 jac=0.178)","tfidf-cosine+shingle-jaccard","BAIXA","LOW","","MANUAL REVIEW"
"https://www.alefotografo.com.br/fotos-profissionais-medicos","alefotografo.com.br","https://alefotografos.com.br/eventos-corporativos","alefotografos.com.br","28% (cos=0.282 jac=0.259)","tfidf-cosine+shingle-jaccard","BAIXA","LOW","","MANUAL REVIEW"
"https://www.alefotografo.com.br/fotos-profissionais-medicos","alefotografo.com.br","https://alefotografos.com.br/fotografo-de-feira-de-negocios","alefotografos.com.br","28% (cos=0.275 jac=0.237)","tfidf-cosine+shingle-jaccard","BAIXA","LOW","","MANUAL REVIEW"
"https://www.alefotografo.com.br/fotografia-para-advogados","alefotografo.com.br","https://alefotografos.com.br/fotografia-para-clinicas","alefotografos.com.br","28% (cos=0.278 jac=0.188)","tfidf-cosine+shingle-jaccard","BAIXA","LOW","","MANUAL REVIEW"
"https://www.alefotografo.com.br/eventos-corporativos","alefotografo.com.br","https://alefotografos.com.br/foto-profissional","alefotografos.com.br","28% (cos=0.275 jac=0.256)","tfidf-cosine+shingle-jaccard","BAIXA","LOW","","MANUAL REVIEW"
"https://www.alefotografo.com.br/fotografo-empresarial","alefotografo.com.br","https://alefotografos.com.br/fotografia-para-clinicas","alefotografos.com.br","28% (cos=0.279 jac=0.187)","tfidf-cosine+shingle-jaccard","BAIXA","LOW","","MANUAL REVIEW"
"https://www.alefotografo.com.br/fotografo-de-feira-de-negocios","alefotografo.com.br","https://alefotografos.com.br/fotos-corporativas","alefotografos.com.br","28% (cos=0.278 jac=0.25)","tfidf-cosine+shingle-jaccard","BAIXA","LOW","","MANUAL REVIEW"
"https://www.alefotografo.com.br/fotografo-de-feira-de-negocios","alefotografo.com.br","https://alefotografos.com.br/fotos-profissionais-medicos","alefotografos.com.br","28% (cos=0.276 jac=0.252)","tfidf-cosine+shingle-jaccard","BAIXA","LOW","","MANUAL REVIEW"
"https://www.alefotografo.com.br/portfolio","alefotografo.com.br","https://alefotografos.com.br/eventos-corporativos","alefotografos.com.br","28% (cos=0.277 jac=0.224)","tfidf-cosine+shingle-jaccard","BAIXA","LOW","","MANUAL REVIEW"
"https://www.alefotografo.com.br/sobre","alefotografo.com.br","https://alefotografos.com.br/foto-profissional","alefotografos.com.br","28% (cos=0.248 jac=0.277)","tfidf-cosine+shingle-jaccard","BAIXA","LOW","","MANUAL REVIEW"
"https://www.alefotografo.com.br/sobre","alefotografo.com.br","https://alefotografos.com.br/fotografia-executiva","alefotografos.com.br","28% (cos=0.28 jac=0.272)","tfidf-cosine+shingle-jaccard","BAIXA","LOW","","MANUAL REVIEW"
"https://www.alefotografo.com.br/sobre","alefotografo.com.br","https://alefotografos.com.br/fotografia-para-advogados","alefotografos.com.br","28% (cos=0.283 jac=0.277)","tfidf-cosine+shingle-jaccard","BAIXA","LOW","","MANUAL REVIEW"
"https://www.alefotografo.com.br/sobre","alefotografo.com.br","https://alefotografos.com.br/fotografo-de-feira-de-negocios","alefotografos.com.br","28% (cos=0.196 jac=0.277)","tfidf-cosine+shingle-jaccard","BAIXA","LOW","","MANUAL REVIEW"
"https://alefotografos.com.br/eventos-corporativos","alefotografos.com.br","https://videoscorporativos.com.br/cobertura-de-eventos-corporativos","videoscorporativos.com.br","28% (cos=0.279 jac=0.032)","tfidf-cosine+shingle-jaccard","BAIXA","LOW","","MANUAL REVIEW"
"https://www.alefotografo.com.br/","alefotografo.com.br","https://alefotografos.com.br/fotos-corporativas","alefotografos.com.br","27% (cos=0.266 jac=0.25)","tfidf-cosine+shingle-jaccard","BAIXA","LOW","","MANUAL REVIEW"
"https://www.alefotografo.com.br/","alefotografo.com.br","https://alefotografos.com.br/eventos-corporativos","alefotografos.com.br","27% (cos=0.27 jac=0.172)","tfidf-cosine+shingle-jaccard","BAIXA","LOW","","MANUAL REVIEW"
"https://www.alefotografo.com.br/fotografia-para-clinicas","alefotografo.com.br","https://alefotografos.com.br/","alefotografos.com.br","27% (cos=0.273 jac=0.141)","tfidf-cosine+shingle-jaccard","BAIXA","LOW","","MANUAL REVIEW"
"https://www.alefotografo.com.br/fotografo-empresarial","alefotografo.com.br","https://alefotografos.com.br/videos","alefotografos.com.br","27% (cos=0.272 jac=0.218)","tfidf-cosine+shingle-jaccard","BAIXA","LOW","","MANUAL REVIEW"
"https://www.alefotografo.com.br/portfolio","alefotografo.com.br","https://alefotografos.com.br/fotos-profissionais-medicos","alefotografos.com.br","27% (cos=0.266 jac=0.224)","tfidf-cosine+shingle-jaccard","BAIXA","LOW","","MANUAL REVIEW"
"https://www.alefotografo.com.br/videos","alefotografo.com.br","https://videoscorporativos.com.br/cases","videoscorporativos.com.br","27% (cos=0.27 jac=0.161)","tfidf-cosine+shingle-jaccard","BAIXA","LOW","","MANUAL REVIEW"
"https://www.alefotografo.com.br/videos","alefotografo.com.br","https://videoscorporativos.com.br/cases/tecnisa-almoco-com-fornecedores","videoscorporativos.com.br","27% (cos=0.267 jac=0.146)","tfidf-cosine+shingle-jaccard","BAIXA","LOW","","MANUAL REVIEW"
"https://www.alefotografo.com.br/videos","alefotografo.com.br","https://videoscorporativos.com.br/cases/unipac-50-anos","videoscorporativos.com.br","27% (cos=0.265 jac=0.149)","tfidf-cosine+shingle-jaccard","BAIXA","LOW","","MANUAL REVIEW"
"https://www.alefotografo.com.br/video-institucional","alefotografo.com.br","https://alefotografos.com.br/videos","alefotografos.com.br","27% (cos=0.266 jac=0.216)","tfidf-cosine+shingle-jaccard","BAIXA","LOW","","MANUAL REVIEW"
"https://www.alefotografo.com.br/blog","alefotografo.com.br","https://videoscorporativos.com.br/blog","videoscorporativos.com.br","27% (cos=0.27 jac=0.01)","tfidf-cosine+shingle-jaccard","BAIXA","LOW","","MANUAL REVIEW"
"https://www.alefotografo.com.br/sobre","alefotografo.com.br","https://alefotografos.com.br/","alefotografos.com.br","27% (cos=0.263 jac=0.269)","tfidf-cosine+shingle-jaccard","BAIXA","LOW","","MANUAL REVIEW"
"https://www.alefotografo.com.br/sobre","alefotografo.com.br","https://alefotografos.com.br/fotografia-para-clinicas","alefotografos.com.br","27% (cos=0.205 jac=0.272)","tfidf-cosine+shingle-jaccard","BAIXA","LOW","","MANUAL REVIEW"
"https://www.alefotografo.com.br/sobre","alefotografo.com.br","https://alefotografos.com.br/fotos-profissionais-medicos","alefotografos.com.br","27% (cos=0.246 jac=0.275)","tfidf-cosine+shingle-jaccard","BAIXA","LOW","","MANUAL REVIEW"
"https://www.alefotografo.com.br/sobre","alefotografo.com.br","https://alefotografos.com.br/eventos-corporativos","alefotografos.com.br","27% (cos=0.219 jac=0.275)","tfidf-cosine+shingle-jaccard","BAIXA","LOW","","MANUAL REVIEW"
"https://www.alefotografo.com.br/sobre","alefotografo.com.br","https://alefotografos.com.br/fotografo-empresarial","alefotografos.com.br","27% (cos=0.248 jac=0.275)","tfidf-cosine+shingle-jaccard","BAIXA","LOW","","MANUAL REVIEW"
"https://www.alefotografo.com.br/sobre","alefotografo.com.br","https://alefotografos.com.br/videos","alefotografos.com.br","27% (cos=0.208 jac=0.275)","tfidf-cosine+shingle-jaccard","BAIXA","LOW","","MANUAL REVIEW"
"https://www.alefotografo.com.br/sobre","alefotografo.com.br","https://alefotografos.com.br/depoimentos","alefotografos.com.br","27% (cos=0.126 jac=0.269)","tfidf-cosine+shingle-jaccard","BAIXA","LOW","","MANUAL REVIEW"
"https://www.alefotografo.com.br/quem-e-o-ale","alefotografo.com.br","https://alefotografos.com.br/","alefotografos.com.br","27% (cos=0.227 jac=0.267)","tfidf-cosine+shingle-jaccard","BAIXA","LOW","","MANUAL REVIEW"
"https://www.alefotografo.com.br/faq","alefotografo.com.br","https://alefotografos.com.br/fotos-corporativas","alefotografos.com.br","27% (cos=0.27 jac=0.243)","tfidf-cosine+shingle-jaccard","BAIXA","LOW","","MANUAL REVIEW"
"https://www.alefotografo.com.br/","alefotografo.com.br","https://alefotografos.com.br/fotografo-empresarial","alefotografos.com.br","26% (cos=0.265 jac=0.166)","tfidf-cosine+shingle-jaccard","BAIXA","LOW","","MANUAL REVIEW"
"https://www.alefotografo.com.br/foto-profissional","alefotografo.com.br","https://alefotografos.com.br/fotos-corporativas","alefotografos.com.br","26% (cos=0.259 jac=0.257)","tfidf-cosine+shingle-jaccard","BAIXA","LOW","","MANUAL REVIEW"
"https://www.alefotografo.com.br/foto-profissional","alefotografo.com.br","https://alefotografos.com.br/fotografia-para-clinicas","alefotografos.com.br","26% (cos=0.259 jac=0.201)","tfidf-cosine+shingle-jaccard","BAIXA","LOW","","MANUAL REVIEW"
"https://www.alefotografo.com.br/fotografo-de-feira-de-negocios","alefotografo.com.br","https://alefotografos.com.br/","alefotografos.com.br","26% (cos=0.257 jac=0.128)","tfidf-cosine+shingle-jaccard","BAIXA","LOW","","MANUAL REVIEW"
"https://www.alefotografo.com.br/fotografo-de-feira-de-negocios","alefotografo.com.br","https://alefotografos.com.br/foto-profissional","alefotografos.com.br","26% (cos=0.251 jac=0.256)","tfidf-cosine+shingle-jaccard","BAIXA","LOW","","MANUAL REVIEW"
"https://www.alefotografo.com.br/video-institucional","alefotografo.com.br","https://alefotografos.com.br/fotografo-empresarial","alefotografos.com.br","26% (cos=0.257 jac=0.21)","tfidf-cosine+shingle-jaccard","BAIXA","LOW","","MANUAL REVIEW"
"https://www.alefotografo.com.br/video-de-eventos-corporativos","alefotografo.com.br","https://videoscorporativos.com.br/cobertura-de-eventos-corporativos","videoscorporativos.com.br","26% (cos=0.259 jac=0.028)","tfidf-cosine+shingle-jaccard","BAIXA","LOW","","MANUAL REVIEW"
"https://www.alefotografo.com.br/video-para-feiras-e-stands","alefotografo.com.br","https://alefotografos.com.br/eventos-corporativos","alefotografos.com.br","26% (cos=0.258 jac=0.211)","tfidf-cosine+shingle-jaccard","BAIXA","LOW","","MANUAL REVIEW"
"https://www.alefotografo.com.br/quem-e-o-ale","alefotografo.com.br","https://alefotografos.com.br/foto-profissional","alefotografos.com.br","26% (cos=0.174 jac=0.265)","tfidf-cosine+shingle-jaccard","BAIXA","LOW","","MANUAL REVIEW"
"https://www.alefotografo.com.br/quem-e-o-ale","alefotografo.com.br","https://alefotografos.com.br/fotografia-para-clinicas","alefotografos.com.br","26% (cos=0.163 jac=0.26)","tfidf-cosine+shingle-jaccard","BAIXA","LOW","","MANUAL REVIEW"
"https://www.alefotografo.com.br/quem-e-o-ale","alefotografo.com.br","https://alefotografos.com.br/fotografia-executiva","alefotografos.com.br","26% (cos=0.185 jac=0.26)","tfidf-cosine+shingle-jaccard","BAIXA","LOW","","MANUAL REVIEW"
"https://www.alefotografo.com.br/quem-e-o-ale","alefotografo.com.br","https://alefotografos.com.br/fotos-profissionais-medicos","alefotografos.com.br","26% (cos=0.182 jac=0.262)","tfidf-cosine+shingle-jaccard","BAIXA","LOW","","MANUAL REVIEW"
"https://www.alefotografo.com.br/quem-e-o-ale","alefotografo.com.br","https://alefotografos.com.br/fotografia-para-advogados","alefotografos.com.br","26% (cos=0.206 jac=0.26)","tfidf-cosine+shingle-jaccard","BAIXA","LOW","","MANUAL REVIEW"
"https://www.alefotografo.com.br/quem-e-o-ale","alefotografo.com.br","https://alefotografos.com.br/eventos-corporativos","alefotografos.com.br","26% (cos=0.165 jac=0.26)","tfidf-cosine+shingle-jaccard","BAIXA","LOW","","MANUAL REVIEW"
"https://www.alefotografo.com.br/quem-e-o-ale","alefotografo.com.br","https://alefotografos.com.br/fotografo-empresarial","alefotografos.com.br","26% (cos=0.167 jac=0.257)","tfidf-cosine+shingle-jaccard","BAIXA","LOW","","MANUAL REVIEW"
"https://www.alefotografo.com.br/quem-e-o-ale","alefotografo.com.br","https://alefotografos.com.br/fotografo-de-feira-de-negocios","alefotografos.com.br","26% (cos=0.152 jac=0.257)","tfidf-cosine+shingle-jaccard","BAIXA","LOW","","MANUAL REVIEW"
"https://www.alefotografo.com.br/quem-e-o-ale","alefotografo.com.br","https://alefotografos.com.br/videos","alefotografos.com.br","26% (cos=0.174 jac=0.262)","tfidf-cosine+shingle-jaccard","BAIXA","LOW","","MANUAL REVIEW"
"https://www.alefotografo.com.br/quem-e-o-ale","alefotografo.com.br","https://videoscorporativos.com.br/autor/alexandre-machado","videoscorporativos.com.br","26% (cos=0.263 jac=0.147)","tfidf-cosine+shingle-jaccard","BAIXA","LOW","","MANUAL REVIEW"
"https://www.alefotografo.com.br/depoimentos","alefotografo.com.br","https://fotodeperfilprofissional.com.br/fotos-de-eventos-corporativos/","fotodeperfilprofissional.com.br","26% (cos=0.258 jac=0.103)","tfidf-cosine+shingle-jaccard","BAIXA","LOW","","MANUAL REVIEW"
"https://www.alefotografo.com.br/depoimentos","alefotografo.com.br","https://fotodeperfilprofissional.com.br/fotografia-institucional/","fotodeperfilprofissional.com.br","26% (cos=0.258 jac=0.103)","tfidf-cosine+shingle-jaccard","BAIXA","LOW","","MANUAL REVIEW"
"https://alefotografos.com.br/depoimentos","alefotografos.com.br","https://fotodeperfilprofissional.com.br/fotos-de-eventos-corporativos/","fotodeperfilprofissional.com.br","26% (cos=0.258 jac=0.103)","tfidf-cosine+shingle-jaccard","BAIXA","LOW","","MANUAL REVIEW"
"https://alefotografos.com.br/depoimentos","alefotografos.com.br","https://fotodeperfilprofissional.com.br/fotografia-institucional/","fotodeperfilprofissional.com.br","26% (cos=0.258 jac=0.103)","tfidf-cosine+shingle-jaccard","BAIXA","LOW","","MANUAL REVIEW"
"https://www.alefotografo.com.br/","alefotografo.com.br","https://alefotografos.com.br/fotografia-para-advogados","alefotografos.com.br","25% (cos=0.247 jac=0.181)","tfidf-cosine+shingle-jaccard","BAIXA","LOW","","MANUAL REVIEW"
"https://www.alefotografo.com.br/","alefotografo.com.br","https://alefotografos.com.br/fotografo-de-feira-de-negocios","alefotografos.com.br","25% (cos=0.25 jac=0.165)","tfidf-cosine+shingle-jaccard","BAIXA","LOW","","MANUAL REVIEW"
"https://www.alefotografo.com.br/foto-profissional-para-linkedin","alefotografo.com.br","https://alefotografos.com.br/fotos-corporativas","alefotografos.com.br","25% (cos=0.232 jac=0.245)","tfidf-cosine+shingle-jaccard","BAIXA","LOW","","MANUAL REVIEW"
"https://www.alefotografo.com.br/foto-profissional-para-linkedin","alefotografo.com.br","https://alefotografos.com.br/fotografia-para-advogados","alefotografos.com.br","25% (cos=0.252 jac=0.2)","tfidf-cosine+shingle-jaccard","BAIXA","LOW","","MANUAL REVIEW"
"https://www.alefotografo.com.br/fotografia-para-advogados","alefotografo.com.br","https://alefotografos.com.br/videos","alefotografos.com.br","25% (cos=0.252 jac=0.216)","tfidf-cosine+shingle-jaccard","BAIXA","LOW","","MANUAL REVIEW"
"https://www.alefotografo.com.br/portfolio","alefotografo.com.br","https://alefotografos.com.br/foto-profissional","alefotografos.com.br","25% (cos=0.246 jac=0.242)","tfidf-cosine+shingle-jaccard","BAIXA","LOW","","MANUAL REVIEW"
"https://www.alefotografo.com.br/portfolio","alefotografo.com.br","https://alefotografos.com.br/fotografia-para-clinicas","alefotografos.com.br","25% (cos=0.251 jac=0.222)","tfidf-cosine+shingle-jaccard","BAIXA","LOW","","MANUAL REVIEW"
"https://www.alefotografo.com.br/portfolio","alefotografo.com.br","https://alefotografos.com.br/fotografo-de-feira-de-negocios","alefotografos.com.br","25% (cos=0.249 jac=0.23)","tfidf-cosine+shingle-jaccard","BAIXA","LOW","","MANUAL REVIEW"
"https://www.alefotografo.com.br/videos","alefotografo.com.br","https://alefotografos.com.br/fotos-corporativas","alefotografos.com.br","25% (cos=0.198 jac=0.248)","tfidf-cosine+shingle-jaccard","BAIXA","LOW","","MANUAL REVIEW"
"https://www.alefotografo.com.br/video-institucional","alefotografo.com.br","https://alefotografos.com.br/fotos-corporativas","alefotografos.com.br","25% (cos=0.223 jac=0.248)","tfidf-cosine+shingle-jaccard","BAIXA","LOW","","MANUAL REVIEW"
"https://www.alefotografo.com.br/video-institucional","alefotografo.com.br","https://alefotografos.com.br/fotografia-executiva","alefotografos.com.br","25% (cos=0.249 jac=0.21)","tfidf-cosine+shingle-jaccard","BAIXA","LOW","","MANUAL REVIEW"
"https://www.alefotografo.com.br/video-de-eventos-corporativos","alefotografo.com.br","https://alefotografos.com.br/fotos-corporativas","alefotografos.com.br","25% (cos=0.216 jac=0.245)","tfidf-cosine+shingle-jaccard","BAIXA","LOW","","MANUAL REVIEW"
"https://www.alefotografo.com.br/video-para-feiras-e-stands","alefotografo.com.br","https://alefotografos.com.br/fotos-corporativas","alefotografos.com.br","25% (cos=0.207 jac=0.245)","tfidf-cosine+shingle-jaccard","BAIXA","LOW","","MANUAL REVIEW"
"https://www.alefotografo.com.br/blog","alefotografo.com.br","https://alefotografos.com.br/fotos-corporativas","alefotografos.com.br","25% (cos=0.161 jac=0.248)","tfidf-cosine+shingle-jaccard","BAIXA","LOW","","MANUAL REVIEW"
"https://www.alefotografo.com.br/quem-e-o-ale","alefotografo.com.br","https://alefotografos.com.br/depoimentos","alefotografos.com.br","25% (cos=0.13 jac=0.254)","tfidf-cosine+shingle-jaccard","BAIXA","LOW","","MANUAL REVIEW"
"https://www.alefotografo.com.br/depoimentos","alefotografo.com.br","https://alefotografos.com.br/fotos-corporativas","alefotografos.com.br","25% (cos=0.153 jac=0.245)","tfidf-cosine+shingle-jaccard","BAIXA","LOW","","MANUAL REVIEW"
"https://www.alefotografo.com.br/faq","alefotografo.com.br","https://alefotografos.com.br/videos","alefotografos.com.br","25% (cos=0.248 jac=0.21)","tfidf-cosine+shingle-jaccard","BAIXA","LOW","","MANUAL REVIEW"
"https://www.alefotografo.com.br/","alefotografo.com.br","https://alefotografos.com.br/fotos-profissionais-medicos","alefotografos.com.br","24% (cos=0.235 jac=0.178)","tfidf-cosine+shingle-jaccard","BAIXA","LOW","","MANUAL REVIEW"
"https://www.alefotografo.com.br/foto-profissional","alefotografo.com.br","https://alefotografos.com.br/eventos-corporativos","alefotografos.com.br","24% (cos=0.245 jac=0.191)","tfidf-cosine+shingle-jaccard","BAIXA","LOW","","MANUAL REVIEW"
"https://www.alefotografo.com.br/fotografia-executiva","alefotografo.com.br","https://alefotografos.com.br/videos","alefotografos.com.br","24% (cos=0.24 jac=0.214)","tfidf-cosine+shingle-jaccard","BAIXA","LOW","","MANUAL REVIEW"
"https://www.alefotografo.com.br/fotos-profissionais-medicos","alefotografo.com.br","https://alefotografos.com.br/videos","alefotografos.com.br","24% (cos=0.237 jac=0.212)","tfidf-cosine+shingle-jaccard","BAIXA","LOW","","MANUAL REVIEW"
"https://www.alefotografo.com.br/eventos-corporativos","alefotografo.com.br","https://videoscorporativos.com.br/cobertura-de-eventos-corporativos","videoscorporativos.com.br","24% (cos=0.244 jac=0.028)","tfidf-cosine+shingle-jaccard","BAIXA","LOW","","MANUAL REVIEW"
"https://www.alefotografo.com.br/videos","alefotografo.com.br","https://alefotografos.com.br/foto-profissional","alefotografos.com.br","24% (cos=0.133 jac=0.24)","tfidf-cosine+shingle-jaccard","BAIXA","LOW","","MANUAL REVIEW"
"https://www.alefotografo.com.br/video-institucional","alefotografo.com.br","https://alefotografos.com.br/foto-profissional","alefotografos.com.br","24% (cos=0.218 jac=0.238)","tfidf-cosine+shingle-jaccard","BAIXA","LOW","","MANUAL REVIEW"
"https://www.alefotografo.com.br/video-institucional","alefotografo.com.br","https://alefotografos.com.br/fotografia-para-advogados","alefotografos.com.br","24% (cos=0.241 jac=0.21)","tfidf-cosine+shingle-jaccard","BAIXA","LOW","","MANUAL REVIEW"
"https://www.alefotografo.com.br/video-de-eventos-corporativos","alefotografo.com.br","https://alefotografos.com.br/foto-profissional","alefotografos.com.br","24% (cos=0.188 jac=0.235)","tfidf-cosine+shingle-jaccard","BAIXA","LOW","","MANUAL REVIEW"
"https://www.alefotografo.com.br/video-para-feiras-e-stands","alefotografo.com.br","https://alefotografos.com.br/foto-profissional","alefotografos.com.br","24% (cos=0.177 jac=0.235)","tfidf-cosine+shingle-jaccard","BAIXA","LOW","","MANUAL REVIEW"
"https://www.alefotografo.com.br/video-para-feiras-e-stands","alefotografo.com.br","https://videoscorporativos.com.br/cases/sq-quimica-na-fce-pharma-cobertura-em-video-para-feiras-de-negocios","videoscorporativos.com.br","24% (cos=0.244 jac=0.039)","tfidf-cosine+shingle-jaccard","BAIXA","LOW","","MANUAL REVIEW"
"https://www.alefotografo.com.br/blog","alefotografo.com.br","https://alefotografos.com.br/foto-profissional","alefotografos.com.br","24% (cos=0.138 jac=0.235)","tfidf-cosine+shingle-jaccard","BAIXA","LOW","","MANUAL REVIEW"
"https://www.alefotografo.com.br/depoimentos","alefotografo.com.br","https://alefotografos.com.br/foto-profissional","alefotografos.com.br","24% (cos=0.132 jac=0.24)","tfidf-cosine+shingle-jaccard","BAIXA","LOW","","MANUAL REVIEW"
"https://www.alefotografo.com.br/depoimentos","alefotografo.com.br","https://fotodeperfilprofissional.com.br/ale-em-acao/","fotodeperfilprofissional.com.br","24% (cos=0.241 jac=0.101)","tfidf-cosine+shingle-jaccard","BAIXA","LOW","","MANUAL REVIEW"
"https://www.alefotografo.com.br/depoimentos","alefotografo.com.br","https://fotodeperfilprofissional.com.br/foto_profissional_quem_e_o_ale/","fotodeperfilprofissional.com.br","24% (cos=0.243 jac=0.109)","tfidf-cosine+shingle-jaccard","BAIXA","LOW","","MANUAL REVIEW"
"https://www.alefotografo.com.br/faq","alefotografo.com.br","https://alefotografos.com.br/fotografia-para-clinicas","alefotografos.com.br","24% (cos=0.243 jac=0.19)","tfidf-cosine+shingle-jaccard","BAIXA","LOW","","MANUAL REVIEW"
"https://alefotografos.com.br/depoimentos","alefotografos.com.br","https://fotodeperfilprofissional.com.br/ale-em-acao/","fotodeperfilprofissional.com.br","24% (cos=0.238 jac=0.101)","tfidf-cosine+shingle-jaccard","BAIXA","LOW","","MANUAL REVIEW"
"https://alefotografos.com.br/depoimentos","alefotografos.com.br","https://fotodeperfilprofissional.com.br/foto_profissional_quem_e_o_ale/","fotodeperfilprofissional.com.br","24% (cos=0.243 jac=0.109)","tfidf-cosine+shingle-jaccard","BAIXA","LOW","","MANUAL REVIEW"
"https://www.alefotografo.com.br/","alefotografo.com.br","https://alefotografos.com.br/videos","alefotografos.com.br","23% (cos=0.227 jac=0.212)","tfidf-cosine+shingle-jaccard","BAIXA","LOW","","MANUAL REVIEW"
"https://www.alefotografo.com.br/","alefotografo.com.br","https://videoscorporativos.com.br/","videoscorporativos.com.br","23% (cos=0.234 jac=0.026)","tfidf-cosine+shingle-jaccard","BAIXA","LOW","","MANUAL REVIEW"
"https://www.alefotografo.com.br/foto-profissional","alefotografo.com.br","https://alefotografos.com.br/fotografo-de-feira-de-negocios","alefotografos.com.br","23% (cos=0.23 jac=0.181)","tfidf-cosine+shingle-jaccard","BAIXA","LOW","","MANUAL REVIEW"
"https://www.alefotografo.com.br/fotografia-executiva","alefotografo.com.br","https://alefotografos.com.br/fotografia-para-clinicas","alefotografos.com.br","23% (cos=0.232 jac=0.19)","tfidf-cosine+shingle-jaccard","BAIXA","LOW","","MANUAL REVIEW"
"https://www.alefotografo.com.br/eventos-corporativos","alefotografo.com.br","https://alefotografos.com.br/videos","alefotografos.com.br","23% (cos=0.233 jac=0.21)","tfidf-cosine+shingle-jaccard","BAIXA","LOW","","MANUAL REVIEW"
"https://www.alefotografo.com.br/portfolio","alefotografo.com.br","https://alefotografos.com.br/videos","alefotografos.com.br","23% (cos=0.235 jac=0.228)","tfidf-cosine+shingle-jaccard","BAIXA","LOW","","MANUAL REVIEW"
"https://www.alefotografo.com.br/videos","alefotografo.com.br","https://videoscorporativos.com.br/cases/sq-quimica-na-fce-pharma-cobertura-em-video-para-feiras-de-negocios","videoscorporativos.com.br","23% (cos=0.232 jac=0.156)","tfidf-cosine+shingle-jaccard","BAIXA","LOW","","MANUAL REVIEW"
"https://www.alefotografo.com.br/video-de-eventos-corporativos","alefotografo.com.br","https://alefotografos.com.br/videos","alefotografos.com.br","23% (cos=0.23 jac=0.21)","tfidf-cosine+shingle-jaccard","BAIXA","LOW","","MANUAL REVIEW"
"https://www.alefotografo.com.br/video-de-eventos-corporativos","alefotografo.com.br","https://videoscorporativos.com.br/","videoscorporativos.com.br","23% (cos=0.23 jac=0.016)","tfidf-cosine+shingle-jaccard","BAIXA","LOW","","MANUAL REVIEW"
"https://www.alefotografo.com.br/video-para-feiras-e-stands","alefotografo.com.br","https://alefotografos.com.br/fotografo-de-feira-de-negocios","alefotografos.com.br","23% (cos=0.234 jac=0.211)","tfidf-cosine+shingle-jaccard","BAIXA","LOW","","MANUAL REVIEW"
"https://www.alefotografo.com.br/fotos-corporativas","alefotografo.com.br","https://alefotografos.com.br/depoimentos","alefotografos.com.br","22% (cos=0.134 jac=0.222)","tfidf-cosine+shingle-jaccard","BAIXA","LOW","","MANUAL REVIEW"
"https://www.alefotografo.com.br/fotos-corporativas","alefotografo.com.br","https://videoscorporativos.com.br/","videoscorporativos.com.br","22% (cos=0.218 jac=0.011)","tfidf-cosine+shingle-jaccard","BAIXA","LOW","","MANUAL REVIEW"
"https://www.alefotografo.com.br/foto-profissional","alefotografo.com.br","https://alefotografos.com.br/depoimentos","alefotografos.com.br","22% (cos=0.105 jac=0.225)","tfidf-cosine+shingle-jaccard","BAIXA","LOW","","MANUAL REVIEW"
"https://www.alefotografo.com.br/foto-profissional-para-linkedin","alefotografo.com.br","https://alefotografos.com.br/","alefotografos.com.br","22% (cos=0.216 jac=0.198)","tfidf-cosine+shingle-jaccard","BAIXA","LOW","","MANUAL REVIEW"
"https://www.alefotografo.com.br/foto-profissional-para-linkedin","alefotografo.com.br","https://alefotografos.com.br/fotografo-empresarial","alefotografos.com.br","22% (cos=0.215 jac=0.192)","tfidf-cosine+shingle-jaccard","BAIXA","LOW","","MANUAL REVIEW"
"https://www.alefotografo.com.br/foto-profissional-para-linkedin","alefotografo.com.br","https://alefotografos.com.br/depoimentos","alefotografos.com.br","22% (cos=0.117 jac=0.22)","tfidf-cosine+shingle-jaccard","BAIXA","LOW","","MANUAL REVIEW"
"https://www.alefotografo.com.br/fotografia-para-clinicas","alefotografo.com.br","https://alefotografos.com.br/videos","alefotografos.com.br","22% (cos=0.217 jac=0.214)","tfidf-cosine+shingle-jaccard","BAIXA","LOW","","MANUAL REVIEW"
"https://www.alefotografo.com.br/fotografia-para-clinicas","alefotografo.com.br","https://alefotografos.com.br/depoimentos","alefotografos.com.br","22% (cos=0.132 jac=0.22)","tfidf-cosine+shingle-jaccard","BAIXA","LOW","","MANUAL REVIEW"
"https://www.alefotografo.com.br/fotografia-executiva","alefotografo.com.br","https://alefotografos.com.br/depoimentos","alefotografos.com.br","22% (cos=0.115 jac=0.22)","tfidf-cosine+shingle-jaccard","BAIXA","LOW","","MANUAL REVIEW"
"https://www.alefotografo.com.br/fotos-profissionais-medicos","alefotografo.com.br","https://alefotografos.com.br/depoimentos","alefotografos.com.br","22% (cos=0.138 jac=0.22)","tfidf-cosine+shingle-jaccard","BAIXA","LOW","","MANUAL REVIEW"
"https://www.alefotografo.com.br/fotos-profissionais-medicos","alefotografo.com.br","https://videoscorporativos.com.br/video-para-clinicas","videoscorporativos.com.br","22% (cos=0.216 jac=0.012)","tfidf-cosine+shingle-jaccard","BAIXA","LOW","","MANUAL REVIEW"
"https://www.alefotografo.com.br/fotografia-para-advogados","alefotografo.com.br","https://alefotografos.com.br/depoimentos","alefotografos.com.br","22% (cos=0.13 jac=0.22)","tfidf-cosine+shingle-jaccard","BAIXA","LOW","","MANUAL REVIEW"
"https://www.alefotografo.com.br/fotografia-para-advogados","alefotografo.com.br","https://videoscorporativos.com.br/","videoscorporativos.com.br","22% (cos=0.22 jac=0.014)","tfidf-cosine+shingle-jaccard","BAIXA","LOW","","MANUAL REVIEW"
"https://www.alefotografo.com.br/eventos-corporativos","alefotografo.com.br","https://alefotografos.com.br/depoimentos","alefotografos.com.br","22% (cos=0.114 jac=0.22)","tfidf-cosine+shingle-jaccard","BAIXA","LOW","","MANUAL REVIEW"
"https://www.alefotografo.com.br/eventos-corporativos","alefotografo.com.br","https://videoscorporativos.com.br/","videoscorporativos.com.br","22% (cos=0.216 jac=0.019)","tfidf-cosine+shingle-jaccard","BAIXA","LOW","","MANUAL REVIEW"
"https://www.alefotografo.com.br/fotografo-empresarial","alefotografo.com.br","https://alefotografos.com.br/depoimentos","alefotografos.com.br","22% (cos=0.126 jac=0.222)","tfidf-cosine+shingle-jaccard","BAIXA","LOW","","MANUAL REVIEW"
"https://www.alefotografo.com.br/fotografo-empresarial","alefotografo.com.br","https://videoscorporativos.com.br/","videoscorporativos.com.br","22% (cos=0.224 jac=0.012)","tfidf-cosine+shingle-jaccard","BAIXA","LOW","","MANUAL REVIEW"
"https://www.alefotografo.com.br/fotografo-de-feira-de-negocios","alefotografo.com.br","https://alefotografos.com.br/videos","alefotografos.com.br","22% (cos=0.218 jac=0.212)","tfidf-cosine+shingle-jaccard","BAIXA","LOW","","MANUAL REVIEW"
"https://www.alefotografo.com.br/fotografo-de-feira-de-negocios","alefotografo.com.br","https://alefotografos.com.br/depoimentos","alefotografos.com.br","22% (cos=0.111 jac=0.22)","tfidf-cosine+shingle-jaccard","BAIXA","LOW","","MANUAL REVIEW"
"https://www.alefotografo.com.br/portfolio","alefotografo.com.br","https://alefotografos.com.br/depoimentos","alefotografos.com.br","22% (cos=0.121 jac=0.218)","tfidf-cosine+shingle-jaccard","BAIXA","LOW","","MANUAL REVIEW"
"https://www.alefotografo.com.br/videos","alefotografo.com.br","https://alefotografos.com.br/","alefotografos.com.br","22% (cos=0.216 jac=0.146)","tfidf-cosine+shingle-jaccard","BAIXA","LOW","","MANUAL REVIEW"
"https://www.alefotografo.com.br/videos","alefotografo.com.br","https://alefotografos.com.br/depoimentos","alefotografos.com.br","22% (cos=0.108 jac=0.222)","tfidf-cosine+shingle-jaccard","BAIXA","LOW","","MANUAL REVIEW"
"https://www.alefotografo.com.br/videos","alefotografo.com.br","https://videoscorporativos.com.br/cases/procooler-na-febrava-cobertura-de-feiras-e-eventos-corporativos","videoscorporativos.com.br","22% (cos=0.216 jac=0.148)","tfidf-cosine+shingle-jaccard","BAIXA","LOW","","MANUAL REVIEW"
"https://www.alefotografo.com.br/video-institucional","alefotografo.com.br","https://alefotografos.com.br/","alefotografos.com.br","22% (cos=0.224 jac=0.212)","tfidf-cosine+shingle-jaccard","BAIXA","LOW","","MANUAL REVIEW"
"https://www.alefotografo.com.br/video-institucional","alefotografo.com.br","https://alefotografos.com.br/depoimentos","alefotografos.com.br","22% (cos=0.136 jac=0.22)","tfidf-cosine+shingle-jaccard","BAIXA","LOW","","MANUAL REVIEW"
"https://www.alefotografo.com.br/video-institucional","alefotografo.com.br","https://videoscorporativos.com.br/","videoscorporativos.com.br","22% (cos=0.222 jac=0.012)","tfidf-cosine+shingle-jaccard","BAIXA","LOW","","MANUAL REVIEW"
"https://www.alefotografo.com.br/video-de-eventos-corporativos","alefotografo.com.br","https://alefotografos.com.br/","alefotografos.com.br","22% (cos=0.216 jac=0.199)","tfidf-cosine+shingle-jaccard","BAIXA","LOW","","MANUAL REVIEW"
"https://www.alefotografo.com.br/video-de-eventos-corporativos","alefotografo.com.br","https://alefotografos.com.br/fotografia-executiva","alefotografos.com.br","22% (cos=0.216 jac=0.197)","tfidf-cosine+shingle-jaccard","BAIXA","LOW","","MANUAL REVIEW"
"https://www.alefotografo.com.br/video-de-eventos-corporativos","alefotografo.com.br","https://alefotografos.com.br/depoimentos","alefotografos.com.br","22% (cos=0.109 jac=0.218)","tfidf-cosine+shingle-jaccard","BAIXA","LOW","","MANUAL REVIEW"
"https://www.alefotografo.com.br/video-para-feiras-e-stands","alefotografo.com.br","https://alefotografos.com.br/","alefotografos.com.br","22% (cos=0.206 jac=0.215)","tfidf-cosine+shingle-jaccard","BAIXA","LOW","","MANUAL REVIEW"
"https://www.alefotografo.com.br/video-para-feiras-e-stands","alefotografo.com.br","https://alefotografos.com.br/videos","alefotografos.com.br","22% (cos=0.218 jac=0.215)","tfidf-cosine+shingle-jaccard","BAIXA","LOW","","MANUAL REVIEW"
"https://www.alefotografo.com.br/video-para-feiras-e-stands","alefotografo.com.br","https://alefotografos.com.br/depoimentos","alefotografos.com.br","22% (cos=0.099 jac=0.218)","tfidf-cosine+shingle-jaccard","BAIXA","LOW","","MANUAL REVIEW"
"https://www.alefotografo.com.br/video-para-feiras-e-stands","alefotografo.com.br","https://videoscorporativos.com.br/cases/procooler-na-febrava-cobertura-de-feiras-e-eventos-corporativos","videoscorporativos.com.br","22% (cos=0.218 jac=0.031)","tfidf-cosine+shingle-jaccard","BAIXA","LOW","","MANUAL REVIEW"
"https://www.alefotografo.com.br/blog","alefotografo.com.br","https://alefotografos.com.br/depoimentos","alefotografos.com.br","22% (cos=0.094 jac=0.218)","tfidf-cosine+shingle-jaccard","BAIXA","LOW","","MANUAL REVIEW"
"https://www.alefotografo.com.br/faq","alefotografo.com.br","https://alefotografos.com.br/depoimentos","alefotografos.com.br","22% (cos=0.114 jac=0.218)","tfidf-cosine+shingle-jaccard","BAIXA","LOW","","MANUAL REVIEW"
"https://alefotografos.com.br/eventos-corporativos","alefotografos.com.br","https://videoscorporativos.com.br/","videoscorporativos.com.br","22% (cos=0.223 jac=0.022)","tfidf-cosine+shingle-jaccard","BAIXA","LOW","","MANUAL REVIEW"
"https://www.alefotografo.com.br/","alefotografo.com.br","https://fotodeperfilprofissional.com.br/ale-em-acao/","fotodeperfilprofissional.com.br","21% (cos=0.215 jac=0.101)","tfidf-cosine+shingle-jaccard","BAIXA","LOW","","MANUAL REVIEW"
"https://www.alefotografo.com.br/foto-profissional","alefotografo.com.br","https://alefotografos.com.br/videos","alefotografos.com.br","21% (cos=0.212 jac=0.212)","tfidf-cosine+shingle-jaccard","BAIXA","LOW","","MANUAL REVIEW"
"https://www.alefotografo.com.br/foto-profissional-para-linkedin","alefotografo.com.br","https://alefotografos.com.br/fotos-profissionais-medicos","alefotografos.com.br","21% (cos=0.214 jac=0.198)","tfidf-cosine+shingle-jaccard","BAIXA","LOW","","MANUAL REVIEW"
"https://www.alefotografo.com.br/foto-profissional-para-linkedin","alefotografo.com.br","https://alefotografos.com.br/videos","alefotografos.com.br","21% (cos=0.186 jac=0.208)","tfidf-cosine+shingle-jaccard","BAIXA","LOW","","MANUAL REVIEW"
"https://www.alefotografo.com.br/fotografia-para-clinicas","alefotografo.com.br","https://alefotografos.com.br/eventos-corporativos","alefotografos.com.br","21% (cos=0.213 jac=0.172)","tfidf-cosine+shingle-jaccard","BAIXA","LOW","","MANUAL REVIEW"
"https://www.alefotografo.com.br/fotografia-para-clinicas","alefotografo.com.br","https://alefotografos.com.br/fotografo-de-feira-de-negocios","alefotografos.com.br","21% (cos=0.214 jac=0.163)","tfidf-cosine+shingle-jaccard","BAIXA","LOW","","MANUAL REVIEW"
"https://www.alefotografo.com.br/fotografia-para-clinicas","alefotografo.com.br","https://videoscorporativos.com.br/video-para-clinicas","videoscorporativos.com.br","21% (cos=0.212 jac=0.016)","tfidf-cosine+shingle-jaccard","BAIXA","LOW","","MANUAL REVIEW"
"https://www.alefotografo.com.br/eventos-corporativos","alefotografo.com.br","https://alefotografos.com.br/fotografia-para-clinicas","alefotografos.com.br","21% (cos=0.208 jac=0.185)","tfidf-cosine+shingle-jaccard","BAIXA","LOW","","MANUAL REVIEW"
"https://www.alefotografo.com.br/fotografo-de-feira-de-negocios","alefotografo.com.br","https://alefotografos.com.br/fotografia-para-clinicas","alefotografos.com.br","21% (cos=0.21 jac=0.185)","tfidf-cosine+shingle-jaccard","BAIXA","LOW","","MANUAL REVIEW"
"https://www.alefotografo.com.br/video-institucional","alefotografo.com.br","https://alefotografos.com.br/fotografia-para-clinicas","alefotografos.com.br","21% (cos=0.161 jac=0.207)","tfidf-cosine+shingle-jaccard","BAIXA","LOW","","MANUAL REVIEW"
"https://www.alefotografo.com.br/video-institucional","alefotografo.com.br","https://alefotografos.com.br/fotos-profissionais-medicos","alefotografos.com.br","21% (cos=0.212 jac=0.21)","tfidf-cosine+shingle-jaccard","BAIXA","LOW","","MANUAL REVIEW"
"https://www.alefotografo.com.br/video-institucional","alefotografo.com.br","https://alefotografos.com.br/eventos-corporativos","alefotografos.com.br","21% (cos=0.213 jac=0.207)","tfidf-cosine+shingle-jaccard","BAIXA","LOW","","MANUAL REVIEW"
"https://www.alefotografo.com.br/video-institucional","alefotografo.com.br","https://alefotografos.com.br/fotografo-de-feira-de-negocios","alefotografos.com.br","21% (cos=0.19 jac=0.207)","tfidf-cosine+shingle-jaccard","BAIXA","LOW","","MANUAL REVIEW"
"https://www.alefotografo.com.br/video-de-eventos-corporativos","alefotografo.com.br","https://alefotografos.com.br/fotografo-de-feira-de-negocios","alefotografos.com.br","21% (cos=0.211 jac=0.195)","tfidf-cosine+shingle-jaccard","BAIXA","LOW","","MANUAL REVIEW"
"https://www.alefotografo.com.br/video-para-feiras-e-stands","alefotografo.com.br","https://alefotografos.com.br/fotografia-para-clinicas","alefotografos.com.br","21% (cos=0.169 jac=0.209)","tfidf-cosine+shingle-jaccard","BAIXA","LOW","","MANUAL REVIEW"
"https://www.alefotografo.com.br/video-para-feiras-e-stands","alefotografo.com.br","https://alefotografos.com.br/fotografia-executiva","alefotografos.com.br","21% (cos=0.213 jac=0.213)","tfidf-cosine+shingle-jaccard","BAIXA","LOW","","MANUAL REVIEW"
"https://www.alefotografo.com.br/video-para-feiras-e-stands","alefotografo.com.br","https://alefotografos.com.br/fotos-profissionais-medicos","alefotografos.com.br","21% (cos=0.178 jac=0.213)","tfidf-cosine+shingle-jaccard","BAIXA","LOW","","MANUAL REVIEW"
"https://www.alefotografo.com.br/video-para-feiras-e-stands","alefotografo.com.br","https://alefotografos.com.br/fotografia-para-advogados","alefotografos.com.br","21% (cos=0.208 jac=0.213)","tfidf-cosine+shingle-jaccard","BAIXA","LOW","","MANUAL REVIEW"
"https://www.alefotografo.com.br/video-para-feiras-e-stands","alefotografo.com.br","https://alefotografos.com.br/fotografo-empresarial","alefotografos.com.br","21% (cos=0.202 jac=0.211)","tfidf-cosine+shingle-jaccard","BAIXA","LOW","","MANUAL REVIEW"
"https://www.alefotografo.com.br/blog","alefotografo.com.br","https://alefotografos.com.br/videos","alefotografos.com.br","21% (cos=0.147 jac=0.21)","tfidf-cosine+shingle-jaccard","BAIXA","LOW","","MANUAL REVIEW"
"https://www.alefotografo.com.br/depoimentos","alefotografo.com.br","https://alefotografos.com.br/fotografia-para-clinicas","alefotografos.com.br","21% (cos=0.143 jac=0.207)","tfidf-cosine+shingle-jaccard","BAIXA","LOW","","MANUAL REVIEW"
"https://www.alefotografo.com.br/depoimentos","alefotografo.com.br","https://alefotografos.com.br/fotografia-executiva","alefotografos.com.br","21% (cos=0.127 jac=0.211)","tfidf-cosine+shingle-jaccard","BAIXA","LOW","","MANUAL REVIEW"
"https://www.alefotografo.com.br/depoimentos","alefotografo.com.br","https://alefotografos.com.br/fotos-profissionais-medicos","alefotografos.com.br","21% (cos=0.143 jac=0.211)","tfidf-cosine+shingle-jaccard","BAIXA","LOW","","MANUAL REVIEW"
"https://www.alefotografo.com.br/depoimentos","alefotografo.com.br","https://alefotografos.com.br/fotografia-para-advogados","alefotografos.com.br","21% (cos=0.141 jac=0.211)","tfidf-cosine+shingle-jaccard","BAIXA","LOW","","MANUAL REVIEW"
"https://www.alefotografo.com.br/depoimentos","alefotografo.com.br","https://alefotografos.com.br/eventos-corporativos","alefotografos.com.br","21% (cos=0.119 jac=0.209)","tfidf-cosine+shingle-jaccard","BAIXA","LOW","","MANUAL REVIEW"
"https://www.alefotografo.com.br/depoimentos","alefotografo.com.br","https://alefotografos.com.br/fotografo-empresarial","alefotografos.com.br","21% (cos=0.133 jac=0.209)","tfidf-cosine+shingle-jaccard","BAIXA","LOW","","MANUAL REVIEW"
"https://www.alefotografo.com.br/depoimentos","alefotografo.com.br","https://alefotografos.com.br/fotografo-de-feira-de-negocios","alefotografos.com.br","21% (cos=0.123 jac=0.209)","tfidf-cosine+shingle-jaccard","BAIXA","LOW","","MANUAL REVIEW"
"https://www.alefotografo.com.br/depoimentos","alefotografo.com.br","https://alefotografos.com.br/videos","alefotografos.com.br","21% (cos=0.13 jac=0.213)","tfidf-cosine+shingle-jaccard","BAIXA","LOW","","MANUAL REVIEW"
"https://alefotografos.com.br/fotografia-para-clinicas","alefotografos.com.br","https://videoscorporativos.com.br/video-para-clinicas","videoscorporativos.com.br","21% (cos=0.21 jac=0.012)","tfidf-cosine+shingle-jaccard","BAIXA","LOW","","MANUAL REVIEW"
"https://alefotografos.com.br/fotografo-empresarial","alefotografos.com.br","https://videoscorporativos.com.br/","videoscorporativos.com.br","21% (cos=0.208 jac=0.01)","tfidf-cosine+shingle-jaccard","BAIXA","LOW","","MANUAL REVIEW"
"https://alefotografos.com.br/videos","alefotografos.com.br","https://videoscorporativos.com.br/video-para-empresas","videoscorporativos.com.br","21% (cos=0.21 jac=0.019)","tfidf-cosine+shingle-jaccard","BAIXA","LOW","","MANUAL REVIEW"
"https://www.alefotografo.com.br/","alefotografo.com.br","https://alefotografos.com.br/fotografia-para-clinicas","alefotografos.com.br","20% (cos=0.199 jac=0.188)","tfidf-cosine+shingle-jaccard","BAIXA","LOW","","MANUAL REVIEW"
"https://www.alefotografo.com.br/foto-profissional-para-linkedin","alefotografo.com.br","https://alefotografos.com.br/eventos-corporativos","alefotografos.com.br","20% (cos=0.183 jac=0.196)","tfidf-cosine+shingle-jaccard","BAIXA","LOW","","MANUAL REVIEW"
"https://www.alefotografo.com.br/fotografia-executiva","alefotografo.com.br","https://videoscorporativos.com.br/","videoscorporativos.com.br","20% (cos=0.196 jac=0.012)","tfidf-cosine+shingle-jaccard","BAIXA","LOW","","MANUAL REVIEW"
"https://www.alefotografo.com.br/fotos-profissionais-medicos","alefotografo.com.br","https://videoscorporativos.com.br/","videoscorporativos.com.br","20% (cos=0.203 jac=0.01)","tfidf-cosine+shingle-jaccard","BAIXA","LOW","","MANUAL REVIEW"
"https://www.alefotografo.com.br/video-de-eventos-corporativos","alefotografo.com.br","https://alefotografos.com.br/fotografia-para-clinicas","alefotografos.com.br","20% (cos=0.152 jac=0.195)","tfidf-cosine+shingle-jaccard","BAIXA","LOW","","MANUAL REVIEW"
"https://www.alefotografo.com.br/video-de-eventos-corporativos","alefotografo.com.br","https://alefotografos.com.br/fotos-profissionais-medicos","alefotografos.com.br","20% (cos=0.177 jac=0.197)","tfidf-cosine+shingle-jaccard","BAIXA","LOW","","MANUAL REVIEW"
"https://www.alefotografo.com.br/video-de-eventos-corporativos","alefotografo.com.br","https://alefotografos.com.br/fotografia-para-advogados","alefotografos.com.br","20% (cos=0.197 jac=0.197)","tfidf-cosine+shingle-jaccard","BAIXA","LOW","","MANUAL REVIEW"
"https://www.alefotografo.com.br/video-de-eventos-corporativos","alefotografo.com.br","https://alefotografos.com.br/fotografo-empresarial","alefotografos.com.br","20% (cos=0.195 jac=0.195)","tfidf-cosine+shingle-jaccard","BAIXA","LOW","","MANUAL REVIEW"
"https://www.alefotografo.com.br/depoimentos","alefotografo.com.br","https://fotodeperfilprofissional.com.br/fotografia-de-produtos/","fotodeperfilprofissional.com.br","20% (cos=0.201 jac=0.084)","tfidf-cosine+shingle-jaccard","BAIXA","LOW","","MANUAL REVIEW"
"https://www.alefotografo.com.br/depoimentos","alefotografo.com.br","https://fotodeperfilprofissional.com.br/retratocorporativo/","fotodeperfilprofissional.com.br","20% (cos=0.2 jac=0.088)","tfidf-cosine+shingle-jaccard","BAIXA","LOW","","MANUAL REVIEW"
"https://alefotografos.com.br/fotos-profissionais-medicos","alefotografos.com.br","https://videoscorporativos.com.br/video-para-clinicas","videoscorporativos.com.br","20% (cos=0.203 jac=0.008)","tfidf-cosine+shingle-jaccard","BAIXA","LOW","","MANUAL REVIEW"
"https://alefotografos.com.br/fotografia-para-advogados","alefotografos.com.br","https://videoscorporativos.com.br/","videoscorporativos.com.br","20% (cos=0.197 jac=0.011)","tfidf-cosine+shingle-jaccard","BAIXA","LOW","","MANUAL REVIEW"
"https://alefotografos.com.br/videos","alefotografos.com.br","https://videoscorporativos.com.br/autor/alexandre-machado","videoscorporativos.com.br","20% (cos=0.198 jac=0.086)","tfidf-cosine+shingle-jaccard","BAIXA","LOW","","MANUAL REVIEW"
"https://alefotografos.com.br/videos","alefotografos.com.br","https://videoscorporativos.com.br/reels-corporativos","videoscorporativos.com.br","20% (cos=0.2 jac=0.039)","tfidf-cosine+shingle-jaccard","BAIXA","LOW","","MANUAL REVIEW"
"https://alefotografos.com.br/videos","alefotografos.com.br","https://videoscorporativos.com.br/video-para-clinicas","videoscorporativos.com.br","20% (cos=0.205 jac=0.033)","tfidf-cosine+shingle-jaccard","BAIXA","LOW","","MANUAL REVIEW"
"https://alefotografos.com.br/videos","alefotografos.com.br","https://videoscorporativos.com.br/cases/tecnisa-almoco-com-fornecedores","videoscorporativos.com.br","20% (cos=0.197 jac=0.089)","tfidf-cosine+shingle-jaccard","BAIXA","LOW","","MANUAL REVIEW"
"https://alefotografos.com.br/videos","alefotografos.com.br","https://videoscorporativos.com.br/cases/unipac-50-anos","videoscorporativos.com.br","20% (cos=0.201 jac=0.091)","tfidf-cosine+shingle-jaccard","BAIXA","LOW","","MANUAL REVIEW"
"https://alefotografos.com.br/depoimentos","alefotografos.com.br","https://fotodeperfilprofissional.com.br/fotografia-de-produtos/","fotodeperfilprofissional.com.br","20% (cos=0.2 jac=0.088)","tfidf-cosine+shingle-jaccard","BAIXA","LOW","","MANUAL REVIEW"
"https://alefotografos.com.br/depoimentos","alefotografos.com.br","https://fotodeperfilprofissional.com.br/retratocorporativo/","fotodeperfilprofissional.com.br","20% (cos=0.198 jac=0.088)","tfidf-cosine+shingle-jaccard","BAIXA","LOW","","MANUAL REVIEW"
"https://alefotografos.com.br/faq","alefotografos.com.br","https://videoscorporativos.com.br/video-institucional-sao-paulo","videoscorporativos.com.br","20% (cos=0.195 jac=0.013)","tfidf-cosine+shingle-jaccard","BAIXA","LOW","","MANUAL REVIEW"
"https://www.alefotografo.com.br/","alefotografo.com.br","https://videoscorporativos.com.br/precos","videoscorporativos.com.br","19% (cos=0.186 jac=0.04)","tfidf-cosine+shingle-jaccard","BAIXA","LOW","","MANUAL REVIEW"
"https://www.alefotografo.com.br/","alefotografo.com.br","https://fotodeperfilprofissional.com.br/retrato_corporativo_ale_fotografo_contato/","fotodeperfilprofissional.com.br","19% (cos=0.194 jac=0.133)","tfidf-cosine+shingle-jaccard","BAIXA","LOW","","MANUAL REVIEW"
"https://www.alefotografo.com.br/fotografo-corporativo","alefotografo.com.br","https://fotografoale.com.br/fotografia-corporativa","fotografoale.com.br","19% (cos=0.192 jac=0)","tfidf-cosine+shingle-jaccard","BAIXA","LOW","","MANUAL REVIEW"
"https://www.alefotografo.com.br/foto-profissional-para-linkedin","alefotografo.com.br","https://alefotografos.com.br/fotografia-para-clinicas","alefotografos.com.br","19% (cos=0.19 jac=0.192)","tfidf-cosine+shingle-jaccard","BAIXA","LOW","","MANUAL REVIEW"
"https://www.alefotografo.com.br/foto-profissional-para-linkedin","alefotografo.com.br","https://alefotografos.com.br/fotografo-de-feira-de-negocios","alefotografos.com.br","19% (cos=0.179 jac=0.192)","tfidf-cosine+shingle-jaccard","BAIXA","LOW","","MANUAL REVIEW"
"https://www.alefotografo.com.br/fotografia-para-clinicas","alefotografo.com.br","https://videoscorporativos.com.br/","videoscorporativos.com.br","19% (cos=0.194 jac=0.008)","tfidf-cosine+shingle-jaccard","BAIXA","LOW","","MANUAL REVIEW"
"https://www.alefotografo.com.br/eventos-corporativos","alefotografo.com.br","https://videoscorporativos.com.br/filmagem-evento-corporativo-sao-paulo","videoscorporativos.com.br","19% (cos=0.188 jac=0.012)","tfidf-cosine+shingle-jaccard","BAIXA","LOW","","MANUAL REVIEW"
"https://www.alefotografo.com.br/fotografo-empresarial","alefotografo.com.br","https://videoscorporativos.com.br/video-para-empresas","videoscorporativos.com.br","19% (cos=0.189 jac=0.008)","tfidf-cosine+shingle-jaccard","BAIXA","LOW","","MANUAL REVIEW"
"https://www.alefotografo.com.br/fotografo-empresarial","alefotografo.com.br","https://videoscorporativos.com.br/video-para-industrias","videoscorporativos.com.br","19% (cos=0.185 jac=0.008)","tfidf-cosine+shingle-jaccard","BAIXA","LOW","","MANUAL REVIEW"
"https://www.alefotografo.com.br/fotografo-de-feira-de-negocios","alefotografo.com.br","https://videoscorporativos.com.br/","videoscorporativos.com.br","19% (cos=0.192 jac=0.011)","tfidf-cosine+shingle-jaccard","BAIXA","LOW","","MANUAL REVIEW"
"https://www.alefotografo.com.br/video-institucional","alefotografo.com.br","https://videoscorporativos.com.br/video-para-empresas","videoscorporativos.com.br","19% (cos=0.185 jac=0.008)","tfidf-cosine+shingle-jaccard","BAIXA","LOW","","MANUAL REVIEW"
"https://www.alefotografo.com.br/faq","alefotografo.com.br","https://videoscorporativos.com.br/","videoscorporativos.com.br","19% (cos=0.186 jac=0.014)","tfidf-cosine+shingle-jaccard","BAIXA","LOW","","MANUAL REVIEW"
"https://alefotografos.com.br/","alefotografos.com.br","https://videoscorporativos.com.br/autor/alexandre-machado","videoscorporativos.com.br","19% (cos=0.19 jac=0.025)","tfidf-cosine+shingle-jaccard","BAIXA","LOW","","MANUAL REVIEW"
"https://alefotografos.com.br/","alefotografos.com.br","https://videoscorporativos.com.br/cobertura-de-eventos-corporativos","videoscorporativos.com.br","19% (cos=0.185 jac=0.02)","tfidf-cosine+shingle-jaccard","BAIXA","LOW","","MANUAL REVIEW"
"https://alefotografos.com.br/fotografia-executiva","alefotografos.com.br","https://videoscorporativos.com.br/","videoscorporativos.com.br","19% (cos=0.187 jac=0.014)","tfidf-cosine+shingle-jaccard","BAIXA","LOW","","MANUAL REVIEW"
"https://alefotografos.com.br/fotografo-de-feira-de-negocios","alefotografos.com.br","https://videoscorporativos.com.br/cobertura-de-eventos-corporativos","videoscorporativos.com.br","19% (cos=0.188 jac=0.024)","tfidf-cosine+shingle-jaccard","BAIXA","LOW","","MANUAL REVIEW"
"https://alefotografos.com.br/videos","alefotografos.com.br","https://videoscorporativos.com.br/blog","videoscorporativos.com.br","19% (cos=0.195 jac=0.014)","tfidf-cosine+shingle-jaccard","BAIXA","LOW","","MANUAL REVIEW"
"https://alefotografos.com.br/videos","alefotografos.com.br","https://videoscorporativos.com.br/cases/procooler-na-febrava-cobertura-de-feiras-e-eventos-corporativos","videoscorporativos.com.br","19% (cos=0.193 jac=0.086)","tfidf-cosine+shingle-jaccard","BAIXA","LOW","","MANUAL REVIEW"
"https://alefotografos.com.br/videos","alefotografos.com.br","https://videoscorporativos.com.br/cases/sq-quimica-na-fce-pharma-cobertura-em-video-para-feiras-de-negocios","videoscorporativos.com.br","19% (cos=0.191 jac=0.094)","tfidf-cosine+shingle-jaccard","BAIXA","LOW","","MANUAL REVIEW"
"https://alefotografos.com.br/fotografo-corporativo/retrato-corporativo","alefotografos.com.br","https://videoscorporativos.com.br/video-institucional-sao-paulo","videoscorporativos.com.br","19% (cos=0.186 jac=0.017)","tfidf-cosine+shingle-jaccard","BAIXA","LOW","","MANUAL REVIEW"
"https://www.alefotografo.com.br/","alefotografo.com.br","https://fotodeperfilprofissional.com.br/fotos-de-eventos-corporativos/","fotodeperfilprofissional.com.br","18% (cos=0.183 jac=0.1)","tfidf-cosine+shingle-jaccard","BAIXA","LOW","","MANUAL REVIEW"
"https://www.alefotografo.com.br/","alefotografo.com.br","https://fotodeperfilprofissional.com.br/fotografia-institucional/","fotodeperfilprofissional.com.br","18% (cos=0.184 jac=0.101)","tfidf-cosine+shingle-jaccard","BAIXA","LOW","","MANUAL REVIEW"
"https://www.alefotografo.com.br/","alefotografo.com.br","https://fotodeperfilprofissional.com.br/retratocorporativo/","fotodeperfilprofissional.com.br","18% (cos=0.179 jac=0.085)","tfidf-cosine+shingle-jaccard","BAIXA","LOW","","MANUAL REVIEW"
"https://www.alefotografo.com.br/","alefotografo.com.br","https://fotodeperfilprofissional.com.br/foto_profissional_quem_e_o_ale/","fotodeperfilprofissional.com.br","18% (cos=0.177 jac=0.106)","tfidf-cosine+shingle-jaccard","BAIXA","LOW","","MANUAL REVIEW"
"https://www.alefotografo.com.br/servicos","alefotografo.com.br","https://fotografoale.com.br/fotografia-corporativa","fotografoale.com.br","18% (cos=0.179 jac=0)","tfidf-cosine+shingle-jaccard","BAIXA","LOW","","MANUAL REVIEW"
"https://www.alefotografo.com.br/fotografo-empresarial","alefotografo.com.br","https://videoscorporativos.com.br/video-institucional-sao-paulo","videoscorporativos.com.br","18% (cos=0.178 jac=0.008)","tfidf-cosine+shingle-jaccard","BAIXA","LOW","","MANUAL REVIEW"
"https://www.alefotografo.com.br/videos","alefotografo.com.br","https://alefotografos.com.br/fotografia-para-clinicas","alefotografos.com.br","18% (cos=0.131 jac=0.185)","tfidf-cosine+shingle-jaccard","BAIXA","LOW","","MANUAL REVIEW"
"https://www.alefotografo.com.br/videos","alefotografo.com.br","https://alefotografos.com.br/fotos-profissionais-medicos","alefotografos.com.br","18% (cos=0.143 jac=0.176)","tfidf-cosine+shingle-jaccard","BAIXA","LOW","","MANUAL REVIEW"
"https://www.alefotografo.com.br/videos","alefotografo.com.br","https://alefotografos.com.br/fotografia-para-advogados","alefotografos.com.br","18% (cos=0.15 jac=0.179)","tfidf-cosine+shingle-jaccard","BAIXA","LOW","","MANUAL REVIEW"
"https://www.alefotografo.com.br/videos","alefotografo.com.br","https://alefotografos.com.br/eventos-corporativos","alefotografos.com.br","18% (cos=0.176 jac=0.172)","tfidf-cosine+shingle-jaccard","BAIXA","LOW","","MANUAL REVIEW"
"https://www.alefotografo.com.br/video-para-feiras-e-stands","alefotografo.com.br","https://videoscorporativos.com.br/","videoscorporativos.com.br","18% (cos=0.182 jac=0.01)","tfidf-cosine+shingle-jaccard","BAIXA","LOW","","MANUAL REVIEW"
"https://www.alefotografo.com.br/blog","alefotografo.com.br","https://alefotografos.com.br/","alefotografos.com.br","18% (cos=0.179 jac=0.12)","tfidf-cosine+shingle-jaccard","BAIXA","LOW","","MANUAL REVIEW"
"https://www.alefotografo.com.br/blog","alefotografo.com.br","https://alefotografos.com.br/fotografia-para-clinicas","alefotografos.com.br","18% (cos=0.131 jac=0.185)","tfidf-cosine+shingle-jaccard","BAIXA","LOW","","MANUAL REVIEW"
"https://www.alefotografo.com.br/blog","alefotografo.com.br","https://alefotografos.com.br/fotografia-para-advogados","alefotografos.com.br","18% (cos=0.138 jac=0.177)","tfidf-cosine+shingle-jaccard","BAIXA","LOW","","MANUAL REVIEW"
"https://www.alefotografo.com.br/depoimentos","alefotografo.com.br","https://fotodeperfilprofissional.com.br/","fotodeperfilprofissional.com.br","18% (cos=0.184 jac=0.086)","tfidf-cosine+shingle-jaccard","BAIXA","LOW","","MANUAL REVIEW"
"https://alefotografos.com.br/fotos-corporativas","alefotografos.com.br","https://videoscorporativos.com.br/","videoscorporativos.com.br","18% (cos=0.177 jac=0.019)","tfidf-cosine+shingle-jaccard","BAIXA","LOW","","MANUAL REVIEW"
"https://alefotografos.com.br/fotos-profissionais-medicos","alefotografos.com.br","https://videoscorporativos.com.br/","videoscorporativos.com.br","18% (cos=0.178 jac=0.009)","tfidf-cosine+shingle-jaccard","BAIXA","LOW","","MANUAL REVIEW"
"https://alefotografos.com.br/fotografo-empresarial","alefotografos.com.br","https://videoscorporativos.com.br/video-para-empresas","videoscorporativos.com.br","18% (cos=0.183 jac=0.008)","tfidf-cosine+shingle-jaccard","BAIXA","LOW","","MANUAL REVIEW"
"https://alefotografos.com.br/fotografo-empresarial","alefotografos.com.br","https://videoscorporativos.com.br/video-para-industrias","videoscorporativos.com.br","18% (cos=0.183 jac=0.008)","tfidf-cosine+shingle-jaccard","BAIXA","LOW","","MANUAL REVIEW"
"https://alefotografos.com.br/fotografo-de-feira-de-negocios","alefotografos.com.br","https://videoscorporativos.com.br/","videoscorporativos.com.br","18% (cos=0.183 jac=0.013)","tfidf-cosine+shingle-jaccard","BAIXA","LOW","","MANUAL REVIEW"
"https://alefotografos.com.br/videos","alefotografos.com.br","https://videoscorporativos.com.br/precos","videoscorporativos.com.br","18% (cos=0.182 jac=0.029)","tfidf-cosine+shingle-jaccard","BAIXA","LOW","","MANUAL REVIEW"
"https://alefotografos.com.br/videos","alefotografos.com.br","https://videoscorporativos.com.br/video-institucional-sao-paulo","videoscorporativos.com.br","18% (cos=0.176 jac=0.025)","tfidf-cosine+shingle-jaccard","BAIXA","LOW","","MANUAL REVIEW"
"https://alefotografos.com.br/videos","alefotografos.com.br","https://videoscorporativos.com.br/video-corporativo-sao-paulo","videoscorporativos.com.br","18% (cos=0.185 jac=0.023)","tfidf-cosine+shingle-jaccard","BAIXA","LOW","","MANUAL REVIEW"
"https://alefotografos.com.br/sobre","alefotografos.com.br","https://videoscorporativos.com.br/","videoscorporativos.com.br","18% (cos=0.177 jac=0.017)","tfidf-cosine+shingle-jaccard","BAIXA","LOW","","MANUAL REVIEW"
"https://alefotografos.com.br/depoimentos","alefotografos.com.br","https://fotodeperfilprofissional.com.br/","fotodeperfilprofissional.com.br","18% (cos=0.182 jac=0.09)","tfidf-cosine+shingle-jaccard","BAIXA","LOW","","MANUAL REVIEW"
"https://alefotografos.com.br/fotografo-corporativo/ensaio-feminino","alefotografos.com.br","https://videoscorporativos.com.br/video-institucional-sao-paulo","videoscorporativos.com.br","18% (cos=0.18 jac=0.017)","tfidf-cosine+shingle-jaccard","BAIXA","LOW","","MANUAL REVIEW"
"https://alefotografos.com.br/fotografo-corporativo/retratos-de-medicos","alefotografos.com.br","https://videoscorporativos.com.br/autor/alexandre-machado","videoscorporativos.com.br","18% (cos=0.177 jac=0.012)","tfidf-cosine+shingle-jaccard","BAIXA","LOW","","MANUAL REVIEW"
"https://www.alefotografo.com.br/","alefotografo.com.br","https://fotodeperfilprofissional.com.br/","fotodeperfilprofissional.com.br","17% (cos=0.172 jac=0.054)","tfidf-cosine+shingle-jaccard","BAIXA","LOW","","MANUAL REVIEW"
"https://www.alefotografo.com.br/","alefotografo.com.br","https://fotodeperfilprofissional.com.br/fotografia-de-produtos/","fotodeperfilprofissional.com.br","17% (cos=0.172 jac=0.074)","tfidf-cosine+shingle-jaccard","BAIXA","LOW","","MANUAL REVIEW"
"https://www.alefotografo.com.br/fotografo-corporativo","alefotografo.com.br","https://fotografoale.com.br","fotografoale.com.br","17% (cos=0.165 jac=0)","tfidf-cosine+shingle-jaccard","BAIXA","LOW","","MANUAL REVIEW"
"https://www.alefotografo.com.br/foto-profissional","alefotografo.com.br","https://videoscorporativos.com.br/","videoscorporativos.com.br","17% (cos=0.173 jac=0.011)","tfidf-cosine+shingle-jaccard","BAIXA","LOW","","MANUAL REVIEW"
"https://www.alefotografo.com.br/fotografia-para-advogados","alefotografo.com.br","https://videoscorporativos.com.br/autor/alexandre-machado","videoscorporativos.com.br","17% (cos=0.167 jac=0.012)","tfidf-cosine+shingle-jaccard","BAIXA","LOW","","MANUAL REVIEW"
"https://www.alefotografo.com.br/fotografia-para-advogados","alefotografo.com.br","https://videoscorporativos.com.br/video-para-empresas","videoscorporativos.com.br","17% (cos=0.17 jac=0.008)","tfidf-cosine+shingle-jaccard","BAIXA","LOW","","MANUAL REVIEW"
"https://www.alefotografo.com.br/eventos-corporativos","alefotografo.com.br","https://videoscorporativos.com.br/precos","videoscorporativos.com.br","17% (cos=0.168 jac=0.01)","tfidf-cosine+shingle-jaccard","BAIXA","LOW","","MANUAL REVIEW"
"https://www.alefotografo.com.br/eventos-corporativos","alefotografo.com.br","https://videoscorporativos.com.br/video-corporativo-sao-paulo","videoscorporativos.com.br","17% (cos=0.167 jac=0.013)","tfidf-cosine+shingle-jaccard","BAIXA","LOW","","MANUAL REVIEW"
"https://www.alefotografo.com.br/fotografo-empresarial","alefotografo.com.br","https://videoscorporativos.com.br/video-corporativo-sao-paulo","videoscorporativos.com.br","17% (cos=0.169 jac=0.006)","tfidf-cosine+shingle-jaccard","BAIXA","LOW","","MANUAL REVIEW"
"https://www.alefotografo.com.br/fotografo-empresarial","alefotografo.com.br","https://videoscorporativos.com.br/video-de-treinamento-corporativo","videoscorporativos.com.br","17% (cos=0.174 jac=0.02)","tfidf-cosine+shingle-jaccard","BAIXA","LOW","","MANUAL REVIEW"
"https://www.alefotografo.com.br/fotografo-empresarial","alefotografo.com.br","https://videoscorporativos.com.br/depoimentos-em-video","videoscorporativos.com.br","17% (cos=0.174 jac=0.014)","tfidf-cosine+shingle-jaccard","BAIXA","LOW","","MANUAL REVIEW"
"https://www.alefotografo.com.br/fotografo-de-feira-de-negocios","alefotografo.com.br","https://videoscorporativos.com.br/cobertura-de-eventos-corporativos","videoscorporativos.com.br","17% (cos=0.174 jac=0.016)","tfidf-cosine+shingle-jaccard","BAIXA","LOW","","MANUAL REVIEW"
"https://www.alefotografo.com.br/portfolio","alefotografo.com.br","https://fotografoale.com.br/fotografia-corporativa","fotografoale.com.br","17% (cos=0.173 jac=0)","tfidf-cosine+shingle-jaccard","BAIXA","LOW","","MANUAL REVIEW"
"https://www.alefotografo.com.br/videos","alefotografo.com.br","https://alefotografos.com.br/fotografia-executiva","alefotografos.com.br","17% (cos=0.158 jac=0.175)","tfidf-cosine+shingle-jaccard","BAIXA","LOW","","MANUAL REVIEW"
"https://www.alefotografo.com.br/videos","alefotografo.com.br","https://alefotografos.com.br/fotografo-empresarial","alefotografos.com.br","17% (cos=0.172 jac=0.164)","tfidf-cosine+shingle-jaccard","BAIXA","LOW","","MANUAL REVIEW"
"https://www.alefotografo.com.br/videos","alefotografo.com.br","https://alefotografos.com.br/fotografo-de-feira-de-negocios","alefotografos.com.br","17% (cos=0.154 jac=0.166)","tfidf-cosine+shingle-jaccard","BAIXA","LOW","","MANUAL REVIEW"
"https://www.alefotografo.com.br/video-institucional","alefotografo.com.br","https://videoscorporativos.com.br/precos","videoscorporativos.com.br","17% (cos=0.174 jac=0.015)","tfidf-cosine+shingle-jaccard","BAIXA","LOW","","MANUAL REVIEW"
"https://www.alefotografo.com.br/video-institucional","alefotografo.com.br","https://videoscorporativos.com.br/video-institucional-sao-paulo","videoscorporativos.com.br","17% (cos=0.173 jac=0.029)","tfidf-cosine+shingle-jaccard","BAIXA","LOW","","MANUAL REVIEW"
"https://www.alefotografo.com.br/video-institucional","alefotografo.com.br","https://videoscorporativos.com.br/video-corporativo-sao-paulo","videoscorporativos.com.br","17% (cos=0.17 jac=0.023)","tfidf-cosine+shingle-jaccard","BAIXA","LOW","","MANUAL REVIEW"
"https://www.alefotografo.com.br/video-para-feiras-e-stands","alefotografo.com.br","https://videoscorporativos.com.br/video-corporativo-sao-paulo","videoscorporativos.com.br","17% (cos=0.171 jac=0.01)","tfidf-cosine+shingle-jaccard","BAIXA","LOW","","MANUAL REVIEW"
"https://www.alefotografo.com.br/blog","alefotografo.com.br","https://alefotografos.com.br/fotografia-executiva","alefotografos.com.br","17% (cos=0.156 jac=0.171)","tfidf-cosine+shingle-jaccard","BAIXA","LOW","","MANUAL REVIEW"
"https://www.alefotografo.com.br/blog","alefotografo.com.br","https://alefotografos.com.br/fotos-profissionais-medicos","alefotografos.com.br","17% (cos=0.134 jac=0.174)","tfidf-cosine+shingle-jaccard","BAIXA","LOW","","MANUAL REVIEW"
"https://www.alefotografo.com.br/blog","alefotografo.com.br","https://alefotografos.com.br/eventos-corporativos","alefotografos.com.br","17% (cos=0.149 jac=0.172)","tfidf-cosine+shingle-jaccard","BAIXA","LOW","","MANUAL REVIEW"
"https://www.alefotografo.com.br/blog","alefotografo.com.br","https://videoscorporativos.com.br/","videoscorporativos.com.br","17% (cos=0.166 jac=0.006)","tfidf-cosine+shingle-jaccard","BAIXA","LOW","","MANUAL REVIEW"
"https://www.alefotografo.com.br/faq","alefotografo.com.br","https://videoscorporativos.com.br/precos","videoscorporativos.com.br","17% (cos=0.17 jac=0.008)","tfidf-cosine+shingle-jaccard","BAIXA","LOW","","MANUAL REVIEW"
"https://www.alefotografo.com.br/faq","alefotografo.com.br","https://videoscorporativos.com.br/video-para-empresas","videoscorporativos.com.br","17% (cos=0.169 jac=0.008)","tfidf-cosine+shingle-jaccard","BAIXA","LOW","","MANUAL REVIEW"
"https://alefotografos.com.br/fotografo-corporativo","alefotografos.com.br","https://fotografoale.com.br/fotografia-corporativa","fotografoale.com.br","17% (cos=0.169 jac=0)","tfidf-cosine+shingle-jaccard","BAIXA","LOW","","MANUAL REVIEW"
"https://alefotografos.com.br/foto-profissional","alefotografos.com.br","https://videoscorporativos.com.br/video-para-empresas","videoscorporativos.com.br","17% (cos=0.169 jac=0.008)","tfidf-cosine+shingle-jaccard","BAIXA","LOW","","MANUAL REVIEW"
"https://alefotografos.com.br/fotografia-para-clinicas","alefotografos.com.br","https://videoscorporativos.com.br/","videoscorporativos.com.br","17% (cos=0.168 jac=0.007)","tfidf-cosine+shingle-jaccard","BAIXA","LOW","","MANUAL REVIEW"
"https://alefotografos.com.br/fotografia-para-advogados","alefotografos.com.br","https://videoscorporativos.com.br/autor/alexandre-machado","videoscorporativos.com.br","17% (cos=0.167 jac=0.025)","tfidf-cosine+shingle-jaccard","BAIXA","LOW","","MANUAL REVIEW"
"https://alefotografos.com.br/eventos-corporativos","alefotografos.com.br","https://videoscorporativos.com.br/filmagem-evento-corporativo-sao-paulo","videoscorporativos.com.br","17% (cos=0.169 jac=0.012)","tfidf-cosine+shingle-jaccard","BAIXA","LOW","","MANUAL REVIEW"
"https://alefotografos.com.br/fotografo-empresarial","alefotografos.com.br","https://videoscorporativos.com.br/video-institucional-sao-paulo","videoscorporativos.com.br","17% (cos=0.171 jac=0.008)","tfidf-cosine+shingle-jaccard","BAIXA","LOW","","MANUAL REVIEW"
"https://alefotografos.com.br/fotografo-empresarial","alefotografos.com.br","https://videoscorporativos.com.br/video-de-treinamento-corporativo","videoscorporativos.com.br","17% (cos=0.169 jac=0.017)","tfidf-cosine+shingle-jaccard","BAIXA","LOW","","MANUAL REVIEW"
"https://alefotografos.com.br/videos","alefotografos.com.br","https://videoscorporativos.com.br/cases/curso-de-prestacao-de-contas-eleitorais-2026-turma-sao-paulo","videoscorporativos.com.br","17% (cos=0.174 jac=0.089)","tfidf-cosine+shingle-jaccard","BAIXA","LOW","","MANUAL REVIEW"
"https://alefotografos.com.br/fotografo-corporativo/fotografia-para-escritorios-de-advocacia","alefotografos.com.br","https://videoscorporativos.com.br/autor/alexandre-machado","videoscorporativos.com.br","17% (cos=0.167 jac=0.012)","tfidf-cosine+shingle-jaccard","BAIXA","LOW","","MANUAL REVIEW"
"https://alefotografos.com.br/fotografo-corporativo/fotografia-para-escritorios-de-advocacia","alefotografos.com.br","https://videoscorporativos.com.br/video-institucional-sao-paulo","videoscorporativos.com.br","17% (cos=0.172 jac=0.017)","tfidf-cosine+shingle-jaccard","BAIXA","LOW","","MANUAL REVIEW"
"https://alefotografos.com.br/fotografo-corporativo/retrato-corporativo","alefotografos.com.br","https://videoscorporativos.com.br/autor/alexandre-machado","videoscorporativos.com.br","17% (cos=0.169 jac=0.012)","tfidf-cosine+shingle-jaccard","BAIXA","LOW","","MANUAL REVIEW"
"https://alefotografos.com.br/fotografo-corporativo/retrato-corporativo","alefotografos.com.br","https://videoscorporativos.com.br/video-corporativo-sao-paulo","videoscorporativos.com.br","17% (cos=0.169 jac=0.017)","tfidf-cosine+shingle-jaccard","BAIXA","LOW","","MANUAL REVIEW"
"https://alefotografos.com.br/fotografo-corporativo/retratos-de-medicos","alefotografos.com.br","https://videoscorporativos.com.br/video-institucional-sao-paulo","videoscorporativos.com.br","17% (cos=0.171 jac=0.017)","tfidf-cosine+shingle-jaccard","BAIXA","LOW","","MANUAL REVIEW"
"https://alefotografos.com.br/fotografo-corporativo/retratos-de-medicas","alefotografos.com.br","https://videoscorporativos.com.br/autor/alexandre-machado","videoscorporativos.com.br","17% (cos=0.166 jac=0.012)","tfidf-cosine+shingle-jaccard","BAIXA","LOW","","MANUAL REVIEW"
"https://alefotografos.com.br/fotografo-corporativo/retratos-de-medicas","alefotografos.com.br","https://videoscorporativos.com.br/video-institucional-sao-paulo","videoscorporativos.com.br","17% (cos=0.171 jac=0.017)","tfidf-cosine+shingle-jaccard","BAIXA","LOW","","MANUAL REVIEW"
"https://alefotografos.com.br/fotografo-corporativo/fotos-para-clinicas-medicas","alefotografos.com.br","https://videoscorporativos.com.br/video-institucional-sao-paulo","videoscorporativos.com.br","17% (cos=0.174 jac=0.017)","tfidf-cosine+shingle-jaccard","BAIXA","LOW","","MANUAL REVIEW"
"https://videoscorporativos.com.br/cases/curso-de-prestacao-de-contas-eleitorais-2026-turma-sao-paulo","videoscorporativos.com.br","https://fotografoale.com.br/videos-corporativos","fotografoale.com.br","17% (cos=0.171 jac=0.017)","tfidf-cosine+shingle-jaccard","BAIXA","LOW","","MANUAL REVIEW"
"https://www.alefotografo.com.br/servicos","alefotografo.com.br","https://videoscorporativos.com.br/autor/alexandre-machado","videoscorporativos.com.br","16% (cos=0.158 jac=0.018)","tfidf-cosine+shingle-jaccard","BAIXA","LOW","","MANUAL REVIEW"
"https://www.alefotografo.com.br/servicos","alefotografo.com.br","https://videoscorporativos.com.br/video-institucional-sao-paulo","videoscorporativos.com.br","16% (cos=0.165 jac=0.008)","tfidf-cosine+shingle-jaccard","BAIXA","LOW","","MANUAL REVIEW"
"https://www.alefotografo.com.br/fotos-corporativas","alefotografo.com.br","https://videoscorporativos.com.br/video-institucional-sao-paulo","videoscorporativos.com.br","16% (cos=0.158 jac=0.012)","tfidf-cosine+shingle-jaccard","BAIXA","LOW","","MANUAL REVIEW"
"https://www.alefotografo.com.br/fotos-corporativas","alefotografo.com.br","https://videoscorporativos.com.br/video-corporativo-sao-paulo","videoscorporativos.com.br","16% (cos=0.16 jac=0.013)","tfidf-cosine+shingle-jaccard","BAIXA","LOW","","MANUAL REVIEW"
"https://www.alefotografo.com.br/fotos-corporativas","alefotografo.com.br","https://videoscorporativos.com.br/video-para-empresas","videoscorporativos.com.br","16% (cos=0.161 jac=0.012)","tfidf-cosine+shingle-jaccard","BAIXA","LOW","","MANUAL REVIEW"
"https://www.alefotografo.com.br/foto-profissional","alefotografo.com.br","https://videoscorporativos.com.br/precos","videoscorporativos.com.br","16% (cos=0.163 jac=0.007)","tfidf-cosine+shingle-jaccard","BAIXA","LOW","","MANUAL REVIEW"
"https://www.alefotografo.com.br/foto-profissional","alefotografo.com.br","https://videoscorporativos.com.br/video-para-empresas","videoscorporativos.com.br","16% (cos=0.161 jac=0.008)","tfidf-cosine+shingle-jaccard","BAIXA","LOW","","MANUAL REVIEW"
"https://www.alefotografo.com.br/fotografia-para-clinicas","alefotografo.com.br","https://videoscorporativos.com.br/video-de-treinamento-corporativo","videoscorporativos.com.br","16% (cos=0.157 jac=0.013)","tfidf-cosine+shingle-jaccard","BAIXA","LOW","","MANUAL REVIEW"
"https://www.alefotografo.com.br/fotografia-executiva","alefotografo.com.br","https://videoscorporativos.com.br/video-institucional-sao-paulo","videoscorporativos.com.br","16% (cos=0.155 jac=0.008)","tfidf-cosine+shingle-jaccard","BAIXA","LOW","","MANUAL REVIEW"
"https://www.alefotografo.com.br/fotografia-executiva","alefotografo.com.br","https://videoscorporativos.com.br/depoimentos-em-video","videoscorporativos.com.br","16% (cos=0.156 jac=0.007)","tfidf-cosine+shingle-jaccard","BAIXA","LOW","","MANUAL REVIEW"
"https://www.alefotografo.com.br/fotografia-executiva","alefotografo.com.br","https://videoscorporativos.com.br/reels-corporativos","videoscorporativos.com.br","16% (cos=0.159 jac=0.008)","tfidf-cosine+shingle-jaccard","BAIXA","LOW","","MANUAL REVIEW"
"https://www.alefotografo.com.br/fotos-profissionais-medicos","alefotografo.com.br","https://videoscorporativos.com.br/video-para-empresas","videoscorporativos.com.br","16% (cos=0.159 jac=0.008)","tfidf-cosine+shingle-jaccard","BAIXA","LOW","","MANUAL REVIEW"
"https://www.alefotografo.com.br/fotografia-para-advogados","alefotografo.com.br","https://videoscorporativos.com.br/video-institucional-sao-paulo","videoscorporativos.com.br","16% (cos=0.161 jac=0.008)","tfidf-cosine+shingle-jaccard","BAIXA","LOW","","MANUAL REVIEW"
"https://www.alefotografo.com.br/fotografia-para-advogados","alefotografo.com.br","https://videoscorporativos.com.br/video-corporativo-sao-paulo","videoscorporativos.com.br","16% (cos=0.158 jac=0.006)","tfidf-cosine+shingle-jaccard","BAIXA","LOW","","MANUAL REVIEW"
"https://www.alefotografo.com.br/eventos-corporativos","alefotografo.com.br","https://videoscorporativos.com.br/video-institucional-sao-paulo","videoscorporativos.com.br","16% (cos=0.163 jac=0.012)","tfidf-cosine+shingle-jaccard","BAIXA","LOW","","MANUAL REVIEW"
"https://www.alefotografo.com.br/fotografo-empresarial","alefotografo.com.br","https://videoscorporativos.com.br/precos","videoscorporativos.com.br","16% (cos=0.163 jac=0.009)","tfidf-cosine+shingle-jaccard","BAIXA","LOW","","MANUAL REVIEW"
"https://www.alefotografo.com.br/fotografo-empresarial","alefotografo.com.br","https://videoscorporativos.com.br/blog","videoscorporativos.com.br","16% (cos=0.157 jac=0.004)","tfidf-cosine+shingle-jaccard","BAIXA","LOW","","MANUAL REVIEW"
"https://www.alefotografo.com.br/fotografo-empresarial","alefotografo.com.br","https://videoscorporativos.com.br/video-de-integracao","videoscorporativos.com.br","16% (cos=0.156 jac=0.007)","tfidf-cosine+shingle-jaccard","BAIXA","LOW","","MANUAL REVIEW"
"https://www.alefotografo.com.br/fotografo-de-feira-de-negocios","alefotografo.com.br","https://videoscorporativos.com.br/precos","videoscorporativos.com.br","16% (cos=0.161 jac=0.006)","tfidf-cosine+shingle-jaccard","BAIXA","LOW","","MANUAL REVIEW"
"https://www.alefotografo.com.br/portfolio","alefotografo.com.br","https://videoscorporativos.com.br/","videoscorporativos.com.br","16% (cos=0.161 jac=0.019)","tfidf-cosine+shingle-jaccard","BAIXA","LOW","","MANUAL REVIEW"
"https://www.alefotografo.com.br/videos","alefotografo.com.br","https://videoscorporativos.com.br/video-para-empresas","videoscorporativos.com.br","16% (cos=0.162 jac=0.019)","tfidf-cosine+shingle-jaccard","BAIXA","LOW","","MANUAL REVIEW"
"https://www.alefotografo.com.br/video-institucional","alefotografo.com.br","https://videoscorporativos.com.br/cases/sq-quimica-na-fce-pharma-cobertura-em-video-para-feiras-de-negocios","videoscorporativos.com.br","16% (cos=0.155 jac=0.031)","tfidf-cosine+shingle-jaccard","BAIXA","LOW","","MANUAL REVIEW"
"https://www.alefotografo.com.br/blog","alefotografo.com.br","https://alefotografos.com.br/fotografo-empresarial","alefotografos.com.br","16% (cos=0.164 jac=0.164)","tfidf-cosine+shingle-jaccard","BAIXA","LOW","","MANUAL REVIEW"
"https://www.alefotografo.com.br/blog","alefotografo.com.br","https://alefotografos.com.br/fotografo-de-feira-de-negocios","alefotografos.com.br","16% (cos=0.143 jac=0.162)","tfidf-cosine+shingle-jaccard","BAIXA","LOW","","MANUAL REVIEW"
"https://www.alefotografo.com.br/faq","alefotografo.com.br","https://videoscorporativos.com.br/video-institucional-sao-paulo","videoscorporativos.com.br","16% (cos=0.16 jac=0.008)","tfidf-cosine+shingle-jaccard","BAIXA","LOW","","MANUAL REVIEW"
"https://www.alefotografo.com.br/contato","alefotografo.com.br","https://videoscorporativos.com.br/autor/alexandre-machado","videoscorporativos.com.br","16% (cos=0.159 jac=0.012)","tfidf-cosine+shingle-jaccard","BAIXA","LOW","","MANUAL REVIEW"
"https://www.alefotografo.com.br/contato","alefotografo.com.br","https://videoscorporativos.com.br/video-institucional-sao-paulo","videoscorporativos.com.br","16% (cos=0.162 jac=0.014)","tfidf-cosine+shingle-jaccard","BAIXA","LOW","","MANUAL REVIEW"
"https://www.alefotografo.com.br/contato","alefotografo.com.br","https://videoscorporativos.com.br/video-corporativo-sao-paulo","videoscorporativos.com.br","16% (cos=0.159 jac=0.014)","tfidf-cosine+shingle-jaccard","BAIXA","LOW","","MANUAL REVIEW"
"https://alefotografos.com.br/","alefotografos.com.br","https://videoscorporativos.com.br/blog","videoscorporativos.com.br","16% (cos=0.158 jac=0.007)","tfidf-cosine+shingle-jaccard","BAIXA","LOW","","MANUAL REVIEW"
"https://alefotografos.com.br/","alefotografos.com.br","https://videoscorporativos.com.br/video-para-empresas","videoscorporativos.com.br","16% (cos=0.159 jac=0.012)","tfidf-cosine+shingle-jaccard","BAIXA","LOW","","MANUAL REVIEW"
"https://alefotografos.com.br/","alefotografos.com.br","https://videoscorporativos.com.br/cases/procooler-na-febrava-cobertura-de-feiras-e-eventos-corporativos","videoscorporativos.com.br","16% (cos=0.163 jac=0.063)","tfidf-cosine+shingle-jaccard","BAIXA","LOW","","MANUAL REVIEW"
"https://alefotografos.com.br/","alefotografos.com.br","https://fotodeperfilprofissional.com.br/ale-em-acao/","fotodeperfilprofissional.com.br","16% (cos=0.161 jac=0.033)","tfidf-cosine+shingle-jaccard","BAIXA","LOW","","MANUAL REVIEW"
"https://alefotografos.com.br/fotos-corporativas","alefotografos.com.br","https://videoscorporativos.com.br/video-corporativo-sao-paulo","videoscorporativos.com.br","16% (cos=0.157 jac=0.01)","tfidf-cosine+shingle-jaccard","BAIXA","LOW","","MANUAL REVIEW"
"https://alefotografos.com.br/fotos-corporativas","alefotografos.com.br","https://fotografoale.com.br/fotografia-corporativa","fotografoale.com.br","16% (cos=0.164 jac=0)","tfidf-cosine+shingle-jaccard","BAIXA","LOW","","MANUAL REVIEW"
"https://alefotografos.com.br/foto-profissional","alefotografos.com.br","https://videoscorporativos.com.br/","videoscorporativos.com.br","16% (cos=0.156 jac=0.014)","tfidf-cosine+shingle-jaccard","BAIXA","LOW","","MANUAL REVIEW"
"https://alefotografos.com.br/fotografia-para-advogados","alefotografos.com.br","https://videoscorporativos.com.br/video-para-empresas","videoscorporativos.com.br","16% (cos=0.164 jac=0.008)","tfidf-cosine+shingle-jaccard","BAIXA","LOW","","MANUAL REVIEW"
"https://alefotografos.com.br/eventos-corporativos","alefotografos.com.br","https://videoscorporativos.com.br/video-corporativo-sao-paulo","videoscorporativos.com.br","16% (cos=0.161 jac=0.01)","tfidf-cosine+shingle-jaccard","BAIXA","LOW","","MANUAL REVIEW"
"https://alefotografos.com.br/fotografo-empresarial","alefotografos.com.br","https://videoscorporativos.com.br/video-corporativo-sao-paulo","videoscorporativos.com.br","16% (cos=0.16 jac=0.006)","tfidf-cosine+shingle-jaccard","BAIXA","LOW","","MANUAL REVIEW"
"https://alefotografos.com.br/videos","alefotografos.com.br","https://videoscorporativos.com.br/video-de-integracao","videoscorporativos.com.br","16% (cos=0.159 jac=0.021)","tfidf-cosine+shingle-jaccard","BAIXA","LOW","","MANUAL REVIEW"
"https://alefotografos.com.br/videos","alefotografos.com.br","https://videoscorporativos.com.br/cases/women-in-tech-brasil","videoscorporativos.com.br","16% (cos=0.164 jac=0.087)","tfidf-cosine+shingle-jaccard","BAIXA","LOW","","MANUAL REVIEW"
"https://alefotografos.com.br/blog","alefotografos.com.br","https://videoscorporativos.com.br/video-institucional-sao-paulo","videoscorporativos.com.br","16% (cos=0.158 jac=0.011)","tfidf-cosine+shingle-jaccard","BAIXA","LOW","","MANUAL REVIEW"
"https://alefotografos.com.br/sobre","alefotografos.com.br","https://videoscorporativos.com.br/autor/alexandre-machado","videoscorporativos.com.br","16% (cos=0.157 jac=0.018)","tfidf-cosine+shingle-jaccard","BAIXA","LOW","","MANUAL REVIEW"
"https://alefotografos.com.br/fotografo-corporativo/fotografia-para-escritorios-de-advocacia","alefotografos.com.br","https://videoscorporativos.com.br/","videoscorporativos.com.br","16% (cos=0.16 jac=0.02)","tfidf-cosine+shingle-jaccard","BAIXA","LOW","","MANUAL REVIEW"
"https://alefotografos.com.br/fotografo-corporativo/ensaio-feminino","alefotografos.com.br","https://videoscorporativos.com.br/autor/alexandre-machado","videoscorporativos.com.br","16% (cos=0.162 jac=0.012)","tfidf-cosine+shingle-jaccard","BAIXA","LOW","","MANUAL REVIEW"
"https://alefotografos.com.br/fotografo-corporativo/ensaio-feminino","alefotografos.com.br","https://videoscorporativos.com.br/video-corporativo-sao-paulo","videoscorporativos.com.br","16% (cos=0.164 jac=0.018)","tfidf-cosine+shingle-jaccard","BAIXA","LOW","","MANUAL REVIEW"
"https://alefotografos.com.br/fotografo-corporativo/retrato-corporativo","alefotografos.com.br","https://videoscorporativos.com.br/","videoscorporativos.com.br","16% (cos=0.157 jac=0.024)","tfidf-cosine+shingle-jaccard","BAIXA","LOW","","MANUAL REVIEW"
"https://alefotografos.com.br/fotografo-corporativo/retratos-de-medicos","alefotografos.com.br","https://videoscorporativos.com.br/video-corporativo-sao-paulo","videoscorporativos.com.br","16% (cos=0.156 jac=0.017)","tfidf-cosine+shingle-jaccard","BAIXA","LOW","","MANUAL REVIEW"
"https://alefotografos.com.br/fotografo-corporativo/fotos-para-clinicas-medicas","alefotografos.com.br","https://videoscorporativos.com.br/","videoscorporativos.com.br","16% (cos=0.155 jac=0.016)","tfidf-cosine+shingle-jaccard","BAIXA","LOW","","MANUAL REVIEW"
"https://alefotografos.com.br/fotografo-corporativo/fotos-para-clinicas-medicas","alefotografos.com.br","https://videoscorporativos.com.br/autor/alexandre-machado","videoscorporativos.com.br","16% (cos=0.163 jac=0.012)","tfidf-cosine+shingle-jaccard","BAIXA","LOW","","MANUAL REVIEW"
"https://videoscorporativos.com.br/cases/procooler-na-febrava-cobertura-de-feiras-e-eventos-corporativos","videoscorporativos.com.br","https://fotografoale.com.br/faz-negocios-3-da-faz-farma-com-depoimentos","fotografoale.com.br","16% (cos=0.156 jac=0)","tfidf-cosine+shingle-jaccard","BAIXA","LOW","","MANUAL REVIEW"
"https://www.alefotografo.com.br/","alefotografo.com.br","https://videoscorporativos.com.br/blog","videoscorporativos.com.br","15% (cos=0.149 jac=0.011)","tfidf-cosine+shingle-jaccard","BAIXA","LOW","","MANUAL REVIEW"
"https://www.alefotografo.com.br/","alefotografo.com.br","https://videoscorporativos.com.br/autor/alexandre-machado","videoscorporativos.com.br","15% (cos=0.15 jac=0.037)","tfidf-cosine+shingle-jaccard","BAIXA","LOW","","MANUAL REVIEW"
"https://www.alefotografo.com.br/","alefotografo.com.br","https://videoscorporativos.com.br/video-corporativo-sao-paulo","videoscorporativos.com.br","15% (cos=0.147 jac=0.013)","tfidf-cosine+shingle-jaccard","BAIXA","LOW","","MANUAL REVIEW"
"https://www.alefotografo.com.br/","alefotografo.com.br","https://videoscorporativos.com.br/cases/procooler-na-febrava-cobertura-de-feiras-e-eventos-corporativos","videoscorporativos.com.br","15% (cos=0.151 jac=0.07)","tfidf-cosine+shingle-jaccard","BAIXA","LOW","","MANUAL REVIEW"
"https://www.alefotografo.com.br/servicos","alefotografo.com.br","https://videoscorporativos.com.br/","videoscorporativos.com.br","15% (cos=0.153 jac=0.021)","tfidf-cosine+shingle-jaccard","BAIXA","LOW","","MANUAL REVIEW"
"https://www.alefotografo.com.br/servicos","alefotografo.com.br","https://videoscorporativos.com.br/video-corporativo-sao-paulo","videoscorporativos.com.br","15% (cos=0.153 jac=0.007)","tfidf-cosine+shingle-jaccard","BAIXA","LOW","","MANUAL REVIEW"
"https://www.alefotografo.com.br/servicos","alefotografo.com.br","https://fotografoale.com.br","fotografoale.com.br","15% (cos=0.154 jac=0)","tfidf-cosine+shingle-jaccard","BAIXA","LOW","","MANUAL REVIEW"
"https://www.alefotografo.com.br/foto-profissional","alefotografo.com.br","https://videoscorporativos.com.br/video-institucional-sao-paulo","videoscorporativos.com.br","15% (cos=0.145 jac=0.008)","tfidf-cosine+shingle-jaccard","BAIXA","LOW","","MANUAL REVIEW"
"https://www.alefotografo.com.br/foto-profissional","alefotografo.com.br","https://fotodeperfilprofissional.com.br/","fotodeperfilprofissional.com.br","15% (cos=0.147 jac=0.006)","tfidf-cosine+shingle-jaccard","BAIXA","LOW","","MANUAL REVIEW"
"https://www.alefotografo.com.br/foto-profissional-para-linkedin","alefotografo.com.br","https://videoscorporativos.com.br/","videoscorporativos.com.br","15% (cos=0.147 jac=0.01)","tfidf-cosine+shingle-jaccard","BAIXA","LOW","","MANUAL REVIEW"
"https://www.alefotografo.com.br/fotografia-executiva","alefotografo.com.br","https://videoscorporativos.com.br/precos","videoscorporativos.com.br","15% (cos=0.153 jac=0.009)","tfidf-cosine+shingle-jaccard","BAIXA","LOW","","MANUAL REVIEW"
"https://www.alefotografo.com.br/fotografia-executiva","alefotografo.com.br","https://videoscorporativos.com.br/blog","videoscorporativos.com.br","15% (cos=0.152 jac=0.002)","tfidf-cosine+shingle-jaccard","BAIXA","LOW","","MANUAL REVIEW"
"https://www.alefotografo.com.br/fotografia-executiva","alefotografo.com.br","https://videoscorporativos.com.br/video-corporativo-sao-paulo","videoscorporativos.com.br","15% (cos=0.152 jac=0.006)","tfidf-cosine+shingle-jaccard","BAIXA","LOW","","MANUAL REVIEW"
"https://www.alefotografo.com.br/fotografia-executiva","alefotografo.com.br","https://videoscorporativos.com.br/video-para-empresas","videoscorporativos.com.br","15% (cos=0.149 jac=0.008)","tfidf-cosine+shingle-jaccard","BAIXA","LOW","","MANUAL REVIEW"
"https://www.alefotografo.com.br/fotos-profissionais-medicos","alefotografo.com.br","https://videoscorporativos.com.br/precos","videoscorporativos.com.br","15% (cos=0.145 jac=0.007)","tfidf-cosine+shingle-jaccard","BAIXA","LOW","","MANUAL REVIEW"
"https://www.alefotografo.com.br/fotos-profissionais-medicos","alefotografo.com.br","https://videoscorporativos.com.br/video-institucional-sao-paulo","videoscorporativos.com.br","15% (cos=0.152 jac=0.008)","tfidf-cosine+shingle-jaccard","BAIXA","LOW","","MANUAL REVIEW"
"https://www.alefotografo.com.br/fotos-profissionais-medicos","alefotografo.com.br","https://videoscorporativos.com.br/depoimentos-em-video","videoscorporativos.com.br","15% (cos=0.147 jac=0.007)","tfidf-cosine+shingle-jaccard","BAIXA","LOW","","MANUAL REVIEW"
"https://www.alefotografo.com.br/fotografia-para-advogados","alefotografo.com.br","https://videoscorporativos.com.br/precos","videoscorporativos.com.br","15% (cos=0.151 jac=0.006)","tfidf-cosine+shingle-jaccard","BAIXA","LOW","","MANUAL REVIEW"
"https://www.alefotografo.com.br/fotografia-para-advogados","alefotografo.com.br","https://videoscorporativos.com.br/depoimentos-em-video","videoscorporativos.com.br","15% (cos=0.148 jac=0.007)","tfidf-cosine+shingle-jaccard","BAIXA","LOW","","MANUAL REVIEW"
"https://www.alefotografo.com.br/eventos-corporativos","alefotografo.com.br","https://videoscorporativos.com.br/depoimentos-em-video","videoscorporativos.com.br","15% (cos=0.146 jac=0.011)","tfidf-cosine+shingle-jaccard","BAIXA","LOW","","MANUAL REVIEW"
"https://www.alefotografo.com.br/eventos-corporativos","alefotografo.com.br","https://videoscorporativos.com.br/video-para-empresas","videoscorporativos.com.br","15% (cos=0.152 jac=0.012)","tfidf-cosine+shingle-jaccard","BAIXA","LOW","","MANUAL REVIEW"
"https://www.alefotografo.com.br/fotografo-empresarial","alefotografo.com.br","https://videoscorporativos.com.br/reels-corporativos","videoscorporativos.com.br","15% (cos=0.15 jac=0.008)","tfidf-cosine+shingle-jaccard","BAIXA","LOW","","MANUAL REVIEW"
"https://www.alefotografo.com.br/fotografo-empresarial","alefotografo.com.br","https://videoscorporativos.com.br/video-para-clinicas","videoscorporativos.com.br","15% (cos=0.149 jac=0.008)","tfidf-cosine+shingle-jaccard","BAIXA","LOW","","MANUAL REVIEW"
"https://www.alefotografo.com.br/fotografo-de-feira-de-negocios","alefotografo.com.br","https://videoscorporativos.com.br/video-institucional-sao-paulo","videoscorporativos.com.br","15% (cos=0.146 jac=0.008)","tfidf-cosine+shingle-jaccard","BAIXA","LOW","","MANUAL REVIEW"
"https://www.alefotografo.com.br/fotografo-de-feira-de-negocios","alefotografo.com.br","https://videoscorporativos.com.br/video-corporativo-sao-paulo","videoscorporativos.com.br","15% (cos=0.153 jac=0.006)","tfidf-cosine+shingle-jaccard","BAIXA","LOW","","MANUAL REVIEW"
"https://www.alefotografo.com.br/fotografo-de-feira-de-negocios","alefotografo.com.br","https://videoscorporativos.com.br/depoimentos-em-video","videoscorporativos.com.br","15% (cos=0.152 jac=0.007)","tfidf-cosine+shingle-jaccard","BAIXA","LOW","","MANUAL REVIEW"
"https://www.alefotografo.com.br/portfolio","alefotografo.com.br","https://fotografoale.com.br","fotografoale.com.br","15% (cos=0.149 jac=0)","tfidf-cosine+shingle-jaccard","BAIXA","LOW","","MANUAL REVIEW"
"https://www.alefotografo.com.br/videos","alefotografo.com.br","https://videoscorporativos.com.br/video-corporativo-sao-paulo","videoscorporativos.com.br","15% (cos=0.154 jac=0.016)","tfidf-cosine+shingle-jaccard","BAIXA","LOW","","MANUAL REVIEW"
"https://www.alefotografo.com.br/videos","alefotografo.com.br","https://videoscorporativos.com.br/video-para-clinicas","videoscorporativos.com.br","15% (cos=0.147 jac=0.037)","tfidf-cosine+shingle-jaccard","BAIXA","LOW","","MANUAL REVIEW"
"https://www.alefotografo.com.br/videos","alefotografo.com.br","https://videoscorporativos.com.br/cases/women-in-tech-brasil","videoscorporativos.com.br","15% (cos=0.152 jac=0.087)","tfidf-cosine+shingle-jaccard","BAIXA","LOW","","MANUAL REVIEW"
"https://www.alefotografo.com.br/video-institucional","alefotografo.com.br","https://videoscorporativos.com.br/cases","videoscorporativos.com.br","15% (cos=0.147 jac=0.018)","tfidf-cosine+shingle-jaccard","BAIXA","LOW","","MANUAL REVIEW"
"https://www.alefotografo.com.br/video-institucional","alefotografo.com.br","https://videoscorporativos.com.br/video-de-treinamento-corporativo","videoscorporativos.com.br","15% (cos=0.15 jac=0.007)","tfidf-cosine+shingle-jaccard","BAIXA","LOW","","MANUAL REVIEW"
"https://www.alefotografo.com.br/video-institucional","alefotografo.com.br","https://videoscorporativos.com.br/cobertura-de-eventos-corporativos","videoscorporativos.com.br","15% (cos=0.151 jac=0.008)","tfidf-cosine+shingle-jaccard","BAIXA","LOW","","MANUAL REVIEW"
"https://www.alefotografo.com.br/video-institucional","alefotografo.com.br","https://videoscorporativos.com.br/cases/procooler-na-febrava-cobertura-de-feiras-e-eventos-corporativos","videoscorporativos.com.br","15% (cos=0.148 jac=0.023)","tfidf-cosine+shingle-jaccard","BAIXA","LOW","","MANUAL REVIEW"
"https://www.alefotografo.com.br/video-de-eventos-corporativos","alefotografo.com.br","https://videoscorporativos.com.br/video-corporativo-sao-paulo","videoscorporativos.com.br","15% (cos=0.146 jac=0.01)","tfidf-cosine+shingle-jaccard","BAIXA","LOW","","MANUAL REVIEW"
"https://www.alefotografo.com.br/video-de-eventos-corporativos","alefotografo.com.br","https://videoscorporativos.com.br/filmagem-evento-corporativo-sao-paulo","videoscorporativos.com.br","15% (cos=0.147 jac=0.008)","tfidf-cosine+shingle-jaccard","BAIXA","LOW","","MANUAL REVIEW"
"https://www.alefotografo.com.br/video-para-feiras-e-stands","alefotografo.com.br","https://videoscorporativos.com.br/cobertura-de-eventos-corporativos","videoscorporativos.com.br","15% (cos=0.153 jac=0.008)","tfidf-cosine+shingle-jaccard","BAIXA","LOW","","MANUAL REVIEW"
"https://www.alefotografo.com.br/faq","alefotografo.com.br","https://videoscorporativos.com.br/video-corporativo-sao-paulo","videoscorporativos.com.br","15% (cos=0.145 jac=0.01)","tfidf-cosine+shingle-jaccard","BAIXA","LOW","","MANUAL REVIEW"
"https://www.alefotografo.com.br/faq","alefotografo.com.br","https://videoscorporativos.com.br/video-de-integracao","videoscorporativos.com.br","15% (cos=0.148 jac=0.007)","tfidf-cosine+shingle-jaccard","BAIXA","LOW","","MANUAL REVIEW"
"https://www.alefotografo.com.br/faq","alefotografo.com.br","https://videoscorporativos.com.br/reels-corporativos","videoscorporativos.com.br","15% (cos=0.152 jac=0.008)","tfidf-cosine+shingle-jaccard","BAIXA","LOW","","MANUAL REVIEW"
"https://www.alefotografo.com.br/contato","alefotografo.com.br","https://videoscorporativos.com.br/","videoscorporativos.com.br","15% (cos=0.145 jac=0.038)","tfidf-cosine+shingle-jaccard","BAIXA","LOW","","MANUAL REVIEW"
"https://www.alefotografo.com.br/fotografo-corporativo/fotografia-para-escritorios-de-advocacia","alefotografo.com.br","https://videoscorporativos.com.br/autor/alexandre-machado","videoscorporativos.com.br","15% (cos=0.154 jac=0.012)","tfidf-cosine+shingle-jaccard","BAIXA","LOW","","MANUAL REVIEW"
"https://alefotografos.com.br/","alefotografos.com.br","https://videoscorporativos.com.br/precos","videoscorporativos.com.br","15% (cos=0.154 jac=0.019)","tfidf-cosine+shingle-jaccard","BAIXA","LOW","","MANUAL REVIEW"
"https://alefotografos.com.br/","alefotografos.com.br","https://videoscorporativos.com.br/reels-corporativos","videoscorporativos.com.br","15% (cos=0.146 jac=0.012)","tfidf-cosine+shingle-jaccard","BAIXA","LOW","","MANUAL REVIEW"
"https://alefotografos.com.br/fotografo-corporativo","alefotografos.com.br","https://fotografoale.com.br","fotografoale.com.br","15% (cos=0.146 jac=0)","tfidf-cosine+shingle-jaccard","BAIXA","LOW","","MANUAL REVIEW"
"https://alefotografos.com.br/foto-profissional","alefotografos.com.br","https://videoscorporativos.com.br/video-institucional-sao-paulo","videoscorporativos.com.br","15% (cos=0.151 jac=0.008)","tfidf-cosine+shingle-jaccard","BAIXA","LOW","","MANUAL REVIEW"
"https://alefotografos.com.br/fotografia-executiva","alefotografos.com.br","https://videoscorporativos.com.br/video-institucional-sao-paulo","videoscorporativos.com.br","15% (cos=0.147 jac=0.008)","tfidf-cosine+shingle-jaccard","BAIXA","LOW","","MANUAL REVIEW"
"https://alefotografos.com.br/fotografia-executiva","alefotografos.com.br","https://videoscorporativos.com.br/video-corporativo-sao-paulo","videoscorporativos.com.br","15% (cos=0.146 jac=0.006)","tfidf-cosine+shingle-jaccard","BAIXA","LOW","","MANUAL REVIEW"
"https://alefotografos.com.br/fotografia-executiva","alefotografos.com.br","https://videoscorporativos.com.br/reels-corporativos","videoscorporativos.com.br","15% (cos=0.149 jac=0.008)","tfidf-cosine+shingle-jaccard","BAIXA","LOW","","MANUAL REVIEW"
"https://alefotografos.com.br/fotografo-empresarial","alefotografos.com.br","https://videoscorporativos.com.br/blog","videoscorporativos.com.br","15% (cos=0.146 jac=0.005)","tfidf-cosine+shingle-jaccard","BAIXA","LOW","","MANUAL REVIEW"
"https://alefotografos.com.br/fotografo-empresarial","alefotografos.com.br","https://videoscorporativos.com.br/depoimentos-em-video","videoscorporativos.com.br","15% (cos=0.152 jac=0.014)","tfidf-cosine+shingle-jaccard","BAIXA","LOW","","MANUAL REVIEW"
"https://alefotografos.com.br/fotografo-empresarial","alefotografos.com.br","https://videoscorporativos.com.br/reels-corporativos","videoscorporativos.com.br","15% (cos=0.145 jac=0.008)","tfidf-cosine+shingle-jaccard","BAIXA","LOW","","MANUAL REVIEW"
"https://alefotografos.com.br/fotografo-de-feira-de-negocios","alefotografos.com.br","https://videoscorporativos.com.br/video-corporativo-sao-paulo","videoscorporativos.com.br","15% (cos=0.147 jac=0.006)","tfidf-cosine+shingle-jaccard","BAIXA","LOW","","MANUAL REVIEW"
"https://alefotografos.com.br/fotografo-de-feira-de-negocios","alefotografos.com.br","https://videoscorporativos.com.br/filmagem-evento-corporativo-sao-paulo","videoscorporativos.com.br","15% (cos=0.147 jac=0.016)","tfidf-cosine+shingle-jaccard","BAIXA","LOW","","MANUAL REVIEW"
"https://alefotografos.com.br/videos","alefotografos.com.br","https://videoscorporativos.com.br/filmagem-evento-corporativo-sao-paulo","videoscorporativos.com.br","15% (cos=0.149 jac=0.032)","tfidf-cosine+shingle-jaccard","BAIXA","LOW","","MANUAL REVIEW"
"https://alefotografos.com.br/videos","alefotografos.com.br","https://videoscorporativos.com.br/video-para-feira-de-negocios","videoscorporativos.com.br","15% (cos=0.154 jac=0.027)","tfidf-cosine+shingle-jaccard","BAIXA","LOW","","MANUAL REVIEW"
"https://alefotografos.com.br/videos","alefotografos.com.br","https://videoscorporativos.com.br/depoimentos-em-video","videoscorporativos.com.br","15% (cos=0.152 jac=0.028)","tfidf-cosine+shingle-jaccard","BAIXA","LOW","","MANUAL REVIEW"
"https://alefotografos.com.br/videos","alefotografos.com.br","https://videoscorporativos.com.br/cobertura-de-eventos-corporativos","videoscorporativos.com.br","15% (cos=0.149 jac=0.02)","tfidf-cosine+shingle-jaccard","BAIXA","LOW","","MANUAL REVIEW"
"https://alefotografos.com.br/videos","alefotografos.com.br","https://videoscorporativos.com.br/video-para-industrias","videoscorporativos.com.br","15% (cos=0.147 jac=0.02)","tfidf-cosine+shingle-jaccard","BAIXA","LOW","","MANUAL REVIEW"
"https://alefotografos.com.br/sobre","alefotografos.com.br","https://videoscorporativos.com.br/video-institucional-sao-paulo","videoscorporativos.com.br","15% (cos=0.152 jac=0.008)","tfidf-cosine+shingle-jaccard","BAIXA","LOW","","MANUAL REVIEW"
"https://alefotografos.com.br/quem-e-o-ale","alefotografos.com.br","https://videoscorporativos.com.br/","videoscorporativos.com.br","15% (cos=0.148 jac=0.035)","tfidf-cosine+shingle-jaccard","BAIXA","LOW","","MANUAL REVIEW"
"https://alefotografos.com.br/quem-e-o-ale","alefotografos.com.br","https://videoscorporativos.com.br/video-institucional-sao-paulo","videoscorporativos.com.br","15% (cos=0.145 jac=0.008)","tfidf-cosine+shingle-jaccard","BAIXA","LOW","","MANUAL REVIEW"
"https://alefotografos.com.br/faq","alefotografos.com.br","https://videoscorporativos.com.br/video-corporativo-sao-paulo","videoscorporativos.com.br","15% (cos=0.154 jac=0.013)","tfidf-cosine+shingle-jaccard","BAIXA","LOW","","MANUAL REVIEW"
"https://alefotografos.com.br/contato","alefotografos.com.br","https://videoscorporativos.com.br/video-institucional-sao-paulo","videoscorporativos.com.br","15% (cos=0.154 jac=0.016)","tfidf-cosine+shingle-jaccard","BAIXA","LOW","","MANUAL REVIEW"
"https://alefotografos.com.br/fotografo-corporativo/fotografia-para-escritorios-de-advocacia","alefotografos.com.br","https://videoscorporativos.com.br/video-corporativo-sao-paulo","videoscorporativos.com.br","15% (cos=0.154 jac=0.017)","tfidf-cosine+shingle-jaccard","BAIXA","LOW","","MANUAL REVIEW"
"https://alefotografos.com.br/fotografo-corporativo/ensaio-feminino","alefotografos.com.br","https://fotografoale.com.br/fotografia-corporativa","fotografoale.com.br","15% (cos=0.15 jac=0)","tfidf-cosine+shingle-jaccard","BAIXA","LOW","","MANUAL REVIEW"
"https://alefotografos.com.br/fotografo-corporativo/retratos-de-medicos","alefotografos.com.br","https://videoscorporativos.com.br/","videoscorporativos.com.br","15% (cos=0.146 jac=0.017)","tfidf-cosine+shingle-jaccard","BAIXA","LOW","","MANUAL REVIEW"
"https://alefotografos.com.br/fotografo-corporativo/retratos-de-medicas","alefotografos.com.br","https://videoscorporativos.com.br/","videoscorporativos.com.br","15% (cos=0.147 jac=0.017)","tfidf-cosine+shingle-jaccard","BAIXA","LOW","","MANUAL REVIEW"
"https://alefotografos.com.br/fotografo-corporativo/retratos-de-medicas","alefotografos.com.br","https://videoscorporativos.com.br/video-corporativo-sao-paulo","videoscorporativos.com.br","15% (cos=0.154 jac=0.017)","tfidf-cosine+shingle-jaccard","BAIXA","LOW","","MANUAL REVIEW"
"https://alefotografos.com.br/fotografo-corporativo/fotos-para-clinicas-medicas","alefotografos.com.br","https://videoscorporativos.com.br/video-corporativo-sao-paulo","videoscorporativos.com.br","15% (cos=0.151 jac=0.016)","tfidf-cosine+shingle-jaccard","BAIXA","LOW","","MANUAL REVIEW"
"https://videoscorporativos.com.br/cases/sq-quimica-na-fce-pharma-cobertura-em-video-para-feiras-de-negocios","videoscorporativos.com.br","https://fotografoale.com.br/faz-negocios-3-da-faz-farma-com-depoimentos","fotografoale.com.br","15% (cos=0.152 jac=0)","tfidf-cosine+shingle-jaccard","BAIXA","LOW","","MANUAL REVIEW"
"https://www.alefotografo.com.br/","alefotografo.com.br","https://videoscorporativos.com.br/video-institucional-sao-paulo","videoscorporativos.com.br","14% (cos=0.138 jac=0.017)","tfidf-cosine+shingle-jaccard","BAIXA","LOW","","MANUAL REVIEW"
"https://www.alefotografo.com.br/","alefotografo.com.br","https://videoscorporativos.com.br/cobertura-de-eventos-corporativos","videoscorporativos.com.br","14% (cos=0.14 jac=0.016)","tfidf-cosine+shingle-jaccard","BAIXA","LOW","","MANUAL REVIEW"
"https://www.alefotografo.com.br/servicos","alefotografo.com.br","https://videoscorporativos.com.br/cases/procooler-na-febrava-cobertura-de-feiras-e-eventos-corporativos","videoscorporativos.com.br","14% (cos=0.141 jac=0.016)","tfidf-cosine+shingle-jaccard","BAIXA","LOW","","MANUAL REVIEW"
"https://www.alefotografo.com.br/servicos","alefotografo.com.br","https://videoscorporativos.com.br/cases/sq-quimica-na-fce-pharma-cobertura-em-video-para-feiras-de-negocios","videoscorporativos.com.br","14% (cos=0.136 jac=0.023)","tfidf-cosine+shingle-jaccard","BAIXA","LOW","","MANUAL REVIEW"
"https://www.alefotografo.com.br/fotografo-corporativo","alefotografo.com.br","https://videoscorporativos.com.br/video-institucional-sao-paulo","videoscorporativos.com.br","14% (cos=0.139 jac=0.008)","tfidf-cosine+shingle-jaccard","BAIXA","LOW","","MANUAL REVIEW"
"https://www.alefotografo.com.br/fotos-corporativas","alefotografo.com.br","https://videoscorporativos.com.br/precos","videoscorporativos.com.br","14% (cos=0.142 jac=0.011)","tfidf-cosine+shingle-jaccard","BAIXA","LOW","","MANUAL REVIEW"
"https://www.alefotografo.com.br/fotos-corporativas","alefotografo.com.br","https://videoscorporativos.com.br/reels-corporativos","videoscorporativos.com.br","14% (cos=0.142 jac=0.008)","tfidf-cosine+shingle-jaccard","BAIXA","LOW","","MANUAL REVIEW"
"https://www.alefotografo.com.br/fotos-corporativas","alefotografo.com.br","https://videoscorporativos.com.br/video-para-industrias","videoscorporativos.com.br","14% (cos=0.137 jac=0.008)","tfidf-cosine+shingle-jaccard","BAIXA","LOW","","MANUAL REVIEW"
"https://www.alefotografo.com.br/foto-profissional","alefotografo.com.br","https://videoscorporativos.com.br/depoimentos-em-video","videoscorporativos.com.br","14% (cos=0.144 jac=0.007)","tfidf-cosine+shingle-jaccard","BAIXA","LOW","","MANUAL REVIEW"
"https://www.alefotografo.com.br/foto-profissional-para-linkedin","alefotografo.com.br","https://videoscorporativos.com.br/video-institucional-sao-paulo","videoscorporativos.com.br","14% (cos=0.145 jac=0.008)","tfidf-cosine+shingle-jaccard","BAIXA","LOW","","MANUAL REVIEW"
"https://www.alefotografo.com.br/foto-profissional-para-linkedin","alefotografo.com.br","https://videoscorporativos.com.br/video-de-integracao","videoscorporativos.com.br","14% (cos=0.137 jac=0.007)","tfidf-cosine+shingle-jaccard","BAIXA","LOW","","MANUAL REVIEW"
"https://www.alefotografo.com.br/fotografia-para-clinicas","alefotografo.com.br","https://videoscorporativos.com.br/precos","videoscorporativos.com.br","14% (cos=0.141 jac=0.006)","tfidf-cosine+shingle-jaccard","BAIXA","LOW","","MANUAL REVIEW"
"https://www.alefotografo.com.br/fotografia-executiva","alefotografo.com.br","https://fotodeperfilprofissional.com.br/","fotodeperfilprofissional.com.br","14% (cos=0.135 jac=0.005)","tfidf-cosine+shingle-jaccard","BAIXA","LOW","","MANUAL REVIEW"
"https://www.alefotografo.com.br/fotos-profissionais-medicos","alefotografo.com.br","https://videoscorporativos.com.br/blog","videoscorporativos.com.br","14% (cos=0.137 jac=0.004)","tfidf-cosine+shingle-jaccard","BAIXA","LOW","","MANUAL REVIEW"
"https://www.alefotografo.com.br/fotos-profissionais-medicos","alefotografo.com.br","https://videoscorporativos.com.br/autor/alexandre-machado","videoscorporativos.com.br","14% (cos=0.135 jac=0.012)","tfidf-cosine+shingle-jaccard","BAIXA","LOW","","MANUAL REVIEW"
"https://www.alefotografo.com.br/fotografia-para-advogados","alefotografo.com.br","https://videoscorporativos.com.br/reels-corporativos","videoscorporativos.com.br","14% (cos=0.141 jac=0.008)","tfidf-cosine+shingle-jaccard","BAIXA","LOW","","MANUAL REVIEW"
"https://www.alefotografo.com.br/eventos-corporativos","alefotografo.com.br","https://videoscorporativos.com.br/blog","videoscorporativos.com.br","14% (cos=0.138 jac=0.009)","tfidf-cosine+shingle-jaccard","BAIXA","LOW","","MANUAL REVIEW"
"https://www.alefotografo.com.br/fotografo-de-feira-de-negocios","alefotografo.com.br","https://videoscorporativos.com.br/filmagem-evento-corporativo-sao-paulo","videoscorporativos.com.br","14% (cos=0.143 jac=0.016)","tfidf-cosine+shingle-jaccard","BAIXA","LOW","","MANUAL REVIEW"
"https://www.alefotografo.com.br/fotografo-de-feira-de-negocios","alefotografo.com.br","https://videoscorporativos.com.br/video-para-feira-de-negocios","videoscorporativos.com.br","14% (cos=0.138 jac=0.022)","tfidf-cosine+shingle-jaccard","BAIXA","LOW","","MANUAL REVIEW"
"https://www.alefotografo.com.br/fotografo-de-feira-de-negocios","alefotografo.com.br","https://videoscorporativos.com.br/video-para-empresas","videoscorporativos.com.br","14% (cos=0.141 jac=0.008)","tfidf-cosine+shingle-jaccard","BAIXA","LOW","","MANUAL REVIEW"
"https://www.alefotografo.com.br/fotografo-de-feira-de-negocios","alefotografo.com.br","https://videoscorporativos.com.br/reels-corporativos","videoscorporativos.com.br","14% (cos=0.139 jac=0.008)","tfidf-cosine+shingle-jaccard","BAIXA","LOW","","MANUAL REVIEW"
"https://www.alefotografo.com.br/portfolio","alefotografo.com.br","https://videoscorporativos.com.br/video-corporativo-sao-paulo","videoscorporativos.com.br","14% (cos=0.142 jac=0.006)","tfidf-cosine+shingle-jaccard","BAIXA","LOW","","MANUAL REVIEW"
"https://www.alefotografo.com.br/portfolio","alefotografo.com.br","https://videoscorporativos.com.br/cases/procooler-na-febrava-cobertura-de-feiras-e-eventos-corporativos","videoscorporativos.com.br","14% (cos=0.137 jac=0.016)","tfidf-cosine+shingle-jaccard","BAIXA","LOW","","MANUAL REVIEW"
"https://www.alefotografo.com.br/videos","alefotografo.com.br","https://videoscorporativos.com.br/blog","videoscorporativos.com.br","14% (cos=0.141 jac=0.007)","tfidf-cosine+shingle-jaccard","BAIXA","LOW","","MANUAL REVIEW"
"https://www.alefotografo.com.br/videos","alefotografo.com.br","https://videoscorporativos.com.br/reels-corporativos","videoscorporativos.com.br","14% (cos=0.138 jac=0.039)","tfidf-cosine+shingle-jaccard","BAIXA","LOW","","MANUAL REVIEW"
"https://www.alefotografo.com.br/video-institucional","alefotografo.com.br","https://videoscorporativos.com.br/autor/alexandre-machado","videoscorporativos.com.br","14% (cos=0.139 jac=0.018)","tfidf-cosine+shingle-jaccard","BAIXA","LOW","","MANUAL REVIEW"
"https://www.alefotografo.com.br/video-institucional","alefotografo.com.br","https://videoscorporativos.com.br/depoimentos-em-video","videoscorporativos.com.br","14% (cos=0.137 jac=0.007)","tfidf-cosine+shingle-jaccard","BAIXA","LOW","","MANUAL REVIEW"
"https://www.alefotografo.com.br/video-institucional","alefotografo.com.br","https://videoscorporativos.com.br/video-para-clinicas","videoscorporativos.com.br","14% (cos=0.136 jac=0.008)","tfidf-cosine+shingle-jaccard","BAIXA","LOW","","MANUAL REVIEW"
"https://www.alefotografo.com.br/video-de-eventos-corporativos","alefotografo.com.br","https://videoscorporativos.com.br/precos","videoscorporativos.com.br","14% (cos=0.136 jac=0.01)","tfidf-cosine+shingle-jaccard","BAIXA","LOW","","MANUAL REVIEW"
"https://www.alefotografo.com.br/video-de-eventos-corporativos","alefotografo.com.br","https://videoscorporativos.com.br/video-para-empresas","videoscorporativos.com.br","14% (cos=0.137 jac=0.008)","tfidf-cosine+shingle-jaccard","BAIXA","LOW","","MANUAL REVIEW"
"https://www.alefotografo.com.br/video-de-eventos-corporativos","alefotografo.com.br","https://videoscorporativos.com.br/cases/tecnisa-almoco-com-fornecedores","videoscorporativos.com.br","14% (cos=0.138 jac=0.024)","tfidf-cosine+shingle-jaccard","BAIXA","LOW","","MANUAL REVIEW"
"https://www.alefotografo.com.br/video-de-eventos-corporativos","alefotografo.com.br","https://videoscorporativos.com.br/cases/unipac-50-anos","videoscorporativos.com.br","14% (cos=0.139 jac=0.025)","tfidf-cosine+shingle-jaccard","BAIXA","LOW","","MANUAL REVIEW"
"https://www.alefotografo.com.br/video-para-feiras-e-stands","alefotografo.com.br","https://videoscorporativos.com.br/video-institucional-sao-paulo","videoscorporativos.com.br","14% (cos=0.139 jac=0.012)","tfidf-cosine+shingle-jaccard","BAIXA","LOW","","MANUAL REVIEW"
"https://www.alefotografo.com.br/video-para-feiras-e-stands","alefotografo.com.br","https://videoscorporativos.com.br/video-para-feira-de-negocios","videoscorporativos.com.br","14% (cos=0.138 jac=0.011)","tfidf-cosine+shingle-jaccard","BAIXA","LOW","","MANUAL REVIEW"
"https://www.alefotografo.com.br/video-para-feiras-e-stands","alefotografo.com.br","https://videoscorporativos.com.br/cases/women-in-tech-brasil","videoscorporativos.com.br","14% (cos=0.142 jac=0.032)","tfidf-cosine+shingle-jaccard","BAIXA","LOW","","MANUAL REVIEW"
"https://www.alefotografo.com.br/sobre","alefotografo.com.br","https://videoscorporativos.com.br/","videoscorporativos.com.br","14% (cos=0.139 jac=0.016)","tfidf-cosine+shingle-jaccard","BAIXA","LOW","","MANUAL REVIEW"
"https://www.alefotografo.com.br/sobre","alefotografo.com.br","https://videoscorporativos.com.br/autor/alexandre-machado","videoscorporativos.com.br","14% (cos=0.135 jac=0.012)","tfidf-cosine+shingle-jaccard","BAIXA","LOW","","MANUAL REVIEW"
"https://www.alefotografo.com.br/depoimentos","alefotografo.com.br","https://videoscorporativos.com.br/precos","videoscorporativos.com.br","14% (cos=0.14 jac=0.059)","tfidf-cosine+shingle-jaccard","BAIXA","LOW","","MANUAL REVIEW"
"https://alefotografos.com.br/","alefotografos.com.br","https://videoscorporativos.com.br/video-corporativo-sao-paulo","videoscorporativos.com.br","14% (cos=0.142 jac=0.01)","tfidf-cosine+shingle-jaccard","BAIXA","LOW","","MANUAL REVIEW"
"https://alefotografos.com.br/","alefotografos.com.br","https://videoscorporativos.com.br/video-de-integracao","videoscorporativos.com.br","14% (cos=0.136 jac=0.011)","tfidf-cosine+shingle-jaccard","BAIXA","LOW","","MANUAL REVIEW"
"https://alefotografos.com.br/","alefotografos.com.br","https://videoscorporativos.com.br/cases/sq-quimica-na-fce-pharma-cobertura-em-video-para-feiras-de-negocios","videoscorporativos.com.br","14% (cos=0.141 jac=0.063)","tfidf-cosine+shingle-jaccard","BAIXA","LOW","","MANUAL REVIEW"
"https://alefotografos.com.br/","alefotografos.com.br","https://fotodeperfilprofissional.com.br/fotos-de-eventos-corporativos/","fotodeperfilprofissional.com.br","14% (cos=0.136 jac=0.033)","tfidf-cosine+shingle-jaccard","BAIXA","LOW","","MANUAL REVIEW"
"https://alefotografos.com.br/","alefotografos.com.br","https://fotodeperfilprofissional.com.br/fotografia-institucional/","fotodeperfilprofissional.com.br","14% (cos=0.136 jac=0.034)","tfidf-cosine+shingle-jaccard","BAIXA","LOW","","MANUAL REVIEW"
"https://alefotografos.com.br/","alefotografos.com.br","https://fotodeperfilprofissional.com.br/retratocorporativo/","fotodeperfilprofissional.com.br","14% (cos=0.143 jac=0.028)","tfidf-cosine+shingle-jaccard","BAIXA","LOW","","MANUAL REVIEW"
"https://alefotografos.com.br/","alefotografos.com.br","https://fotodeperfilprofissional.com.br/retrato_corporativo_ale_fotografo_contato/","fotodeperfilprofissional.com.br","14% (cos=0.138 jac=0.042)","tfidf-cosine+shingle-jaccard","BAIXA","LOW","","MANUAL REVIEW"
"https://alefotografos.com.br/fotos-corporativas","alefotografos.com.br","https://videoscorporativos.com.br/video-institucional-sao-paulo","videoscorporativos.com.br","14% (cos=0.139 jac=0.008)","tfidf-cosine+shingle-jaccard","BAIXA","LOW","","MANUAL REVIEW"
"https://alefotografos.com.br/fotos-corporativas","alefotografos.com.br","https://fotografoale.com.br","fotografoale.com.br","14% (cos=0.142 jac=0)","tfidf-cosine+shingle-jaccard","BAIXA","LOW","","MANUAL REVIEW"
"https://alefotografos.com.br/fotografia-executiva","alefotografos.com.br","https://videoscorporativos.com.br/blog","videoscorporativos.com.br","14% (cos=0.139 jac=0.003)","tfidf-cosine+shingle-jaccard","BAIXA","LOW","","MANUAL REVIEW"
"https://alefotografos.com.br/fotografia-executiva","alefotografos.com.br","https://videoscorporativos.com.br/video-para-empresas","videoscorporativos.com.br","14% (cos=0.144 jac=0.008)","tfidf-cosine+shingle-jaccard","BAIXA","LOW","","MANUAL REVIEW"
"https://alefotografos.com.br/fotos-profissionais-medicos","alefotografos.com.br","https://videoscorporativos.com.br/video-para-empresas","videoscorporativos.com.br","14% (cos=0.145 jac=0.008)","tfidf-cosine+shingle-jaccard","BAIXA","LOW","","MANUAL REVIEW"
"https://alefotografos.com.br/fotografia-para-advogados","alefotografos.com.br","https://videoscorporativos.com.br/video-institucional-sao-paulo","videoscorporativos.com.br","14% (cos=0.141 jac=0.008)","tfidf-cosine+shingle-jaccard","BAIXA","LOW","","MANUAL REVIEW"
"https://alefotografos.com.br/fotografia-para-advogados","alefotografos.com.br","https://videoscorporativos.com.br/video-corporativo-sao-paulo","videoscorporativos.com.br","14% (cos=0.142 jac=0.006)","tfidf-cosine+shingle-jaccard","BAIXA","LOW","","MANUAL REVIEW"
"https://alefotografos.com.br/eventos-corporativos","alefotografos.com.br","https://videoscorporativos.com.br/precos","videoscorporativos.com.br","14% (cos=0.139 jac=0.007)","tfidf-cosine+shingle-jaccard","BAIXA","LOW","","MANUAL REVIEW"
"https://alefotografos.com.br/eventos-corporativos","alefotografos.com.br","https://videoscorporativos.com.br/video-institucional-sao-paulo","videoscorporativos.com.br","14% (cos=0.143 jac=0.012)","tfidf-cosine+shingle-jaccard","BAIXA","LOW","","MANUAL REVIEW"
"https://alefotografos.com.br/fotografo-empresarial","alefotografos.com.br","https://videoscorporativos.com.br/video-de-integracao","videoscorporativos.com.br","14% (cos=0.144 jac=0.007)","tfidf-cosine+shingle-jaccard","BAIXA","LOW","","MANUAL REVIEW"
"https://alefotografos.com.br/fotografo-empresarial","alefotografos.com.br","https://videoscorporativos.com.br/video-para-clinicas","videoscorporativos.com.br","14% (cos=0.139 jac=0.008)","tfidf-cosine+shingle-jaccard","BAIXA","LOW","","MANUAL REVIEW"
"https://alefotografos.com.br/fotografo-de-feira-de-negocios","alefotografos.com.br","https://videoscorporativos.com.br/precos","videoscorporativos.com.br","14% (cos=0.138 jac=0.003)","tfidf-cosine+shingle-jaccard","BAIXA","LOW","","MANUAL REVIEW"
"https://alefotografos.com.br/videos","alefotografos.com.br","https://videoscorporativos.com.br/video-de-treinamento-corporativo","videoscorporativos.com.br","14% (cos=0.144 jac=0.02)","tfidf-cosine+shingle-jaccard","BAIXA","LOW","","MANUAL REVIEW"
"https://alefotografos.com.br/videos","alefotografos.com.br","https://videoscorporativos.com.br/cases/nini-bambini-moda-infantil-com-encanto-e-estilo","videoscorporativos.com.br","14% (cos=0.139 jac=0.087)","tfidf-cosine+shingle-jaccard","BAIXA","LOW","","MANUAL REVIEW"
"https://alefotografos.com.br/sobre","alefotografos.com.br","https://videoscorporativos.com.br/video-para-empresas","videoscorporativos.com.br","14% (cos=0.14 jac=0.008)","tfidf-cosine+shingle-jaccard","BAIXA","LOW","","MANUAL REVIEW"
"https://alefotografos.com.br/depoimentos","alefotografos.com.br","https://videoscorporativos.com.br/precos","videoscorporativos.com.br","14% (cos=0.136 jac=0.057)","tfidf-cosine+shingle-jaccard","BAIXA","LOW","","MANUAL REVIEW"
"https://alefotografos.com.br/faq","alefotografos.com.br","https://videoscorporativos.com.br/","videoscorporativos.com.br","14% (cos=0.141 jac=0.035)","tfidf-cosine+shingle-jaccard","BAIXA","LOW","","MANUAL REVIEW"
"https://alefotografos.com.br/faq","alefotografos.com.br","https://videoscorporativos.com.br/autor/alexandre-machado","videoscorporativos.com.br","14% (cos=0.139 jac=0.018)","tfidf-cosine+shingle-jaccard","BAIXA","LOW","","MANUAL REVIEW"
"https://alefotografos.com.br/faq","alefotografos.com.br","https://videoscorporativos.com.br/video-para-empresas","videoscorporativos.com.br","14% (cos=0.143 jac=0.017)","tfidf-cosine+shingle-jaccard","BAIXA","LOW","","MANUAL REVIEW"
"https://alefotografos.com.br/contato","alefotografos.com.br","https://videoscorporativos.com.br/","videoscorporativos.com.br","14% (cos=0.139 jac=0.032)","tfidf-cosine+shingle-jaccard","BAIXA","LOW","","MANUAL REVIEW"
"https://alefotografos.com.br/contato","alefotografos.com.br","https://videoscorporativos.com.br/autor/alexandre-machado","videoscorporativos.com.br","14% (cos=0.145 jac=0.012)","tfidf-cosine+shingle-jaccard","BAIXA","LOW","","MANUAL REVIEW"
"https://alefotografos.com.br/contato","alefotografos.com.br","https://videoscorporativos.com.br/video-corporativo-sao-paulo","videoscorporativos.com.br","14% (cos=0.143 jac=0.016)","tfidf-cosine+shingle-jaccard","BAIXA","LOW","","MANUAL REVIEW"
"https://alefotografos.com.br/fotografo-corporativo/ensaio-feminino","alefotografos.com.br","https://videoscorporativos.com.br/","videoscorporativos.com.br","14% (cos=0.144 jac=0.018)","tfidf-cosine+shingle-jaccard","BAIXA","LOW","","MANUAL REVIEW"
"https://alefotografos.com.br/fotografo-corporativo/ensaio-feminino","alefotografos.com.br","https://videoscorporativos.com.br/cases/procooler-na-febrava-cobertura-de-feiras-e-eventos-corporativos","videoscorporativos.com.br","14% (cos=0.141 jac=0.016)","tfidf-cosine+shingle-jaccard","BAIXA","LOW","","MANUAL REVIEW"
"https://alefotografos.com.br/fotografo-corporativo/ensaio-feminino","alefotografos.com.br","https://videoscorporativos.com.br/cases/sq-quimica-na-fce-pharma-cobertura-em-video-para-feiras-de-negocios","videoscorporativos.com.br","14% (cos=0.136 jac=0.016)","tfidf-cosine+shingle-jaccard","BAIXA","LOW","","MANUAL REVIEW"
"https://alefotografos.com.br/fotografo-corporativo/retrato-corporativo","alefotografos.com.br","https://videoscorporativos.com.br/cases/procooler-na-febrava-cobertura-de-feiras-e-eventos-corporativos","videoscorporativos.com.br","14% (cos=0.137 jac=0.016)","tfidf-cosine+shingle-jaccard","BAIXA","LOW","","MANUAL REVIEW"
"https://alefotografos.com.br/fotografo-corporativo/retratos-de-medicos","alefotografos.com.br","https://videoscorporativos.com.br/video-para-empresas","videoscorporativos.com.br","14% (cos=0.142 jac=0.008)","tfidf-cosine+shingle-jaccard","BAIXA","LOW","","MANUAL REVIEW"
"https://alefotografos.com.br/fotografo-corporativo/retratos-de-medicos","alefotografos.com.br","https://videoscorporativos.com.br/cases/procooler-na-febrava-cobertura-de-feiras-e-eventos-corporativos","videoscorporativos.com.br","14% (cos=0.139 jac=0.016)","tfidf-cosine+shingle-jaccard","BAIXA","LOW","","MANUAL REVIEW"
"https://alefotografos.com.br/fotografo-corporativo/retratos-de-medicas","alefotografos.com.br","https://videoscorporativos.com.br/cases/procooler-na-febrava-cobertura-de-feiras-e-eventos-corporativos","videoscorporativos.com.br","14% (cos=0.139 jac=0.016)","tfidf-cosine+shingle-jaccard","BAIXA","LOW","","MANUAL REVIEW"
"https://alefotografos.com.br/fotografo-corporativo/fotos-para-clinicas-medicas","alefotografos.com.br","https://videoscorporativos.com.br/video-para-empresas","videoscorporativos.com.br","14% (cos=0.137 jac=0.008)","tfidf-cosine+shingle-jaccard","BAIXA","LOW","","MANUAL REVIEW"
"https://alefotografos.com.br/fotografo-corporativo/fotos-para-clinicas-medicas","alefotografos.com.br","https://videoscorporativos.com.br/cases/procooler-na-febrava-cobertura-de-feiras-e-eventos-corporativos","videoscorporativos.com.br","14% (cos=0.135 jac=0.016)","tfidf-cosine+shingle-jaccard","BAIXA","LOW","","MANUAL REVIEW"
"https://www.alefotografo.com.br/","alefotografo.com.br","https://videoscorporativos.com.br/video-de-integracao","videoscorporativos.com.br","13% (cos=0.125 jac=0.011)","tfidf-cosine+shingle-jaccard","BAIXA","LOW","","MANUAL REVIEW"
"https://www.alefotografo.com.br/","alefotografo.com.br","https://videoscorporativos.com.br/video-para-empresas","videoscorporativos.com.br","13% (cos=0.132 jac=0.012)","tfidf-cosine+shingle-jaccard","BAIXA","LOW","","MANUAL REVIEW"
"https://www.alefotografo.com.br/","alefotografo.com.br","https://videoscorporativos.com.br/cases/sq-quimica-na-fce-pharma-cobertura-em-video-para-feiras-de-negocios","videoscorporativos.com.br","13% (cos=0.132 jac=0.063)","tfidf-cosine+shingle-jaccard","BAIXA","LOW","","MANUAL REVIEW"
"https://www.alefotografo.com.br/servicos","alefotografo.com.br","https://videoscorporativos.com.br/cases/unipac-50-anos","videoscorporativos.com.br","13% (cos=0.127 jac=0.017)","tfidf-cosine+shingle-jaccard","BAIXA","LOW","","MANUAL REVIEW"
"https://www.alefotografo.com.br/fotografo-corporativo","alefotografo.com.br","https://videoscorporativos.com.br/autor/alexandre-machado","videoscorporativos.com.br","13% (cos=0.13 jac=0.012)","tfidf-cosine+shingle-jaccard","BAIXA","LOW","","MANUAL REVIEW"
"https://www.alefotografo.com.br/fotografo-corporativo","alefotografo.com.br","https://videoscorporativos.com.br/video-corporativo-sao-paulo","videoscorporativos.com.br","13% (cos=0.13 jac=0.008)","tfidf-cosine+shingle-jaccard","BAIXA","LOW","","MANUAL REVIEW"
"https://www.alefotografo.com.br/fotos-corporativas","alefotografo.com.br","https://videoscorporativos.com.br/blog","videoscorporativos.com.br","13% (cos=0.129 jac=0.003)","tfidf-cosine+shingle-jaccard","BAIXA","LOW","","MANUAL REVIEW"
"https://www.alefotografo.com.br/fotos-corporativas","alefotografo.com.br","https://videoscorporativos.com.br/autor/alexandre-machado","videoscorporativos.com.br","13% (cos=0.13 jac=0.037)","tfidf-cosine+shingle-jaccard","BAIXA","LOW","","MANUAL REVIEW"
"https://www.alefotografo.com.br/fotos-corporativas","alefotografo.com.br","https://videoscorporativos.com.br/filmagem-evento-corporativo-sao-paulo","videoscorporativos.com.br","13% (cos=0.13 jac=0.008)","tfidf-cosine+shingle-jaccard","BAIXA","LOW","","MANUAL REVIEW"
"https://www.alefotografo.com.br/fotos-corporativas","alefotografo.com.br","https://videoscorporativos.com.br/depoimentos-em-video","videoscorporativos.com.br","13% (cos=0.132 jac=0.007)","tfidf-cosine+shingle-jaccard","BAIXA","LOW","","MANUAL REVIEW"
"https://www.alefotografo.com.br/fotos-corporativas","alefotografo.com.br","https://videoscorporativos.com.br/cobertura-de-eventos-corporativos","videoscorporativos.com.br","13% (cos=0.135 jac=0.008)","tfidf-cosine+shingle-jaccard","BAIXA","LOW","","MANUAL REVIEW"
"https://www.alefotografo.com.br/fotos-corporativas","alefotografo.com.br","https://fotografoale.com.br/fotografia-corporativa","fotografoale.com.br","13% (cos=0.132 jac=0)","tfidf-cosine+shingle-jaccard","BAIXA","LOW","","MANUAL REVIEW"
"https://www.alefotografo.com.br/fotos-corporativas","alefotografo.com.br","https://fotodeperfilprofissional.com.br/","fotodeperfilprofissional.com.br","13% (cos=0.13 jac=0.004)","tfidf-cosine+shingle-jaccard","BAIXA","LOW","","MANUAL REVIEW"
"https://www.alefotografo.com.br/foto-profissional","alefotografo.com.br","https://videoscorporativos.com.br/autor/alexandre-machado","videoscorporativos.com.br","13% (cos=0.126 jac=0.012)","tfidf-cosine+shingle-jaccard","BAIXA","LOW","","MANUAL REVIEW"
"https://www.alefotografo.com.br/foto-profissional","alefotografo.com.br","https://videoscorporativos.com.br/video-corporativo-sao-paulo","videoscorporativos.com.br","13% (cos=0.126 jac=0.006)","tfidf-cosine+shingle-jaccard","BAIXA","LOW","","MANUAL REVIEW"
"https://www.alefotografo.com.br/foto-profissional-para-linkedin","alefotografo.com.br","https://videoscorporativos.com.br/precos","videoscorporativos.com.br","13% (cos=0.133 jac=0.008)","tfidf-cosine+shingle-jaccard","BAIXA","LOW","","MANUAL REVIEW"
"https://www.alefotografo.com.br/foto-profissional-para-linkedin","alefotografo.com.br","https://videoscorporativos.com.br/video-corporativo-sao-paulo","videoscorporativos.com.br","13% (cos=0.126 jac=0.006)","tfidf-cosine+shingle-jaccard","BAIXA","LOW","","MANUAL REVIEW"
"https://www.alefotografo.com.br/foto-profissional-para-linkedin","alefotografo.com.br","https://videoscorporativos.com.br/video-para-empresas","videoscorporativos.com.br","13% (cos=0.126 jac=0.008)","tfidf-cosine+shingle-jaccard","BAIXA","LOW","","MANUAL REVIEW"
"https://www.alefotografo.com.br/fotografia-para-clinicas","alefotografo.com.br","https://videoscorporativos.com.br/video-institucional-sao-paulo","videoscorporativos.com.br","13% (cos=0.13 jac=0.012)","tfidf-cosine+shingle-jaccard","BAIXA","LOW","","MANUAL REVIEW"
"https://www.alefotografo.com.br/fotografia-para-clinicas","alefotografo.com.br","https://videoscorporativos.com.br/video-de-integracao","videoscorporativos.com.br","13% (cos=0.132 jac=0.011)","tfidf-cosine+shingle-jaccard","BAIXA","LOW","","MANUAL REVIEW"
"https://www.alefotografo.com.br/fotografia-executiva","alefotografo.com.br","https://videoscorporativos.com.br/autor/alexandre-machado","videoscorporativos.com.br","13% (cos=0.131 jac=0.012)","tfidf-cosine+shingle-jaccard","BAIXA","LOW","","MANUAL REVIEW"
"https://www.alefotografo.com.br/fotografia-executiva","alefotografo.com.br","https://videoscorporativos.com.br/video-de-integracao","videoscorporativos.com.br","13% (cos=0.133 jac=0.007)","tfidf-cosine+shingle-jaccard","BAIXA","LOW","","MANUAL REVIEW"
"https://www.alefotografo.com.br/fotografia-executiva","alefotografo.com.br","https://videoscorporativos.com.br/video-para-clinicas","videoscorporativos.com.br","13% (cos=0.131 jac=0.008)","tfidf-cosine+shingle-jaccard","BAIXA","LOW","","MANUAL REVIEW"
"https://www.alefotografo.com.br/fotos-profissionais-medicos","alefotografo.com.br","https://videoscorporativos.com.br/video-corporativo-sao-paulo","videoscorporativos.com.br","13% (cos=0.126 jac=0.006)","tfidf-cosine+shingle-jaccard","BAIXA","LOW","","MANUAL REVIEW"
"https://www.alefotografo.com.br/fotos-profissionais-medicos","alefotografo.com.br","https://videoscorporativos.com.br/video-de-integracao","videoscorporativos.com.br","13% (cos=0.128 jac=0.007)","tfidf-cosine+shingle-jaccard","BAIXA","LOW","","MANUAL REVIEW"
"https://www.alefotografo.com.br/fotos-profissionais-medicos","alefotografo.com.br","https://fotodeperfilprofissional.com.br/","fotodeperfilprofissional.com.br","13% (cos=0.13 jac=0.003)","tfidf-cosine+shingle-jaccard","BAIXA","LOW","","MANUAL REVIEW"
"https://www.alefotografo.com.br/fotografia-para-advogados","alefotografo.com.br","https://videoscorporativos.com.br/blog","videoscorporativos.com.br","13% (cos=0.134 jac=0.004)","tfidf-cosine+shingle-jaccard","BAIXA","LOW","","MANUAL REVIEW"
"https://www.alefotografo.com.br/fotografia-para-advogados","alefotografo.com.br","https://videoscorporativos.com.br/video-de-integracao","videoscorporativos.com.br","13% (cos=0.129 jac=0.007)","tfidf-cosine+shingle-jaccard","BAIXA","LOW","","MANUAL REVIEW"
"https://www.alefotografo.com.br/fotografia-para-advogados","alefotografo.com.br","https://videoscorporativos.com.br/video-para-clinicas","videoscorporativos.com.br","13% (cos=0.13 jac=0.012)","tfidf-cosine+shingle-jaccard","BAIXA","LOW","","MANUAL REVIEW"
"https://www.alefotografo.com.br/eventos-corporativos","alefotografo.com.br","https://videoscorporativos.com.br/autor/alexandre-machado","videoscorporativos.com.br","13% (cos=0.133 jac=0.018)","tfidf-cosine+shingle-jaccard","BAIXA","LOW","","MANUAL REVIEW"
"https://www.alefotografo.com.br/eventos-corporativos","alefotografo.com.br","https://videoscorporativos.com.br/video-para-feira-de-negocios","videoscorporativos.com.br","13% (cos=0.13 jac=0.016)","tfidf-cosine+shingle-jaccard","BAIXA","LOW","","MANUAL REVIEW"
"https://www.alefotografo.com.br/eventos-corporativos","alefotografo.com.br","https://videoscorporativos.com.br/reels-corporativos","videoscorporativos.com.br","13% (cos=0.13 jac=0.012)","tfidf-cosine+shingle-jaccard","BAIXA","LOW","","MANUAL REVIEW"
"https://www.alefotografo.com.br/eventos-corporativos","alefotografo.com.br","https://videoscorporativos.com.br/cases/procooler-na-febrava-cobertura-de-feiras-e-eventos-corporativos","videoscorporativos.com.br","13% (cos=0.131 jac=0.023)","tfidf-cosine+shingle-jaccard","BAIXA","LOW","","MANUAL REVIEW"
"https://www.alefotografo.com.br/eventos-corporativos","alefotografo.com.br","https://videoscorporativos.com.br/cases/sq-quimica-na-fce-pharma-cobertura-em-video-para-feiras-de-negocios","videoscorporativos.com.br","13% (cos=0.126 jac=0.031)","tfidf-cosine+shingle-jaccard","BAIXA","LOW","","MANUAL REVIEW"
"https://www.alefotografo.com.br/fotografo-empresarial","alefotografo.com.br","https://videoscorporativos.com.br/autor/alexandre-machado","videoscorporativos.com.br","13% (cos=0.134 jac=0.012)","tfidf-cosine+shingle-jaccard","BAIXA","LOW","","MANUAL REVIEW"
"https://www.alefotografo.com.br/fotografo-empresarial","alefotografo.com.br","https://videoscorporativos.com.br/cases/procooler-na-febrava-cobertura-de-feiras-e-eventos-corporativos","videoscorporativos.com.br","13% (cos=0.127 jac=0.016)","tfidf-cosine+shingle-jaccard","BAIXA","LOW","","MANUAL REVIEW"
"https://www.alefotografo.com.br/fotografo-empresarial","alefotografo.com.br","https://fotodeperfilprofissional.com.br/","fotodeperfilprofissional.com.br","13% (cos=0.13 jac=0.003)","tfidf-cosine+shingle-jaccard","BAIXA","LOW","","MANUAL REVIEW"
"https://www.alefotografo.com.br/fotografo-de-feira-de-negocios","alefotografo.com.br","https://videoscorporativos.com.br/blog","videoscorporativos.com.br","13% (cos=0.135 jac=0.004)","tfidf-cosine+shingle-jaccard","BAIXA","LOW","","MANUAL REVIEW"
"https://www.alefotografo.com.br/portfolio","alefotografo.com.br","https://videoscorporativos.com.br/autor/alexandre-machado","videoscorporativos.com.br","13% (cos=0.134 jac=0.012)","tfidf-cosine+shingle-jaccard","BAIXA","LOW","","MANUAL REVIEW"
"https://www.alefotografo.com.br/portfolio","alefotografo.com.br","https://videoscorporativos.com.br/cases/sq-quimica-na-fce-pharma-cobertura-em-video-para-feiras-de-negocios","videoscorporativos.com.br","13% (cos=0.132 jac=0.023)","tfidf-cosine+shingle-jaccard","BAIXA","LOW","","MANUAL REVIEW"
"https://www.alefotografo.com.br/videos","alefotografo.com.br","https://videoscorporativos.com.br/precos","videoscorporativos.com.br","13% (cos=0.131 jac=0.02)","tfidf-cosine+shingle-jaccard","BAIXA","LOW","","MANUAL REVIEW"
"https://www.alefotografo.com.br/videos","alefotografo.com.br","https://videoscorporativos.com.br/autor/alexandre-machado","videoscorporativos.com.br","13% (cos=0.134 jac=0.092)","tfidf-cosine+shingle-jaccard","BAIXA","LOW","","MANUAL REVIEW"
"https://www.alefotografo.com.br/videos","alefotografo.com.br","https://videoscorporativos.com.br/video-institucional-sao-paulo","videoscorporativos.com.br","13% (cos=0.131 jac=0.021)","tfidf-cosine+shingle-jaccard","BAIXA","LOW","","MANUAL REVIEW"
"https://www.alefotografo.com.br/videos","alefotografo.com.br","https://videoscorporativos.com.br/video-para-feira-de-negocios","videoscorporativos.com.br","13% (cos=0.133 jac=0.027)","tfidf-cosine+shingle-jaccard","BAIXA","LOW","","MANUAL REVIEW"
"https://www.alefotografo.com.br/video-institucional","alefotografo.com.br","https://videoscorporativos.com.br/video-de-integracao","videoscorporativos.com.br","13% (cos=0.128 jac=0.007)","tfidf-cosine+shingle-jaccard","BAIXA","LOW","","MANUAL REVIEW"
"https://www.alefotografo.com.br/video-institucional","alefotografo.com.br","https://videoscorporativos.com.br/video-para-industrias","videoscorporativos.com.br","13% (cos=0.135 jac=0.008)","tfidf-cosine+shingle-jaccard","BAIXA","LOW","","MANUAL REVIEW"
"https://www.alefotografo.com.br/video-de-eventos-corporativos","alefotografo.com.br","https://videoscorporativos.com.br/video-institucional-sao-paulo","videoscorporativos.com.br","13% (cos=0.132 jac=0.008)","tfidf-cosine+shingle-jaccard","BAIXA","LOW","","MANUAL REVIEW"
"https://www.alefotografo.com.br/video-de-eventos-corporativos","alefotografo.com.br","https://videoscorporativos.com.br/depoimentos-em-video","videoscorporativos.com.br","13% (cos=0.125 jac=0.007)","tfidf-cosine+shingle-jaccard","BAIXA","LOW","","MANUAL REVIEW"
"https://www.alefotografo.com.br/video-de-eventos-corporativos","alefotografo.com.br","https://videoscorporativos.com.br/reels-corporativos","videoscorporativos.com.br","13% (cos=0.13 jac=0.008)","tfidf-cosine+shingle-jaccard","BAIXA","LOW","","MANUAL REVIEW"
"https://www.alefotografo.com.br/video-para-feiras-e-stands","alefotografo.com.br","https://videoscorporativos.com.br/precos","videoscorporativos.com.br","13% (cos=0.129 jac=0.01)","tfidf-cosine+shingle-jaccard","BAIXA","LOW","","MANUAL REVIEW"
"https://www.alefotografo.com.br/video-para-feiras-e-stands","alefotografo.com.br","https://videoscorporativos.com.br/video-para-empresas","videoscorporativos.com.br","13% (cos=0.133 jac=0.008)","tfidf-cosine+shingle-jaccard","BAIXA","LOW","","MANUAL REVIEW"
"https://www.alefotografo.com.br/video-para-feiras-e-stands","alefotografo.com.br","https://videoscorporativos.com.br/reels-corporativos","videoscorporativos.com.br","13% (cos=0.126 jac=0.008)","tfidf-cosine+shingle-jaccard","BAIXA","LOW","","MANUAL REVIEW"
"https://www.alefotografo.com.br/video-para-feiras-e-stands","alefotografo.com.br","https://fotografoale.com.br/sq-quimica-na-abrafati-2025","fotografoale.com.br","13% (cos=0.126 jac=0)","tfidf-cosine+shingle-jaccard","BAIXA","LOW","","MANUAL REVIEW"
"https://www.alefotografo.com.br/blog","alefotografo.com.br","https://fotodeperfilprofissional.com.br/","fotodeperfilprofissional.com.br","13% (cos=0.133 jac=0.003)","tfidf-cosine+shingle-jaccard","BAIXA","LOW","","MANUAL REVIEW"
"https://www.alefotografo.com.br/sobre","alefotografo.com.br","https://fotografoale.com.br/fotografia-corporativa","fotografoale.com.br","13% (cos=0.131 jac=0)","tfidf-cosine+shingle-jaccard","BAIXA","LOW","","MANUAL REVIEW"
"https://www.alefotografo.com.br/quem-e-o-ale","alefotografo.com.br","https://videoscorporativos.com.br/video-institucional-sao-paulo","videoscorporativos.com.br","13% (cos=0.128 jac=0.008)","tfidf-cosine+shingle-jaccard","BAIXA","LOW","","MANUAL REVIEW"
"https://www.alefotografo.com.br/depoimentos","alefotografo.com.br","https://videoscorporativos.com.br/","videoscorporativos.com.br","13% (cos=0.131 jac=0.046)","tfidf-cosine+shingle-jaccard","BAIXA","LOW","","MANUAL REVIEW"
"https://www.alefotografo.com.br/faq","alefotografo.com.br","https://videoscorporativos.com.br/blog","videoscorporativos.com.br","13% (cos=0.13 jac=0.003)","tfidf-cosine+shingle-jaccard","BAIXA","LOW","","MANUAL REVIEW"
"https://www.alefotografo.com.br/faq","alefotografo.com.br","https://videoscorporativos.com.br/video-de-treinamento-corporativo","videoscorporativos.com.br","13% (cos=0.125 jac=0.007)","tfidf-cosine+shingle-jaccard","BAIXA","LOW","","MANUAL REVIEW"
"https://www.alefotografo.com.br/faq","alefotografo.com.br","https://videoscorporativos.com.br/depoimentos-em-video","videoscorporativos.com.br","13% (cos=0.128 jac=0.007)","tfidf-cosine+shingle-jaccard","BAIXA","LOW","","MANUAL REVIEW"
"https://www.alefotografo.com.br/faq","alefotografo.com.br","https://videoscorporativos.com.br/cobertura-de-eventos-corporativos","videoscorporativos.com.br","13% (cos=0.128 jac=0.008)","tfidf-cosine+shingle-jaccard","BAIXA","LOW","","MANUAL REVIEW"
"https://www.alefotografo.com.br/faq","alefotografo.com.br","https://videoscorporativos.com.br/video-para-clinicas","videoscorporativos.com.br","13% (cos=0.125 jac=0.008)","tfidf-cosine+shingle-jaccard","BAIXA","LOW","","MANUAL REVIEW"
"https://www.alefotografo.com.br/faq","alefotografo.com.br","https://fotodeperfilprofissional.com.br/","fotodeperfilprofissional.com.br","13% (cos=0.125 jac=0.003)","tfidf-cosine+shingle-jaccard","BAIXA","LOW","","MANUAL REVIEW"
"https://www.alefotografo.com.br/contato","alefotografo.com.br","https://videoscorporativos.com.br/politica-de-privacidade","videoscorporativos.com.br","13% (cos=0.129 jac=0.01)","tfidf-cosine+shingle-jaccard","BAIXA","LOW","","MANUAL REVIEW"
"https://www.alefotografo.com.br/contato","alefotografo.com.br","https://videoscorporativos.com.br/cases/procooler-na-febrava-cobertura-de-feiras-e-eventos-corporativos","videoscorporativos.com.br","13% (cos=0.133 jac=0.016)","tfidf-cosine+shingle-jaccard","BAIXA","LOW","","MANUAL REVIEW"
"https://www.alefotografo.com.br/contato","alefotografo.com.br","https://videoscorporativos.com.br/cases/sq-quimica-na-fce-pharma-cobertura-em-video-para-feiras-de-negocios","videoscorporativos.com.br","13% (cos=0.127 jac=0.023)","tfidf-cosine+shingle-jaccard","BAIXA","LOW","","MANUAL REVIEW"
"https://www.alefotografo.com.br/contato","alefotografo.com.br","https://videoscorporativos.com.br/cases/unipac-50-anos","videoscorporativos.com.br","13% (cos=0.13 jac=0.017)","tfidf-cosine+shingle-jaccard","BAIXA","LOW","","MANUAL REVIEW"
"https://www.alefotografo.com.br/fotografo-corporativo/fotografia-para-escritorios-de-advocacia","alefotografo.com.br","https://videoscorporativos.com.br/video-institucional-sao-paulo","videoscorporativos.com.br","13% (cos=0.133 jac=0.008)","tfidf-cosine+shingle-jaccard","BAIXA","LOW","","MANUAL REVIEW"
"https://www.alefotografo.com.br/fotografo-corporativo/fotografia-para-escritorios-de-advocacia","alefotografo.com.br","https://fotografoale.com.br/fotografia-corporativa","fotografoale.com.br","13% (cos=0.125 jac=0)","tfidf-cosine+shingle-jaccard","BAIXA","LOW","","MANUAL REVIEW"
"https://alefotografos.com.br/","alefotografos.com.br","https://videoscorporativos.com.br/cases","videoscorporativos.com.br","13% (cos=0.135 jac=0.027)","tfidf-cosine+shingle-jaccard","BAIXA","LOW","","MANUAL REVIEW"
"https://alefotografos.com.br/","alefotografos.com.br","https://videoscorporativos.com.br/depoimentos-em-video","videoscorporativos.com.br","13% (cos=0.134 jac=0.011)","tfidf-cosine+shingle-jaccard","BAIXA","LOW","","MANUAL REVIEW"
"https://alefotografos.com.br/","alefotografos.com.br","https://videoscorporativos.com.br/video-para-industrias","videoscorporativos.com.br","13% (cos=0.131 jac=0.016)","tfidf-cosine+shingle-jaccard","BAIXA","LOW","","MANUAL REVIEW"
"https://alefotografos.com.br/","alefotografos.com.br","https://fotodeperfilprofissional.com.br/","fotodeperfilprofissional.com.br","13% (cos=0.126 jac=0.019)","tfidf-cosine+shingle-jaccard","BAIXA","LOW","","MANUAL REVIEW"
"https://alefotografos.com.br/fotografo-corporativo","alefotografos.com.br","https://videoscorporativos.com.br/video-institucional-sao-paulo","videoscorporativos.com.br","13% (cos=0.128 jac=0.009)","tfidf-cosine+shingle-jaccard","BAIXA","LOW","","MANUAL REVIEW"
"https://alefotografos.com.br/fotos-corporativas","alefotografos.com.br","https://videoscorporativos.com.br/reels-corporativos","videoscorporativos.com.br","13% (cos=0.135 jac=0.008)","tfidf-cosine+shingle-jaccard","BAIXA","LOW","","MANUAL REVIEW"
"https://alefotografos.com.br/foto-profissional","alefotografos.com.br","https://videoscorporativos.com.br/video-corporativo-sao-paulo","videoscorporativos.com.br","13% (cos=0.128 jac=0.006)","tfidf-cosine+shingle-jaccard","BAIXA","LOW","","MANUAL REVIEW"
"https://alefotografos.com.br/foto-profissional","alefotografos.com.br","https://videoscorporativos.com.br/depoimentos-em-video","videoscorporativos.com.br","13% (cos=0.128 jac=0.007)","tfidf-cosine+shingle-jaccard","BAIXA","LOW","","MANUAL REVIEW"
"https://alefotografos.com.br/fotografia-para-clinicas","alefotografos.com.br","https://videoscorporativos.com.br/video-de-treinamento-corporativo","videoscorporativos.com.br","13% (cos=0.129 jac=0.007)","tfidf-cosine+shingle-jaccard","BAIXA","LOW","","MANUAL REVIEW"
"https://alefotografos.com.br/fotografia-executiva","alefotografos.com.br","https://videoscorporativos.com.br/depoimentos-em-video","videoscorporativos.com.br","13% (cos=0.133 jac=0.007)","tfidf-cosine+shingle-jaccard","BAIXA","LOW","","MANUAL REVIEW"
"https://alefotografos.com.br/fotos-profissionais-medicos","alefotografos.com.br","https://videoscorporativos.com.br/autor/alexandre-machado","videoscorporativos.com.br","13% (cos=0.129 jac=0.025)","tfidf-cosine+shingle-jaccard","BAIXA","LOW","","MANUAL REVIEW"
"https://alefotografos.com.br/fotos-profissionais-medicos","alefotografos.com.br","https://videoscorporativos.com.br/video-institucional-sao-paulo","videoscorporativos.com.br","13% (cos=0.126 jac=0.008)","tfidf-cosine+shingle-jaccard","BAIXA","LOW","","MANUAL REVIEW"
"https://alefotografos.com.br/fotografia-para-advogados","alefotografos.com.br","https://videoscorporativos.com.br/depoimentos-em-video","videoscorporativos.com.br","13% (cos=0.126 jac=0.007)","tfidf-cosine+shingle-jaccard","BAIXA","LOW","","MANUAL REVIEW"
"https://alefotografos.com.br/fotografia-para-advogados","alefotografos.com.br","https://videoscorporativos.com.br/reels-corporativos","videoscorporativos.com.br","13% (cos=0.131 jac=0.008)","tfidf-cosine+shingle-jaccard","BAIXA","LOW","","MANUAL REVIEW"
"https://alefotografos.com.br/eventos-corporativos","alefotografos.com.br","https://videoscorporativos.com.br/video-para-empresas","videoscorporativos.com.br","13% (cos=0.132 jac=0.012)","tfidf-cosine+shingle-jaccard","BAIXA","LOW","","MANUAL REVIEW"
"https://alefotografos.com.br/fotografo-empresarial","alefotografos.com.br","https://videoscorporativos.com.br/precos","videoscorporativos.com.br","13% (cos=0.127 jac=0.006)","tfidf-cosine+shingle-jaccard","BAIXA","LOW","","MANUAL REVIEW"
"https://alefotografos.com.br/fotografo-empresarial","alefotografos.com.br","https://videoscorporativos.com.br/autor/alexandre-machado","videoscorporativos.com.br","13% (cos=0.127 jac=0.025)","tfidf-cosine+shingle-jaccard","BAIXA","LOW","","MANUAL REVIEW"
"https://alefotografos.com.br/fotografo-de-feira-de-negocios","alefotografos.com.br","https://videoscorporativos.com.br/video-institucional-sao-paulo","videoscorporativos.com.br","13% (cos=0.13 jac=0.008)","tfidf-cosine+shingle-jaccard","BAIXA","LOW","","MANUAL REVIEW"
"https://alefotografos.com.br/fotografo-de-feira-de-negocios","alefotografos.com.br","https://videoscorporativos.com.br/video-para-empresas","videoscorporativos.com.br","13% (cos=0.126 jac=0.008)","tfidf-cosine+shingle-jaccard","BAIXA","LOW","","MANUAL REVIEW"
"https://alefotografos.com.br/blog","alefotografos.com.br","https://videoscorporativos.com.br/autor/alexandre-machado","videoscorporativos.com.br","13% (cos=0.134 jac=0.012)","tfidf-cosine+shingle-jaccard","BAIXA","LOW","","MANUAL REVIEW"
"https://alefotografos.com.br/blog","alefotografos.com.br","https://videoscorporativos.com.br/video-corporativo-sao-paulo","videoscorporativos.com.br","13% (cos=0.128 jac=0.011)","tfidf-cosine+shingle-jaccard","BAIXA","LOW","","MANUAL REVIEW"
"https://alefotografos.com.br/blog","alefotografos.com.br","https://fotografoale.com.br/category/eventoscorporativos","fotografoale.com.br","13% (cos=0.127 jac=0)","tfidf-cosine+shingle-jaccard","BAIXA","LOW","","MANUAL REVIEW"
"https://alefotografos.com.br/sobre","alefotografos.com.br","https://videoscorporativos.com.br/cobertura-de-eventos-corporativos","videoscorporativos.com.br","13% (cos=0.132 jac=0.008)","tfidf-cosine+shingle-jaccard","BAIXA","LOW","","MANUAL REVIEW"
"https://alefotografos.com.br/depoimentos","alefotografos.com.br","https://videoscorporativos.com.br/","videoscorporativos.com.br","13% (cos=0.127 jac=0.044)","tfidf-cosine+shingle-jaccard","BAIXA","LOW","","MANUAL REVIEW"
"https://alefotografos.com.br/faq","alefotografos.com.br","https://videoscorporativos.com.br/precos","videoscorporativos.com.br","13% (cos=0.131 jac=0.013)","tfidf-cosine+shingle-jaccard","BAIXA","LOW","","MANUAL REVIEW"
"https://alefotografos.com.br/faq","alefotografos.com.br","https://videoscorporativos.com.br/cobertura-de-eventos-corporativos","videoscorporativos.com.br","13% (cos=0.131 jac=0.013)","tfidf-cosine+shingle-jaccard","BAIXA","LOW","","MANUAL REVIEW"
"https://alefotografos.com.br/contato","alefotografos.com.br","https://videoscorporativos.com.br/politica-de-privacidade","videoscorporativos.com.br","13% (cos=0.132 jac=0.011)","tfidf-cosine+shingle-jaccard","BAIXA","LOW","","MANUAL REVIEW"
"https://alefotografos.com.br/fotografo-corporativo/fotografia-para-escritorios-de-advocacia","alefotografos.com.br","https://videoscorporativos.com.br/video-para-empresas","videoscorporativos.com.br","13% (cos=0.135 jac=0.008)","tfidf-cosine+shingle-jaccard","BAIXA","LOW","","MANUAL REVIEW"
"https://alefotografos.com.br/fotografo-corporativo/fotografia-para-escritorios-de-advocacia","alefotografos.com.br","https://videoscorporativos.com.br/cases/unipac-50-anos","videoscorporativos.com.br","13% (cos=0.129 jac=0.017)","tfidf-cosine+shingle-jaccard","BAIXA","LOW","","MANUAL REVIEW"
"https://alefotografos.com.br/fotografo-corporativo/ensaio-feminino","alefotografos.com.br","https://videoscorporativos.com.br/precos","videoscorporativos.com.br","13% (cos=0.128 jac=0.014)","tfidf-cosine+shingle-jaccard","BAIXA","LOW","","MANUAL REVIEW"
"https://alefotografos.com.br/fotografo-corporativo/ensaio-feminino","alefotografos.com.br","https://fotografoale.com.br","fotografoale.com.br","13% (cos=0.13 jac=0)","tfidf-cosine+shingle-jaccard","BAIXA","LOW","","MANUAL REVIEW"
"https://alefotografos.com.br/fotografo-corporativo/retrato-corporativo","alefotografos.com.br","https://videoscorporativos.com.br/precos","videoscorporativos.com.br","13% (cos=0.125 jac=0.014)","tfidf-cosine+shingle-jaccard","BAIXA","LOW","","MANUAL REVIEW"
"https://alefotografos.com.br/fotografo-corporativo/retrato-corporativo","alefotografos.com.br","https://videoscorporativos.com.br/video-para-empresas","videoscorporativos.com.br","13% (cos=0.129 jac=0.008)","tfidf-cosine+shingle-jaccard","BAIXA","LOW","","MANUAL REVIEW"
"https://alefotografos.com.br/fotografo-corporativo/retrato-corporativo","alefotografos.com.br","https://videoscorporativos.com.br/cases/sq-quimica-na-fce-pharma-cobertura-em-video-para-feiras-de-negocios","videoscorporativos.com.br","13% (cos=0.132 jac=0.016)","tfidf-cosine+shingle-jaccard","BAIXA","LOW","","MANUAL REVIEW"
"https://alefotografos.com.br/fotografo-corporativo/retratos-de-medicos","alefotografos.com.br","https://videoscorporativos.com.br/precos","videoscorporativos.com.br","13% (cos=0.128 jac=0.013)","tfidf-cosine+shingle-jaccard","BAIXA","LOW","","MANUAL REVIEW"
"https://alefotografos.com.br/fotografo-corporativo/retratos-de-medicos","alefotografos.com.br","https://videoscorporativos.com.br/cases/sq-quimica-na-fce-pharma-cobertura-em-video-para-feiras-de-negocios","videoscorporativos.com.br","13% (cos=0.134 jac=0.016)","tfidf-cosine+shingle-jaccard","BAIXA","LOW","","MANUAL REVIEW"
"https://alefotografos.com.br/fotografo-corporativo/retratos-de-medicas","alefotografos.com.br","https://videoscorporativos.com.br/video-para-empresas","videoscorporativos.com.br","13% (cos=0.135 jac=0.008)","tfidf-cosine+shingle-jaccard","BAIXA","LOW","","MANUAL REVIEW"
"https://alefotografos.com.br/fotografo-corporativo/retratos-de-medicas","alefotografos.com.br","https://videoscorporativos.com.br/cases/sq-quimica-na-fce-pharma-cobertura-em-video-para-feiras-de-negocios","videoscorporativos.com.br","13% (cos=0.134 jac=0.016)","tfidf-cosine+shingle-jaccard","BAIXA","LOW","","MANUAL REVIEW"
"https://alefotografos.com.br/fotografo-corporativo/fotos-para-clinicas-medicas","alefotografos.com.br","https://videoscorporativos.com.br/video-para-clinicas","videoscorporativos.com.br","13% (cos=0.127 jac=0.012)","tfidf-cosine+shingle-jaccard","BAIXA","LOW","","MANUAL REVIEW"
"https://alefotografos.com.br/fotografo-corporativo/fotos-para-clinicas-medicas","alefotografos.com.br","https://videoscorporativos.com.br/cases/sq-quimica-na-fce-pharma-cobertura-em-video-para-feiras-de-negocios","videoscorporativos.com.br","13% (cos=0.131 jac=0.016)","tfidf-cosine+shingle-jaccard","BAIXA","LOW","","MANUAL REVIEW"
"https://videoscorporativos.com.br/cases/unipac-50-anos","videoscorporativos.com.br","https://fotografoale.com.br/videos-corporativos","fotografoale.com.br","13% (cos=0.129 jac=0.017)","tfidf-cosine+shingle-jaccard","BAIXA","LOW","","MANUAL REVIEW"
"https://www.alefotografo.com.br/","alefotografo.com.br","https://videoscorporativos.com.br/filmagem-evento-corporativo-sao-paulo","videoscorporativos.com.br","12% (cos=0.123 jac=0.012)","tfidf-cosine+shingle-jaccard","BAIXA","LOW","","MANUAL REVIEW"
"https://www.alefotografo.com.br/servicos","alefotografo.com.br","https://videoscorporativos.com.br/cases","videoscorporativos.com.br","12% (cos=0.123 jac=0.018)","tfidf-cosine+shingle-jaccard","BAIXA","LOW","","MANUAL REVIEW"
"https://www.alefotografo.com.br/servicos","alefotografo.com.br","https://fotografoale.com.br/ensaio-fotografico-na-zattar-advogados","fotografoale.com.br","12% (cos=0.123 jac=0)","tfidf-cosine+shingle-jaccard","BAIXA","LOW","","MANUAL REVIEW"
"https://www.alefotografo.com.br/fotografo-corporativo","alefotografo.com.br","https://videoscorporativos.com.br/cases/procooler-na-febrava-cobertura-de-feiras-e-eventos-corporativos","videoscorporativos.com.br","12% (cos=0.125 jac=0.016)","tfidf-cosine+shingle-jaccard","BAIXA","LOW","","MANUAL REVIEW"
"https://www.alefotografo.com.br/fotos-corporativas","alefotografo.com.br","https://videoscorporativos.com.br/video-de-treinamento-corporativo","videoscorporativos.com.br","12% (cos=0.122 jac=0.01)","tfidf-cosine+shingle-jaccard","BAIXA","LOW","","MANUAL REVIEW"
"https://www.alefotografo.com.br/foto-profissional","alefotografo.com.br","https://videoscorporativos.com.br/video-de-integracao","videoscorporativos.com.br","12% (cos=0.124 jac=0.007)","tfidf-cosine+shingle-jaccard","BAIXA","LOW","","MANUAL REVIEW"
"https://www.alefotografo.com.br/foto-profissional-para-linkedin","alefotografo.com.br","https://fotodeperfilprofissional.com.br/","fotodeperfilprofissional.com.br","12% (cos=0.124 jac=0.008)","tfidf-cosine+shingle-jaccard","BAIXA","LOW","","MANUAL REVIEW"
"https://www.alefotografo.com.br/fotografia-para-clinicas","alefotografo.com.br","https://videoscorporativos.com.br/blog","videoscorporativos.com.br","12% (cos=0.121 jac=0.005)","tfidf-cosine+shingle-jaccard","BAIXA","LOW","","MANUAL REVIEW"
"https://www.alefotografo.com.br/fotografia-executiva","alefotografo.com.br","https://videoscorporativos.com.br/video-de-treinamento-corporativo","videoscorporativos.com.br","12% (cos=0.122 jac=0.013)","tfidf-cosine+shingle-jaccard","BAIXA","LOW","","MANUAL REVIEW"
"https://www.alefotografo.com.br/fotografia-para-advogados","alefotografo.com.br","https://fotografoale.com.br/ensaio-fotografico-na-zattar-advogados","fotografoale.com.br","12% (cos=0.12 jac=0.01)","tfidf-cosine+shingle-jaccard","BAIXA","LOW","","MANUAL REVIEW"
"https://www.alefotografo.com.br/fotografo-empresarial","alefotografo.com.br","https://videoscorporativos.com.br/filmagem-evento-corporativo-sao-paulo","videoscorporativos.com.br","12% (cos=0.123 jac=0.016)","tfidf-cosine+shingle-jaccard","BAIXA","LOW","","MANUAL REVIEW"
"https://www.alefotografo.com.br/fotografo-empresarial","alefotografo.com.br","https://videoscorporativos.com.br/cobertura-de-eventos-corporativos","videoscorporativos.com.br","12% (cos=0.122 jac=0.012)","tfidf-cosine+shingle-jaccard","BAIXA","LOW","","MANUAL REVIEW"
"https://www.alefotografo.com.br/fotografo-empresarial","alefotografo.com.br","https://videoscorporativos.com.br/cases/sq-quimica-na-fce-pharma-cobertura-em-video-para-feiras-de-negocios","videoscorporativos.com.br","12% (cos=0.122 jac=0.023)","tfidf-cosine+shingle-jaccard","BAIXA","LOW","","MANUAL REVIEW"
"https://www.alefotografo.com.br/fotografo-empresarial","alefotografo.com.br","https://videoscorporativos.com.br/cases/unipac-50-anos","videoscorporativos.com.br","12% (cos=0.12 jac=0.017)","tfidf-cosine+shingle-jaccard","BAIXA","LOW","","MANUAL REVIEW"
"https://www.alefotografo.com.br/fotografo-de-feira-de-negocios","alefotografo.com.br","https://videoscorporativos.com.br/autor/alexandre-machado","videoscorporativos.com.br","12% (cos=0.122 jac=0.012)","tfidf-cosine+shingle-jaccard","BAIXA","LOW","","MANUAL REVIEW"
"https://www.alefotografo.com.br/fotografo-de-feira-de-negocios","alefotografo.com.br","https://videoscorporativos.com.br/cases/procooler-na-febrava-cobertura-de-feiras-e-eventos-corporativos","videoscorporativos.com.br","12% (cos=0.121 jac=0.016)","tfidf-cosine+shingle-jaccard","BAIXA","LOW","","MANUAL REVIEW"
"https://www.alefotografo.com.br/portfolio","alefotografo.com.br","https://videoscorporativos.com.br/video-institucional-sao-paulo","videoscorporativos.com.br","12% (cos=0.122 jac=0.008)","tfidf-cosine+shingle-jaccard","BAIXA","LOW","","MANUAL REVIEW"
"https://www.alefotografo.com.br/portfolio","alefotografo.com.br","https://videoscorporativos.com.br/video-para-empresas","videoscorporativos.com.br","12% (cos=0.124 jac=0.008)","tfidf-cosine+shingle-jaccard","BAIXA","LOW","","MANUAL REVIEW"
"https://www.alefotografo.com.br/portfolio","alefotografo.com.br","https://videoscorporativos.com.br/cases/unipac-50-anos","videoscorporativos.com.br","12% (cos=0.121 jac=0.017)","tfidf-cosine+shingle-jaccard","BAIXA","LOW","","MANUAL REVIEW"
"https://www.alefotografo.com.br/videos","alefotografo.com.br","https://videoscorporativos.com.br/filmagem-evento-corporativo-sao-paulo","videoscorporativos.com.br","12% (cos=0.12 jac=0.032)","tfidf-cosine+shingle-jaccard","BAIXA","LOW","","MANUAL REVIEW"
"https://www.alefotografo.com.br/videos","alefotografo.com.br","https://videoscorporativos.com.br/cases/nini-bambini-moda-infantil-com-encanto-e-estilo","videoscorporativos.com.br","12% (cos=0.123 jac=0.087)","tfidf-cosine+shingle-jaccard","BAIXA","LOW","","MANUAL REVIEW"
"https://www.alefotografo.com.br/video-institucional","alefotografo.com.br","https://videoscorporativos.com.br/reels-corporativos","videoscorporativos.com.br","12% (cos=0.121 jac=0.008)","tfidf-cosine+shingle-jaccard","BAIXA","LOW","","MANUAL REVIEW"
"https://www.alefotografo.com.br/video-institucional","alefotografo.com.br","https://videoscorporativos.com.br/cases/unipac-50-anos","videoscorporativos.com.br","12% (cos=0.124 jac=0.025)","tfidf-cosine+shingle-jaccard","BAIXA","LOW","","MANUAL REVIEW"
"https://www.alefotografo.com.br/video-de-eventos-corporativos","alefotografo.com.br","https://videoscorporativos.com.br/cases/curso-de-prestacao-de-contas-eleitorais-2026-turma-sao-paulo","videoscorporativos.com.br","12% (cos=0.121 jac=0.024)","tfidf-cosine+shingle-jaccard","BAIXA","LOW","","MANUAL REVIEW"
"https://www.alefotografo.com.br/video-para-feiras-e-stands","alefotografo.com.br","https://videoscorporativos.com.br/autor/alexandre-machado","videoscorporativos.com.br","12% (cos=0.123 jac=0.018)","tfidf-cosine+shingle-jaccard","BAIXA","LOW","","MANUAL REVIEW"
"https://www.alefotografo.com.br/blog","alefotografo.com.br","https://videoscorporativos.com.br/precos","videoscorporativos.com.br","12% (cos=0.124 jac=0.007)","tfidf-cosine+shingle-jaccard","BAIXA","LOW","","MANUAL REVIEW"
"https://www.alefotografo.com.br/blog","alefotografo.com.br","https://videoscorporativos.com.br/video-para-empresas","videoscorporativos.com.br","12% (cos=0.122 jac=0.008)","tfidf-cosine+shingle-jaccard","BAIXA","LOW","","MANUAL REVIEW"
"https://www.alefotografo.com.br/quem-e-o-ale","alefotografo.com.br","https://videoscorporativos.com.br/","videoscorporativos.com.br","12% (cos=0.122 jac=0.031)","tfidf-cosine+shingle-jaccard","BAIXA","LOW","","MANUAL REVIEW"
"https://www.alefotografo.com.br/faq","alefotografo.com.br","https://videoscorporativos.com.br/filmagem-evento-corporativo-sao-paulo","videoscorporativos.com.br","12% (cos=0.124 jac=0.008)","tfidf-cosine+shingle-jaccard","BAIXA","LOW","","MANUAL REVIEW"
"https://www.alefotografo.com.br/contato","alefotografo.com.br","https://videoscorporativos.com.br/cases/tecnisa-almoco-com-fornecedores","videoscorporativos.com.br","12% (cos=0.122 jac=0.016)","tfidf-cosine+shingle-jaccard","BAIXA","LOW","","MANUAL REVIEW"
"https://www.alefotografo.com.br/fotografo-corporativo/fotografia-para-escritorios-de-advocacia","alefotografo.com.br","https://videoscorporativos.com.br/","videoscorporativos.com.br","12% (cos=0.121 jac=0.021)","tfidf-cosine+shingle-jaccard","BAIXA","LOW","","MANUAL REVIEW"
"https://www.alefotografo.com.br/fotografo-corporativo/fotografia-para-escritorios-de-advocacia","alefotografo.com.br","https://videoscorporativos.com.br/video-corporativo-sao-paulo","videoscorporativos.com.br","12% (cos=0.124 jac=0.007)","tfidf-cosine+shingle-jaccard","BAIXA","LOW","","MANUAL REVIEW"
"https://www.alefotografo.com.br/fotografo-corporativo/fotografia-para-escritorios-de-advocacia","alefotografo.com.br","https://videoscorporativos.com.br/cases/procooler-na-febrava-cobertura-de-feiras-e-eventos-corporativos","videoscorporativos.com.br","12% (cos=0.125 jac=0.016)","tfidf-cosine+shingle-jaccard","BAIXA","LOW","","MANUAL REVIEW"
"https://www.alefotografo.com.br/fotografo-corporativo/fotografia-para-escritorios-de-advocacia","alefotografo.com.br","https://videoscorporativos.com.br/cases/unipac-50-anos","videoscorporativos.com.br","12% (cos=0.122 jac=0.017)","tfidf-cosine+shingle-jaccard","BAIXA","LOW","","MANUAL REVIEW"
"https://alefotografos.com.br/","alefotografos.com.br","https://videoscorporativos.com.br/video-institucional-sao-paulo","videoscorporativos.com.br","12% (cos=0.125 jac=0.012)","tfidf-cosine+shingle-jaccard","BAIXA","LOW","","MANUAL REVIEW"
"https://alefotografos.com.br/","alefotografos.com.br","https://videoscorporativos.com.br/video-para-clinicas","videoscorporativos.com.br","12% (cos=0.124 jac=0.012)","tfidf-cosine+shingle-jaccard","BAIXA","LOW","","MANUAL REVIEW"
"https://alefotografos.com.br/fotos-corporativas","alefotografos.com.br","https://videoscorporativos.com.br/filmagem-evento-corporativo-sao-paulo","videoscorporativos.com.br","12% (cos=0.122 jac=0.008)","tfidf-cosine+shingle-jaccard","BAIXA","LOW","","MANUAL REVIEW"
"https://alefotografos.com.br/foto-profissional","alefotografos.com.br","https://videoscorporativos.com.br/autor/alexandre-machado","videoscorporativos.com.br","12% (cos=0.124 jac=0.012)","tfidf-cosine+shingle-jaccard","BAIXA","LOW","","MANUAL REVIEW"
"https://alefotografos.com.br/foto-profissional-para-linkedin","alefotografos.com.br","https://videoscorporativos.com.br/video-institucional-sao-paulo","videoscorporativos.com.br","12% (cos=0.125 jac=0.008)","tfidf-cosine+shingle-jaccard","BAIXA","LOW","","MANUAL REVIEW"
"https://alefotografos.com.br/fotografia-executiva","alefotografos.com.br","https://videoscorporativos.com.br/autor/alexandre-machado","videoscorporativos.com.br","12% (cos=0.125 jac=0.025)","tfidf-cosine+shingle-jaccard","BAIXA","LOW","","MANUAL REVIEW"
"https://alefotografos.com.br/fotografia-para-advogados","alefotografos.com.br","https://fotografoale.com.br/ensaio-fotografico-na-zattar-advogados","fotografoale.com.br","12% (cos=0.122 jac=0)","tfidf-cosine+shingle-jaccard","BAIXA","LOW","","MANUAL REVIEW"
"https://alefotografos.com.br/eventos-corporativos","alefotografos.com.br","https://videoscorporativos.com.br/blog","videoscorporativos.com.br","12% (cos=0.124 jac=0.009)","tfidf-cosine+shingle-jaccard","BAIXA","LOW","","MANUAL REVIEW"
"https://alefotografos.com.br/eventos-corporativos","alefotografos.com.br","https://videoscorporativos.com.br/autor/alexandre-machado","videoscorporativos.com.br","12% (cos=0.123 jac=0.025)","tfidf-cosine+shingle-jaccard","BAIXA","LOW","","MANUAL REVIEW"
"https://alefotografos.com.br/eventos-corporativos","alefotografos.com.br","https://videoscorporativos.com.br/reels-corporativos","videoscorporativos.com.br","12% (cos=0.122 jac=0.012)","tfidf-cosine+shingle-jaccard","BAIXA","LOW","","MANUAL REVIEW"
"https://alefotografos.com.br/fotografo-de-feira-de-negocios","alefotografos.com.br","https://videoscorporativos.com.br/blog","videoscorporativos.com.br","12% (cos=0.121 jac=0.005)","tfidf-cosine+shingle-jaccard","BAIXA","LOW","","MANUAL REVIEW"
"https://alefotografos.com.br/blog","alefotografos.com.br","https://videoscorporativos.com.br/cases/unipac-50-anos","videoscorporativos.com.br","12% (cos=0.121 jac=0.017)","tfidf-cosine+shingle-jaccard","BAIXA","LOW","","MANUAL REVIEW"
"https://alefotografos.com.br/blog","alefotografos.com.br","https://fotografoale.com.br/category/retratoscorporativos","fotografoale.com.br","12% (cos=0.124 jac=0)","tfidf-cosine+shingle-jaccard","BAIXA","LOW","","MANUAL REVIEW"
"https://alefotografos.com.br/sobre","alefotografos.com.br","https://videoscorporativos.com.br/video-corporativo-sao-paulo","videoscorporativos.com.br","12% (cos=0.122 jac=0.006)","tfidf-cosine+shingle-jaccard","BAIXA","LOW","","MANUAL REVIEW"
"https://alefotografos.com.br/sobre","alefotografos.com.br","https://videoscorporativos.com.br/video-para-clinicas","videoscorporativos.com.br","12% (cos=0.122 jac=0.008)","tfidf-cosine+shingle-jaccard","BAIXA","LOW","","MANUAL REVIEW"
"https://alefotografos.com.br/sobre","alefotografos.com.br","https://videoscorporativos.com.br/cases/procooler-na-febrava-cobertura-de-feiras-e-eventos-corporativos","videoscorporativos.com.br","12% (cos=0.123 jac=0.016)","tfidf-cosine+shingle-jaccard","BAIXA","LOW","","MANUAL REVIEW"
"https://alefotografos.com.br/sobre","alefotografos.com.br","https://fotografoale.com.br/fotografia-corporativa","fotografoale.com.br","12% (cos=0.123 jac=0)","tfidf-cosine+shingle-jaccard","BAIXA","LOW","","MANUAL REVIEW"
"https://alefotografos.com.br/quem-e-o-ale","alefotografos.com.br","https://videoscorporativos.com.br/video-corporativo-sao-paulo","videoscorporativos.com.br","12% (cos=0.122 jac=0.008)","tfidf-cosine+shingle-jaccard","BAIXA","LOW","","MANUAL REVIEW"
"https://alefotografos.com.br/quem-e-o-ale","alefotografos.com.br","https://videoscorporativos.com.br/cases/unipac-50-anos","videoscorporativos.com.br","12% (cos=0.122 jac=0.017)","tfidf-cosine+shingle-jaccard","BAIXA","LOW","","MANUAL REVIEW"
"https://alefotografos.com.br/contato","alefotografos.com.br","https://videoscorporativos.com.br/cases/unipac-50-anos","videoscorporativos.com.br","12% (cos=0.121 jac=0.017)","tfidf-cosine+shingle-jaccard","BAIXA","LOW","","MANUAL REVIEW"
"https://alefotografos.com.br/fotografo-corporativo/fotografia-para-escritorios-de-advocacia","alefotografos.com.br","https://videoscorporativos.com.br/cases/procooler-na-febrava-cobertura-de-feiras-e-eventos-corporativos","videoscorporativos.com.br","12% (cos=0.124 jac=0.016)","tfidf-cosine+shingle-jaccard","BAIXA","LOW","","MANUAL REVIEW"
"https://alefotografos.com.br/fotografo-corporativo/ensaio-feminino","alefotografos.com.br","https://videoscorporativos.com.br/cases/unipac-50-anos","videoscorporativos.com.br","12% (cos=0.124 jac=0.017)","tfidf-cosine+shingle-jaccard","BAIXA","LOW","","MANUAL REVIEW"
"https://alefotografos.com.br/fotografo-corporativo/retrato-corporativo","alefotografos.com.br","https://videoscorporativos.com.br/depoimentos-em-video","videoscorporativos.com.br","12% (cos=0.121 jac=0.007)","tfidf-cosine+shingle-jaccard","BAIXA","LOW","","MANUAL REVIEW"
"https://alefotografos.com.br/fotografo-corporativo/retrato-corporativo","alefotografos.com.br","https://videoscorporativos.com.br/cases/unipac-50-anos","videoscorporativos.com.br","12% (cos=0.124 jac=0.017)","tfidf-cosine+shingle-jaccard","BAIXA","LOW","","MANUAL REVIEW"
"https://alefotografos.com.br/fotografo-corporativo/retratos-de-medicos","alefotografos.com.br","https://videoscorporativos.com.br/cases/unipac-50-anos","videoscorporativos.com.br","12% (cos=0.122 jac=0.017)","tfidf-cosine+shingle-jaccard","BAIXA","LOW","","MANUAL REVIEW"
"https://alefotografos.com.br/fotografo-corporativo/retratos-de-medicas","alefotografos.com.br","https://videoscorporativos.com.br/cases/unipac-50-anos","videoscorporativos.com.br","12% (cos=0.122 jac=0.017)","tfidf-cosine+shingle-jaccard","BAIXA","LOW","","MANUAL REVIEW"
"https://alefotografos.com.br/fotografo-corporativo/fotos-para-clinicas-medicas","alefotografos.com.br","https://videoscorporativos.com.br/blog","videoscorporativos.com.br","12% (cos=0.12 jac=0.013)","tfidf-cosine+shingle-jaccard","BAIXA","LOW","","MANUAL REVIEW"
"https://videoscorporativos.com.br/","videoscorporativos.com.br","https://fotodeperfilprofissional.com.br/fotografia-de-produtos/","fotodeperfilprofissional.com.br","12% (cos=0.121 jac=0.004)","tfidf-cosine+shingle-jaccard","BAIXA","LOW","","MANUAL REVIEW"
