"query","clicks","impressions","ctr","position","position_band","category","cluster","commercial_intent","current_or_probable_url","url_confidence","opportunity_score","recommended_action","priority"
"rocha e queiroz advogados","3","1734","0.17%","9.45","7-10","DINHEIRO","advocacia","1","/fotografia-para-advogados","URL_PROVAVEL","0.6971","CTR+TITLE/META","P1"
"ensaio corporativo feminino","4","1657","0.24%","6.34","7-10","DINHEIRO","foto-profissional","1","/foto-profissional","URL_PROVAVEL","0.6817","CTR+TITLE/META","P1"
"retratos profissionais para negócios","0","894","0%","9.46","7-10","DINHEIRO","foto-profissional","1","/foto-profissional","URL_PROVAVEL","0.6602","CTR+TITLE/META","P1"
"foto profissional","27","16926","0.16%","3.24","4-6","DINHEIRO","foto-profissional","1","/foto-profissional","URL_PROVAVEL","0.6488","MONITOR","P1"
"foto profissional linkedin","0","748","0%","4.92","4-6","DINHEIRO","foto-profissional","1","/foto-profissional","URL_PROVAVEL","0.6429","CTR+TITLE/META","P1"
"fotografia profissional","3","1105","0.27%","13.55","11-15","DINHEIRO","foto-profissional","1","/foto-profissional","URL_PROVAVEL","0.6073","CTR+TITLE/META","P1"
"foto para linkedin","13","1271","1.02%","4.42","4-6","DINHEIRO","linkedin","1","/foto-profissional-para-linkedin","URL_PROVAVEL","0.6058","CTR+TITLE/META","P1"
"dress code","2","29577","0.01%","5.55","4-6","APOIO","outros","0.6","/blog","URL_PROVAVEL","0.5992","CTR+TITLE/META","P1"
"ativa logistica","1","540","0.19%","7.66","7-10","DINHEIRO","logistica","1","/fotografo-corporativo/fotografia-de-logistica","URL_PROVAVEL","0.5855","CTR+TITLE/META","P1"
"foto profissional para perfil","2","641","0.31%","8.86","7-10","DINHEIRO","foto-profissional","1","/foto-profissional","URL_PROVAVEL","0.5847","CTR+TITLE/META","P1"
"foto profissional para linkedin","4","824","0.49%","8.52","7-10","DINHEIRO","foto-profissional","1","/foto-profissional","URL_PROVAVEL","0.5813","CTR+TITLE/META","P1"
"foto perfil linkedin","3","542","0.55%","4.54","4-6","DINHEIRO","linkedin","1","/foto-profissional-para-linkedin","URL_PROVAVEL","0.5696","CTR+TITLE/META","P1"
"fotografo profissional","3","631","0.48%","9.1","7-10","DINHEIRO","outros","1","/","URL_PROVAVEL","0.5596","CTR+TITLE/META","P1"
"fotos corporativas","6","1237","0.49%","10.59","11-15","DINHEIRO","fotografo-corporativo","1","/fotografo-corporativo","URL_PROVAVEL","0.5562","CTR+TITLE/META","P1"
"fotógrafo profissional","5","751","0.67%","7.24","7-10","DINHEIRO","outros","1","/","URL_PROVAVEL","0.5475","CTR+TITLE/META","P1"
"foto perfil profissional","1","391","0.26%","7.5","7-10","DINHEIRO","foto-profissional","1","/foto-profissional","URL_PROVAVEL","0.5465","CTR+TITLE/META","P1"
"fotografia de eventos","1","452","0.22%","14.3","11-15","DINHEIRO","eventos","1","/eventos-corporativos","URL_PROVAVEL","0.5418","CTR+TITLE/META","P1"
"fotografia de comida","2","444","0.45%","7.33","7-10","DINHEIRO","gastronomia","1","/fotografo-corporativo/fotografia-gastronomica","URL_PROVAVEL","0.5331","CTR+TITLE/META","P1"
"ensaio fotográfico feminino","2","564","0.35%","11","11-15","DINHEIRO","outros","1","/","URL_PROVAVEL","0.5294","CTR+TITLE/META","P1"
"o que é dress code","0","8645","0%","7.36","7-10","APOIO","outros","0.6","/blog","URL_PROVAVEL","0.5283","CTR+TITLE/META","P1"
"fotografia corporativa","6","984","0.61%","14.58","11-15","DINHEIRO","fotografo-corporativo","1","/fotografo-corporativo","URL_PROVAVEL","0.5062","CTR+TITLE/META","P1"
"ensaio fotográfico corporativo","2","332","0.6%","6.8","7-10","DINHEIRO","foto-profissional","1","/foto-profissional","URL_PROVAVEL","0.489","CTR+TITLE/META","P1"
"foto linkedin profissional","1","202","0.5%","4.48","4-6","DINHEIRO","linkedin","1","/foto-profissional-para-linkedin","URL_PROVAVEL","0.4838","CTR+TITLE/META","P1"
"dress code o que é","0","3650","0%","5.55","4-6","APOIO","outros","0.6","/blog","URL_PROVAVEL","0.4781","CTR+TITLE/META","P1"
"dimensões capa linkedin","1","227","0.44%","9.63","7-10","DINHEIRO","linkedin","1","/foto-profissional-para-linkedin","URL_PROVAVEL","0.4758","CTR+TITLE/META","P1"
"fotos profissionais advogada","4","435","0.92%","6.5","7-10","DINHEIRO","foto-profissional","1","/foto-profissional","URL_PROVAVEL","0.4697","CTR+TITLE/META","P1"
"fotos profissionais","17","16771","0.1%","7.1","7-10","DINHEIRO","foto-profissional","0.5","/foto-profissional","URL_PROVAVEL","0.4619","CTR+TITLE/META","P1"
"foto para perfil linkedin","1","161","0.62%","4.84","4-6","DINHEIRO","linkedin","1","/foto-profissional-para-linkedin","URL_PROVAVEL","0.4559","CTR+TITLE/META","P1"
"foto empresarial","4","1115","0.36%","3.23","4-6","DINHEIRO","outros","1","/","URL_PROVAVEL","0.4557","MONITOR","P1"
"capa linkedin","2","369","0.54%","10.28","11-15","DINHEIRO","linkedin","1","/foto-profissional-para-linkedin","URL_PROVAVEL","0.4503","CTR+TITLE/META","P1"
"pose para foto profissional feminina","1","100","0.01%","4.73","4-6","DINHEIRO","foto-profissional","1","/foto-profissional","URL_PROVAVEL","0.4477","CTR+TITLE/META","P1"
"foto linkedin","8","1167","0.69%","3.6","4-6","DINHEIRO","linkedin","1","/foto-profissional-para-linkedin","URL_PROVAVEL","0.4388","MONITOR","P1"
"fotos profissionais advogado","1","141","0.71%","5.35","4-6","DINHEIRO","foto-profissional","1","/foto-profissional","URL_PROVAVEL","0.4387","CTR+TITLE/META","P1"
"fotos dentista profissional","1","140","0.71%","4.49","4-6","DINHEIRO","saude","1","/fotos-profissionais-medicos","URL_PROVAVEL","0.438","CTR+TITLE/META","P1"
"direitos autorais de imagem","1","1933","0.05%","7.97","7-10","APOIO","direitos-uso","0.6","/faq","URL_PROVAVEL","0.4361","CTR+TITLE/META","P1"
"foto de perfil","3","7967","0.04%","9.14","7-10","DINHEIRO","foto-profissional","0.5","/foto-profissional","URL_PROVAVEL","0.4324","CTR+TITLE/META","P1"
"retrato profissional","3","433","0.69%","10.42","11-15","DINHEIRO","foto-profissional","1","/foto-profissional","URL_PROVAVEL","0.4271","CTR+TITLE/META","P1"
"foto de perfil para linkedin","1","160","0.62%","9.35","7-10","DINHEIRO","foto-profissional","1","/foto-profissional","URL_PROVAVEL","0.4256","CTR+TITLE/META","P1"
"dress code casual","0","1463","0%","4.11","4-6","APOIO","outros","0.6","/blog","URL_PROVAVEL","0.4248","CTR+TITLE/META","P1"
"ensaio profissional feminino","3","714","0.42%","3.4","4-6","DINHEIRO","outros","1","/","URL_PROVAVEL","0.4234","MONITOR","P1"
"fotos profissionais dentista","1","124","0.81%","4.3","4-6","DINHEIRO","foto-profissional","1","/foto-profissional","URL_PROVAVEL","0.4215","CTR+TITLE/META","P1"
"fundo para fotografia profissional","2","213","0.94%","7.99","7-10","DINHEIRO","foto-profissional","1","/foto-profissional","URL_PROVAVEL","0.4124","CTR+TITLE/META","P1"
"foto de perfil linkedin","2","475","0.42%","3.67","4-6","DINHEIRO","foto-profissional","1","/foto-profissional","URL_PROVAVEL","0.3972","MONITOR","P1"
"poses para fotos corporativas femininas","2","138","1.45%","4.51","4-6","DINHEIRO","fotografo-corporativo","1","/fotografo-corporativo","URL_PROVAVEL","0.3924","CTR+TITLE/META","P1"
"fotos profissional para perfil","1","99","1.01%","4.23","4-6","DINHEIRO","foto-profissional","1","/foto-profissional","URL_PROVAVEL","0.3909","CTR+TITLE/META","P1"
"tirar foto profissional","1","99","1.01%","4.6","4-6","DINHEIRO","foto-profissional","1","/foto-profissional","URL_PROVAVEL","0.3909","CTR+TITLE/META","P1"
"tipos de dress code","2","961","0.21%","5.61","4-6","APOIO","outros","0.6","/blog","URL_PROVAVEL","0.3898","CTR+TITLE/META","P1"
"fotos corporativas masculinas","1","127","0.79%","8.43","7-10","DINHEIRO","fotografo-corporativo","1","/fotografo-corporativo","URL_PROVAVEL","0.3886","CTR+TITLE/META","P1"
"foto profissional advogado","1","335","0.3%","3.19","4-6","DINHEIRO","foto-profissional","1","/foto-profissional","URL_PROVAVEL","0.3807","MONITOR","P1"
"fotos profissionais para advogados","1","50","0.02%","6.2","7-10","DINHEIRO","foto-profissional","1","/foto-profissional","URL_PROVAVEL","0.3802","CTR+TITLE/META","P1"
"dress code esporte fino","1","799","0.13%","7.36","7-10","APOIO","outros","0.6","/blog","URL_PROVAVEL","0.3783","CTR+TITLE/META","P1"
"fotos advogada profissional","3","227","1.32%","7.3","7-10","DINHEIRO","advocacia","1","/fotografia-para-advogados","URL_PROVAVEL","0.3727","CTR+TITLE/META","P1"
"o que e dress code","0","544","0%","7.33","7-10","APOIO","outros","0.6","/blog","URL_PROVAVEL","0.3672","CTR+TITLE/META","P1"
"foto profissional dentista","2","116","1.72%","4.34","4-6","DINHEIRO","foto-profissional","1","/foto-profissional","URL_PROVAVEL","0.3631","CTR+TITLE/META","P1"
"pose para foto","1","10087","0.01%","7.9","7-10","AUTORIDADE","outros","0.4","/blog","URL_PROVAVEL","0.3574","INTERNAL LINK (blog->money)","P1"
"fotografia gastronomica","2","156","1.28%","8.21","7-10","DINHEIRO","gastronomia","1","/fotografo-corporativo/fotografia-gastronomica","URL_PROVAVEL","0.3514","CTR+TITLE/META","P1"
"fotografo","27","4284","0.63%","9.4","7-10","DINHEIRO","fotografo-generico","0.5","/fotografo-corporativo","URL_PROVAVEL","0.3493","CTR+TITLE/META","P1"
"como fazer uma foto profissional","2","106","1.89%","5.9","4-6","DINHEIRO","foto-profissional","1","/foto-profissional","URL_PROVAVEL","0.3467","CTR+TITLE/META","P1"
"totem fotografico","2","150","1.33%","8.51","7-10","DINHEIRO","totem-foto","1","/fotografo-corporativo/totem-fotografico","URL_PROVAVEL","0.3433","CTR+TITLE/META","P1"
"programa para editar videos","0","1125","0%","8.2","7-10","DINHEIRO","edicao-apps","0.5","/blog","URL_PROVAVEL","0.3413","CTR+TITLE/META","P1"
"fotografias profissionais","0","1053","0%","7.14","7-10","DINHEIRO","outros","0.5","/","URL_PROVAVEL","0.3381","CTR+TITLE/META","P1"
"rocha queiroz advogados","1","93","1.08%","8.99","7-10","DINHEIRO","advocacia","1","/fotografia-para-advogados","URL_PROVAVEL","0.3354","CTR+TITLE/META","P1"
"melhor editor de video para celular","2","1244","0.16%","9.47","7-10","DINHEIRO","video","0.5","/videos","URL_PROVAVEL","0.3338","CTR+TITLE/META","P1"
"ensaio profissional advogada","2","98","2.04%","5.97","4-6","DINHEIRO","advocacia","1","/fotografia-para-advogados","URL_PROVAVEL","0.3325","CTR+TITLE/META","P1"
"fotos executivas","2","236","0.85%","3.66","4-6","DINHEIRO","outros","1","/","URL_PROVAVEL","0.3323","MONITOR","P1"
"o que é foto de perfil","2","1112","0.18%","6.8","7-10","DINHEIRO","foto-profissional","0.5","/foto-profissional","URL_PROVAVEL","0.3271","CTR+TITLE/META","P1"
"pose de foto","4","4733","0.08%","6.84","7-10","AUTORIDADE","outros","0.4","/blog","URL_PROVAVEL","0.323","INTERNAL LINK (blog->money)","P1"
"fotos impressas na hora eventos","3","121","2.48%","4.68","4-6","DINHEIRO","eventos","1","/eventos-corporativos","URL_PROVAVEL","0.322","CTR+TITLE/META","P1"
"aplicativos para editar videos","12","1514","0.79%","4.74","4-6","DINHEIRO","edicao-apps","0.5","/blog","URL_PROVAVEL","0.3206","CTR+TITLE/META","P1"
"poses para fotos","3","4354","0.07%","7.38","7-10","AUTORIDADE","outros","0.4","/blog","URL_PROVAVEL","0.3205","INTERNAL LINK (blog->money)","P1"
"fotografia profissional sao paulo","1","84","1.19%","6.12","7-10","DINHEIRO","foto-profissional","1","/foto-profissional","URL_PROVAVEL","0.3174","CTR+TITLE/META","P1"
"ensaio fotográfico profissional feminino","2","198","1.01%","3.22","4-6","DINHEIRO","outros","1","/","URL_PROVAVEL","0.3145","MONITOR","P1"
"fotos de advogados no escritório","1","147","0.68%","3.87","4-6","DINHEIRO","advocacia","1","/fotografia-para-advogados","URL_PROVAVEL","0.3109","MONITOR","P1"
"fotógrafo","2","1002","0.2%","10.91","11-15","DINHEIRO","fotografo-generico","0.5","/fotografo-corporativo","URL_PROVAVEL","0.3088","CTR+TITLE/META","P1"
"aplicativos de vídeo","1","696","0.14%","8.66","7-10","DINHEIRO","video","0.5","/videos","URL_PROVAVEL","0.3081","CTR+TITLE/META","P1"
"foto de comida","20","9572","0.21%","1.2","1-3","DINHEIRO","gastronomia","1","/fotografo-corporativo/fotografia-gastronomica","URL_PROVAVEL","0.308","MONITOR","P1"
"o que é uma foto de perfil","0","544","0%","6.17","7-10","DINHEIRO","foto-profissional","0.5","/foto-profissional","URL_PROVAVEL","0.306","CTR+TITLE/META","P1"
"foto impressa","0","535","0%","9.75","7-10","DINHEIRO","totem-foto","0.5","/fotografo-corporativo/totem-fotografico","URL_PROVAVEL","0.3052","CTR+TITLE/META","P1"
"editar videos","1","637","0.16%","8.72","7-10","DINHEIRO","edicao-apps","0.5","/blog","URL_PROVAVEL","0.3025","CTR+TITLE/META","P1"
"esporte fino dress code","2","283","0.71%","5.2","4-6","APOIO","outros","0.6","/blog","URL_PROVAVEL","0.3","CTR+TITLE/META","P1"
"foto de você","0","463","0%","6.7","7-10","DINHEIRO","outros","0.5","/","URL_PROVAVEL","0.2982","CTR+TITLE/META","P2"
"apps para editar videos","8","947","0.84%","4.37","4-6","DINHEIRO","edicao-apps","0.5","/blog","URL_PROVAVEL","0.2979","CTR+TITLE/META","P2"
"aplicativos para fazer videos","1","583","0.17%","6.4","7-10","DINHEIRO","video","0.5","/videos","URL_PROVAVEL","0.2977","CTR+TITLE/META","P2"
"aplicativos para editar vídeos","3","648","0.46%","4.81","4-6","DINHEIRO","edicao-apps","0.5","/blog","URL_PROVAVEL","0.2964","CTR+TITLE/META","P2"
"dress code social","2","1511","0.13%","3.71","4-6","APOIO","outros","0.6","/blog","URL_PROVAVEL","0.2938","MONITOR","P2"
"bmx logistica","1","73","1.37%","7.73","7-10","DINHEIRO","logistica","1","/fotografo-corporativo/fotografia-de-logistica","URL_PROVAVEL","0.2908","CTR+TITLE/META","P2"
"fundo de imagem profissional","3","196","1.53%","3.48","4-6","DINHEIRO","outros","1","/","URL_PROVAVEL","0.2905","MONITOR","P2"
"fotos profissionais para perfil","1","442","0.23%","5.8","4-6","DINHEIRO","foto-profissional","0.5","/foto-profissional","URL_PROVAVEL","0.2874","CTR+TITLE/META","P2"
"aplicativos de edição de video","11","967","1.14%","4.57","4-6","DINHEIRO","edicao-apps","0.5","/blog","URL_PROVAVEL","0.2863","CTR+TITLE/META","P2"
"melhores aplicativos para editar vídeos","4","596","0.67%","4.19","4-6","DINHEIRO","edicao-apps","0.5","/blog","URL_PROVAVEL","0.2844","CTR+TITLE/META","P2"
"melhores editores de video para celular","1","462","0.22%","8.93","7-10","DINHEIRO","video","0.5","/videos","URL_PROVAVEL","0.2835","CTR+TITLE/META","P2"
"editor de video para celular","2","555","0.36%","8.77","7-10","DINHEIRO","video","0.5","/videos","URL_PROVAVEL","0.2824","CTR+TITLE/META","P2"
"foto de blazer","1","447","0.22%","8.17","7-10","DINHEIRO","outros","0.5","/","URL_PROVAVEL","0.282","CTR+TITLE/META","P2"
"foto profissional de advogado","1","107","0.93%","3.98","4-6","DINHEIRO","foto-profissional","1","/foto-profissional","URL_PROVAVEL","0.2814","MONITOR","P2"
"como é foto de perfil","1","438","0.23%","6.32","7-10","DINHEIRO","foto-profissional","0.5","/foto-profissional","URL_PROVAVEL","0.2804","CTR+TITLE/META","P2"
"pose foto","0","1248","0%","7.18","7-10","AUTORIDADE","outros","0.4","/blog","URL_PROVAVEL","0.277","INTERNAL LINK (blog->money)","P2"
"aplicativos de videos","2","507","0.39%","7.2","7-10","DINHEIRO","video","0.5","/videos","URL_PROVAVEL","0.2764","CTR+TITLE/META","P2"
"como tirar foto profissional","4","193","2.07%","6.57","7-10","DINHEIRO","foto-profissional","1","/foto-profissional","URL_PROVAVEL","0.2763","CTR+TITLE/META","P2"
"fundo para fotos","4","1753","0.23%","6.57","7-10","AUTORIDADE","outros","0.4","/blog","URL_PROVAVEL","0.2754","INTERNAL LINK (blog->money)","P2"
"app de edição de video profissional","1","67","1.49%","7.12","7-10","DINHEIRO","edicao-apps","1","/blog","URL_PROVAVEL","0.2742","CTR+TITLE/META","P2"
"ensaio fotográfico advogada","1","67","1.49%","7.85","7-10","DINHEIRO","advocacia","1","/fotografia-para-advogados","URL_PROVAVEL","0.2742","CTR+TITLE/META","P2"
"poses para fotos corporativas masculinas","1","99","1.01%","3.26","4-6","DINHEIRO","fotografo-corporativo","1","/fotografo-corporativo","URL_PROVAVEL","0.2736","MONITOR","P2"
"dress code traje social","1","160","0.62%","4.64","4-6","APOIO","outros","0.6","/blog","URL_PROVAVEL","0.2732","CTR+TITLE/META","P2"
"poses para foto","0","1107","0%","8.27","7-10","AUTORIDADE","outros","0.4","/blog","URL_PROVAVEL","0.2724","INTERNAL LINK (blog->money)","P2"
"melhor editor de vídeo para celular","3","567","0.53%","9.27","7-10","DINHEIRO","video","0.5","/videos","URL_PROVAVEL","0.2717","CTR+TITLE/META","P2"
"foto corporativa","8","3186","0.25%","2.6","1-3","DINHEIRO","fotografo-corporativo","1","/fotografo-corporativo","URL_PROVAVEL","0.2704","MONITOR","P2"
"apps de edição de video","10","762","1.31%","4.46","4-6","DINHEIRO","edicao-apps","0.5","/blog","URL_PROVAVEL","0.2696","CTR+TITLE/META","P2"
"aplicativos para editar vídeo","1","314","0.32%","4.77","4-6","DINHEIRO","edicao-apps","0.5","/blog","URL_PROVAVEL","0.2682","CTR+TITLE/META","P2"
"empresa ativa logística","1","65","1.54%","8.62","7-10","DINHEIRO","logistica","1","/fotografo-corporativo/fotografia-de-logistica","URL_PROVAVEL","0.2677","CTR+TITLE/META","P2"
"ensaio fotografico advogada","1","64","1.56%","7.78","7-10","DINHEIRO","advocacia","1","/fotografia-para-advogados","URL_PROVAVEL","0.2649","CTR+TITLE/META","P2"
"foto profissional feminina","7","2691","0.26%","1.8","1-3","DINHEIRO","foto-profissional","1","/foto-profissional","URL_PROVAVEL","0.2646","MONITOR","P2"
"lugares para ensaio fotográfico perto de mim","3","15","0.2%","5.87","4-6","DINHEIRO","lugares-fotografar","1","/blog","URL_PROVAVEL","0.2626","CTR+TITLE/META","P2"
"modelos de fotos profissionais","2","418","0.48%","6.39","7-10","DINHEIRO","foto-profissional","0.5","/foto-profissional","URL_PROVAVEL","0.262","CTR+TITLE/META","P2"
"fotos de comida","12","2677","0.45%","1.8","1-3","DINHEIRO","gastronomia","1","/fotografo-corporativo/fotografia-gastronomica","URL_PROVAVEL","0.2616","MONITOR","P2"
"qual melhor horario para postar na quarta feira","1","62","1.61%","7.6","7-10","DINHEIRO","feiras-stands","1","/fotografo-corporativo/fotografo-feiras-stands","URL_PROVAVEL","0.2585","CTR+TITLE/META","P2"
"foto para perfil do linkedin","3","91","3.3%","4.8","4-6","DINHEIRO","linkedin","1","/foto-profissional-para-linkedin","URL_PROVAVEL","0.258","CTR+TITLE/META","P2"
"roupa dress code","0","531","0%","3.93","4-6","APOIO","outros","0.6","/blog","URL_PROVAVEL","0.2561","MONITOR","P2"
"editor de vídeo profissional para celular","1","61","1.64%","7.3","7-10","DINHEIRO","video","1","/videos","URL_PROVAVEL","0.2548","CTR+TITLE/META","P2"
"pose pra foto","0","656","0%","7.92","7-10","AUTORIDADE","outros","0.4","/blog","URL_PROVAVEL","0.2521","INTERNAL LINK (blog->money)","P2"
"cor na fotografia","0","614","0%","8.71","7-10","AUTORIDADE","outros","0.4","/blog","URL_PROVAVEL","0.2495","INTERNAL LINK (blog->money)","P2"
"ensaio profissional dentista","4","40","0.1%","3.42","4-6","DINHEIRO","saude","1","/fotos-profissionais-medicos","URL_PROVAVEL","0.2494","MONITOR","P2"
"editar video no celular","3","422","0.71%","6.83","7-10","DINHEIRO","edicao-apps","0.5","/blog","URL_PROVAVEL","0.2474","CTR+TITLE/META","P2"
"dress code social completo","1","488","0.2%","3.62","4-6","APOIO","outros","0.6","/blog","URL_PROVAVEL","0.2463","MONITOR","P2"
"pose para fotos","1","685","0.15%","8.42","7-10","AUTORIDADE","outros","0.4","/blog","URL_PROVAVEL","0.2453","INTERNAL LINK (blog->money)","P2"
"fotografia profissional corporativa","1","39","2.56%","4.72","4-6","DINHEIRO","foto-profissional","1","/foto-profissional","URL_PROVAVEL","0.2437","CTR+TITLE/META","P2"
"dicas de fotografia profissional","1","39","2.56%","5.67","4-6","DINHEIRO","foto-profissional","1","/foto-profissional","URL_PROVAVEL","0.2437","CTR+TITLE/META","P2"
"aplicativos para edição de vídeos","1","201","0.5%","4.98","4-6","DINHEIRO","edicao-apps","0.5","/blog","URL_PROVAVEL","0.2417","CTR+TITLE/META","P2"
"qual melhor horario para postar foto no feed do instagram","1","306","0.33%","10.8","11-15","DINHEIRO","outros","0.5","/","URL_PROVAVEL","0.2414","CTR+TITLE/META","P2"
"sao paulo fotos","1","196","0.51%","5.5","4-6","DINHEIRO","outros","0.5","/","URL_PROVAVEL","0.2402","CTR+TITLE/META","P2"
"melhor dia para postar foto no instagram","1","226","0.44%","9.12","7-10","DINHEIRO","outros","0.5","/","URL_PROVAVEL","0.2377","CTR+TITLE/META","P2"
"pose para tirar foto","1","557","0.18%","8.32","7-10","AUTORIDADE","outros","0.4","/blog","URL_PROVAVEL","0.2359","INTERNAL LINK (blog->money)","P2"
"ensaio fotográfico corporativo feminino","2","99","2.02%","3.41","4-6","DINHEIRO","foto-profissional","1","/foto-profissional","URL_PROVAVEL","0.2341","MONITOR","P2"
"roupas para ensaio fotográfico profissional","2","98","2.04%","3.15","4-6","DINHEIRO","outros","1","/","URL_PROVAVEL","0.2328","MONITOR","P2"
"foto de pose","1","461","0.22%","4.68","4-6","AUTORIDADE","outros","0.4","/blog","URL_PROVAVEL","0.2318","INTERNAL LINK (blog->money)","P2"
"poses","1","507","0.2%","8.84","7-10","AUTORIDADE","outros","0.4","/blog","URL_PROVAVEL","0.2313","INTERNAL LINK (blog->money)","P2"
"fundo para foto profissional","4","1032","0.39%","1.98","1-3","DINHEIRO","foto-profissional","1","/foto-profissional","URL_PROVAVEL","0.2308","MONITOR","P2"
"fotos corporativas femininas","2","901","0.22%","2.53","1-3","DINHEIRO","fotografo-corporativo","1","/fotografo-corporativo","URL_PROVAVEL","0.2285","MONITOR","P2"
"fotos de dentista no consultório","2","92","2.17%","8.57","7-10","DINHEIRO","saude","1","/fotos-profissionais-medicos","URL_PROVAVEL","0.228","CTR+TITLE/META","P2"
"foto corporativa feminina","1","852","0.12%","1.7","1-3","DINHEIRO","fotografo-corporativo","1","/fotografo-corporativo","URL_PROVAVEL","0.2279","MONITOR","P2"
"melhores aplicativos para editar vídeo","1","158","0.63%","4.57","4-6","DINHEIRO","edicao-apps","0.5","/blog","URL_PROVAVEL","0.2268","CTR+TITLE/META","P2"
"look para foto profissional","1","63","1.59%","3.75","4-6","DINHEIRO","foto-profissional","1","/foto-profissional","URL_PROVAVEL","0.2266","MONITOR","P2"
"poses para fotos profissionais femininas","1","401","0.25%","5.34","4-6","AUTORIDADE","foto-profissional","0.4","/foto-profissional","URL_PROVAVEL","0.2257","INTERNAL LINK (blog->money)","P2"
"apps para edição de video","1","153","0.65%","4.52","4-6","DINHEIRO","edicao-apps","0.5","/blog","URL_PROVAVEL","0.2248","CTR+TITLE/META","P2"
"fotos profissionais para trabalho","3","964","0.31%","3.93","4-6","DINHEIRO","foto-profissional","0.5","/foto-profissional","URL_PROVAVEL","0.2246","MONITOR","P2"
"foto institucional","2","765","0.26%","2.88","1-3","DINHEIRO","video","1","/videos","URL_PROVAVEL","0.2225","MONITOR","P2"
"clinica par","1","52","1.92%","8.23","7-10","DINHEIRO","saude","1","/fotos-profissionais-medicos","URL_PROVAVEL","0.2211","CTR+TITLE/META","P2"
"fundo de foto profissional","20","1227","1.63%","2.49","1-3","DINHEIRO","foto-profissional","1","/foto-profissional","URL_PROVAVEL","0.2199","MONITOR","P2"
"foto comida","3","746","0.4%","1.5","1-3","DINHEIRO","gastronomia","1","/fotografo-corporativo/fotografia-gastronomica","URL_PROVAVEL","0.2199","MONITOR","P2"
"aplicativos para fazer vídeo","2","186","1.08%","5.39","4-6","DINHEIRO","video","0.5","/videos","URL_PROVAVEL","0.2198","CTR+TITLE/META","P2"
"fotos para linkedin","5","805","0.62%","2.29","1-3","DINHEIRO","linkedin","1","/foto-profissional-para-linkedin","URL_PROVAVEL","0.2197","MONITOR","P2"
"apps de videos","1","175","0.57%","6.91","7-10","DINHEIRO","edicao-apps","0.5","/blog","URL_PROVAVEL","0.2193","CTR+TITLE/META","P2"
"foto impressa na hora","1","141","0.71%","4.78","4-6","DINHEIRO","totem-foto","0.5","/fotografo-corporativo/totem-fotografico","URL_PROVAVEL","0.2193","CTR+TITLE/META","P2"
"ensaio advogada","1","34","2.94%","5.68","4-6","DINHEIRO","advocacia","1","/fotografia-para-advogados","URL_PROVAVEL","0.2184","CTR+TITLE/META","P2"
"editores de video para celular","2","243","0.82%","9.5","7-10","DINHEIRO","video","0.5","/videos","URL_PROVAVEL","0.2183","CTR+TITLE/META","P2"
"aplicativos para edição de video","1","137","0.73%","4.15","4-6","DINHEIRO","edicao-apps","0.5","/blog","URL_PROVAVEL","0.2175","CTR+TITLE/META","P2"
"fotografia de eventos corporativos","1","51","1.96%","8.27","7-10","DINHEIRO","eventos","1","/eventos-corporativos","URL_PROVAVEL","0.2166","CTR+TITLE/META","P2"
"fotos profissional","2","648","0.31%","3","1-3","DINHEIRO","foto-profissional","1","/foto-profissional","URL_PROVAVEL","0.2164","MONITOR","P2"
"fotos profissionais psicologia","1","168","0.6%","8.46","7-10","DINHEIRO","foto-profissional","0.5","/foto-profissional","URL_PROVAVEL","0.2159","CTR+TITLE/META","P2"
"aplicativos gratuitos para editar videos","1","132","0.76%","4.98","4-6","DINHEIRO","edicao-apps","0.5","/blog","URL_PROVAVEL","0.215","CTR+TITLE/META","P2"
"lugares para fazer ensaio fotográfico de debutante em sp","2","55","3.64%","4.45","4-6","DINHEIRO","lugares-fotografar","1","/blog","URL_PROVAVEL","0.2131","CTR+TITLE/META","P2"
"aplicativos de edicao de video","1","125","0.8%","4.78","4-6","DINHEIRO","edicao-apps","0.5","/blog","URL_PROVAVEL","0.2114","CTR+TITLE/META","P2"
"como sair bem nas fotos","1","156","0.64%","8.69","7-10","DINHEIRO","outros","0.5","/","URL_PROVAVEL","0.2106","CTR+TITLE/META","P2"
"foto de uma comida","0","489","0%","1.2","1-3","DINHEIRO","gastronomia","1","/fotografo-corporativo/fotografia-gastronomica","URL_PROVAVEL","0.2106","MONITOR","P2"
"foto da comida","0","471","0%","1.7","1-3","DINHEIRO","gastronomia","1","/fotografo-corporativo/fotografia-gastronomica","URL_PROVAVEL","0.2093","MONITOR","P2"
"aplicativos para videos","1","119","0.84%","4.73","4-6","DINHEIRO","video","0.5","/videos","URL_PROVAVEL","0.2081","CTR+TITLE/META","P2"
"foto advogado","1","471","0.21%","1.74","1-3","DINHEIRO","advocacia","1","/fotografia-para-advogados","URL_PROVAVEL","0.2069","MONITOR","P2"
"como tirar fotos profissionais","5","631","0.79%","8.27","7-10","AUTORIDADE","foto-profissional","0.4","/foto-profissional","URL_PROVAVEL","0.2066","INTERNAL LINK (blog->money)","P2"
"comida foto","3","524","0.57%","1.2","1-3","DINHEIRO","gastronomia","1","/fotografo-corporativo/fotografia-gastronomica","URL_PROVAVEL","0.2062","MONITOR","P2"
"aplicativos de video","2","212","0.94%","7.14","7-10","DINHEIRO","video","0.5","/videos","URL_PROVAVEL","0.206","CTR+TITLE/META","P2"
"foto executiva","3","517","0.58%","1.34","1-3","DINHEIRO","outros","1","/","URL_PROVAVEL","0.2056","MONITOR","P2"
"aplicativos para edicao de videos","1","114","0.88%","4.68","4-6","DINHEIRO","edicao-apps","0.5","/blog","URL_PROVAVEL","0.2051","CTR+TITLE/META","P2"
"foto ideal para linkedin","2","79","2.53%","3.16","4-6","DINHEIRO","linkedin","1","/foto-profissional-para-linkedin","URL_PROVAVEL","0.2037","MONITOR","P2"
"linkedin foto de perfil","1","51","1.96%","3.86","4-6","DINHEIRO","foto-profissional","1","/foto-profissional","URL_PROVAVEL","0.2028","MONITOR","P2"
"aplicativos de fazer vídeos","1","139","0.72%","7.42","7-10","DINHEIRO","video","0.5","/videos","URL_PROVAVEL","0.2016","CTR+TITLE/META","P2"
"formato foto","1","136","0.74%","9.61","7-10","DINHEIRO","outros","0.5","/","URL_PROVAVEL","0.1997","CTR+TITLE/META","P2"
"melhores apps para editar videos","3","540","0.56%","3.99","4-6","DINHEIRO","edicao-apps","0.5","/blog","URL_PROVAVEL","0.199","MONITOR","P2"
"foto medico","3","433","0.69%","1.15","1-3","DINHEIRO","saude","1","/fotos-profissionais-medicos","URL_PROVAVEL","0.1986","MONITOR","P2"
"fotos corporativa","1","49","2.04%","3.14","4-6","DINHEIRO","fotografo-corporativo","1","/fotografo-corporativo","URL_PROVAVEL","0.1982","MONITOR","P2"
"que tipo de foto colocar no linkedin","1","49","2.04%","3.37","4-6","DINHEIRO","linkedin","1","/foto-profissional-para-linkedin","URL_PROVAVEL","0.1982","MONITOR","P2"
"como editar vídeos no celular grátis","1","256","0.39%","8.38","7-10","AUTORIDADE","edicao-apps","0.4","/blog","URL_PROVAVEL","0.1969","INTERNAL LINK (blog->money)","P2"
"foto profissional mulher","2","376","0.53%","1.2","1-3","DINHEIRO","foto-profissional","1","/foto-profissional","URL_PROVAVEL","0.1957","MONITOR","P2"
"melhores editores de vídeos para celular","1","128","0.78%","9.48","7-10","DINHEIRO","video","0.5","/videos","URL_PROVAVEL","0.1951","CTR+TITLE/META","P2"
"pose para foto profissional","4","418","0.96%","1.3","1-3","DINHEIRO","foto-profissional","1","/foto-profissional","URL_PROVAVEL","0.1943","MONITOR","P2"
"fotos linkedin","3","391","0.77%","1.62","1-3","DINHEIRO","linkedin","1","/foto-profissional-para-linkedin","URL_PROVAVEL","0.1943","MONITOR","P2"
"foto comercial","1","367","0.27%","3.5","4-6","DINHEIRO","outros","0.5","/","URL_PROVAVEL","0.1941","MONITOR","P2"
"são paulo fotos","3","167","1.8%","5.82","4-6","DINHEIRO","outros","0.5","/","URL_PROVAVEL","0.1929","CTR+TITLE/META","P2"
"editor de vídeo gratuito para celular","2","269","0.74%","10.8","11-15","DINHEIRO","video","0.5","/videos","URL_PROVAVEL","0.1914","CTR+TITLE/META","P2"
"o que seria uma foto de perfil","1","93","1.08%","5.33","4-6","DINHEIRO","foto-profissional","0.5","/foto-profissional","URL_PROVAVEL","0.1909","CTR+TITLE/META","P2"
"apps para editar vídeos","1","91","1.1%","4.53","4-6","DINHEIRO","edicao-apps","0.5","/blog","URL_PROVAVEL","0.1894","CTR+TITLE/META","P2"
"fotos para perfil profissional","2","313","0.64%","2.4","1-3","DINHEIRO","foto-profissional","1","/foto-profissional","URL_PROVAVEL","0.1885","MONITOR","P2"
"ensaio corporativo advogada","2","79","2.53%","6.48","7-10","DINHEIRO","foto-profissional","1","/foto-profissional","URL_PROVAVEL","0.1863","CONTENT+INTERNAL LINK","P2"
"foto de perfil feminino profissional","1","265","0.38%","1.29","1-3","DINHEIRO","foto-profissional","1","/foto-profissional","URL_PROVAVEL","0.1858","MONITOR","P2"
"retratos corporativos","1","1336","0.07%","21.1","21-50","DINHEIRO","outros","1","/","URL_PROVAVEL","0.1853","CONTENT+CASE","P2"
"foto de linkedin","3","304","0.99%","1.72","1-3","DINHEIRO","linkedin","1","/foto-profissional-para-linkedin","URL_PROVAVEL","0.1838","MONITOR","P2"
"melhores aplicativos de edição de vídeo","1","280","0.36%","3.69","4-6","DINHEIRO","edicao-apps","0.5","/blog","URL_PROVAVEL","0.1831","MONITOR","P2"
"fotos profissionais para linkedin","2","269","0.74%","1.71","1-3","DINHEIRO","foto-profissional","1","/foto-profissional","URL_PROVAVEL","0.1825","MONITOR","P2"
"editor video celular","1","110","0.91%","8.75","7-10","DINHEIRO","video","0.5","/videos","URL_PROVAVEL","0.1825","CTR+TITLE/META","P2"
"foto executiva masculina","1","229","0.44%","1.4","1-3","DINHEIRO","outros","1","/","URL_PROVAVEL","0.1804","MONITOR","P2"
"foto de perfil o que significa","1","80","1.25%","5.69","4-6","DINHEIRO","foto-profissional","0.5","/foto-profissional","URL_PROVAVEL","0.1801","CTR+TITLE/META","P2"
"aplicativos para editar fotos e vídeos","1","78","1.28%","4.22","4-6","DINHEIRO","edicao-apps","0.5","/blog","URL_PROVAVEL","0.1783","CTR+TITLE/META","P2"
"aplicativos de fazer vídeo","1","77","1.3%","5.36","4-6","DINHEIRO","video","0.5","/videos","URL_PROVAVEL","0.1772","CTR+TITLE/META","P2"
"melhores apps de edição de video","1","241","0.41%","3.86","4-6","DINHEIRO","edicao-apps","0.5","/blog","URL_PROVAVEL","0.177","MONITOR","P2"
"fotógrafo são paulo","1","147","0.68%","11.5","11-15","DINHEIRO","fotografo-generico","0.5","/fotografo-corporativo","URL_PROVAVEL","0.1767","CTR+TITLE/META","P2"
"imagem profissional feminina","2","226","0.88%","1.4","1-3","DINHEIRO","outros","1","/","URL_PROVAVEL","0.1754","MONITOR","P2"
"aplicativos videos","1","75","1.33%","5","4-6","DINHEIRO","video","0.5","/videos","URL_PROVAVEL","0.1754","CTR+TITLE/META","P2"
"fotografia culinária","2","65","3.08%","3.88","4-6","DINHEIRO","gastronomia","1","/fotografo-corporativo/fotografia-gastronomica","URL_PROVAVEL","0.1752","MONITOR","P2"
"como tirar uma boa foto","1","173","0.58%","10","7-10","AUTORIDADE","outros","0.4","/blog","URL_PROVAVEL","0.1746","INTERNAL LINK (blog->money)","P2"
"poses para foto profissional","3","244","1.23%","1.33","1-3","DINHEIRO","foto-profissional","1","/foto-profissional","URL_PROVAVEL","0.1743","MONITOR","P2"
"programa para editar videos no celular","1","72","1.39%","5.22","4-6","DINHEIRO","edicao-apps","0.5","/blog","URL_PROVAVEL","0.1722","CTR+TITLE/META","P2"
"psicólogia das cores","0","546","0%","3.13","4-6","AUTORIDADE","outros","0.4","/blog","URL_PROVAVEL","0.1715","INTERNAL LINK (blog->money)","P2"
"foto de perfil empresarial","1","179","0.56%","1.61","1-3","DINHEIRO","foto-profissional","1","/foto-profissional","URL_PROVAVEL","0.1711","MONITOR","P2"
"fotos profissionais odontologia","2","46","4.35%","4.37","4-6","DINHEIRO","foto-profissional","1","/foto-profissional","URL_PROVAVEL","0.1706","CONTENT+INTERNAL LINK","P2"
"fotografia de retrato corporativo","1","1003","0.1%","22.8","21-50","DINHEIRO","retrato-executivo","1","/fotografia-executiva","URL_PROVAVEL","0.1678","CONTENT+CASE","P2"
"como ficar bem nas fotos","1","93","1.08%","8.86","7-10","DINHEIRO","outros","0.5","/","URL_PROVAVEL","0.1677","CTR+TITLE/META","P2"
"aplicativos de editar vídeo","1","67","1.49%","4.51","4-6","DINHEIRO","edicao-apps","0.5","/blog","URL_PROVAVEL","0.1668","CTR+TITLE/META","P2"
"dress code business casual masculino","1","103","0.97%","3.91","4-6","APOIO","outros","0.6","/blog","URL_PROVAVEL","0.1665","MONITOR","P2"
"fotógrafo corporativo são paulo","7","285","2.46%","1.79","1-3","DINHEIRO","fotografo-corporativo","1","/fotografo-corporativo","URL_PROVAVEL","0.166","MONITOR","P2"
"fotos de advocacia","1","157","0.64%","1.45","1-3","DINHEIRO","advocacia","1","/fotografia-para-advogados","URL_PROVAVEL","0.166","MONITOR","P2"
"foto perfil profissional feminino","1","153","0.65%","1.25","1-3","DINHEIRO","foto-profissional","1","/foto-profissional","URL_PROVAVEL","0.1651","MONITOR","P2"
"como editar fotos no lightroom","1","147","0.68%","8.61","7-10","AUTORIDADE","edicao-apps","0.4","/blog","URL_PROVAVEL","0.1648","INTERNAL LINK (blog->money)","P2"
"fundo para tirar foto","1","145","0.69%","7.43","7-10","AUTORIDADE","outros","0.4","/blog","URL_PROVAVEL","0.1639","INTERNAL LINK (blog->money)","P2"
"fundo profissional para fotos","2","168","1.19%","2.54","1-3","DINHEIRO","outros","1","/","URL_PROVAVEL","0.1629","MONITOR","P2"
"fotos profissionais para redes sociais","3","123","2.44%","4.24","4-6","DINHEIRO","foto-profissional","0.5","/foto-profissional","URL_PROVAVEL","0.1627","CTR+TITLE/META","P2"
"fotografia são paulo","2","138","1.45%","9.12","7-10","DINHEIRO","outros","0.5","/","URL_PROVAVEL","0.1624","CTR+TITLE/META","P2"
"perfil sem foto","11","13484","0.08%","1.2","1-3","DINHEIRO","outros","0.5","/","URL_PROVAVEL","0.1609","MONITOR","P2"
"ideias de foto profissional","1","135","0.74%","1.75","1-3","DINHEIRO","foto-profissional","1","/foto-profissional","URL_PROVAVEL","0.1602","MONITOR","P2"
"ensaio fotográfico feminino profissional","2","154","1.3%","2.7","1-3","DINHEIRO","outros","1","/","URL_PROVAVEL","0.1591","MONITOR","P2"
"pose profissional","1","131","0.76%","1.12","1-3","DINHEIRO","outros","1","/","URL_PROVAVEL","0.159","MONITOR","P2"
"fotografo para instagram","1","25","0.04%","4.8","4-6","DINHEIRO","outros","0.5","/","URL_PROVAVEL","0.1574","CTR+TITLE/META","P2"
"foto sem perfil","7","10497","0.07%","1.1","1-3","DINHEIRO","outros","0.5","/","URL_PROVAVEL","0.1568","MONITOR","P2"
"sem foto de perfil","5","10362","0.05%","1.3","1-3","DINHEIRO","foto-profissional","0.5","/foto-profissional","URL_PROVAVEL","0.1567","MONITOR","P2"
"empresa de fotografia","1","25","0.04%","13.88","11-15","DINHEIRO","outros","0.5","/","URL_PROVAVEL","0.1557","CTR+TITLE/META","P2"
"fotos de médicos","1","120","0.83%","1","1-3","DINHEIRO","saude","1","/fotos-profissionais-medicos","URL_PROVAVEL","0.1555","MONITOR","P2"
"fotografos","2","129","1.55%","9.4","7-10","DINHEIRO","fotografo-generico","0.5","/fotografo-corporativo","URL_PROVAVEL","0.155","CTR+TITLE/META","P2"
"psicologia das cores azul","1","363","0.28%","3.9","4-6","AUTORIDADE","outros","0.4","/blog","URL_PROVAVEL","0.1548","INTERNAL LINK (blog->money)","P2"
"poses para fotos corporativas","5","196","2.55%","1.31","1-3","DINHEIRO","fotografo-corporativo","1","/fotografo-corporativo","URL_PROVAVEL","0.1542","MONITOR","P2"
"o que é uma foto de perfil?","1","57","1.75%","5.86","4-6","DINHEIRO","foto-profissional","0.5","/foto-profissional","URL_PROVAVEL","0.1541","CTR+TITLE/META","P2"
"editar videos no celular","3","172","1.74%","6.6","7-10","DINHEIRO","edicao-apps","0.5","/blog","URL_PROVAVEL","0.1535","CTR+TITLE/META","P2"
"pose foto profissional","1","112","0.89%","1","1-3","DINHEIRO","foto-profissional","1","/foto-profissional","URL_PROVAVEL","0.1528","MONITOR","P2"
"poses para foto corporativa","1","112","0.89%","1.2","1-3","DINHEIRO","fotografo-corporativo","1","/fotografo-corporativo","URL_PROVAVEL","0.1528","MONITOR","P2"
"aplicativos editor de video","1","79","1.27%","6.39","7-10","DINHEIRO","video","0.5","/videos","URL_PROVAVEL","0.1528","CTR+TITLE/META","P2"
"aplicativos bons para editar vídeos","3","111","2.7%","4.69","4-6","DINHEIRO","edicao-apps","0.5","/blog","URL_PROVAVEL","0.1518","CTR+TITLE/META","P2"
"ensaio fotografico masculino","1","4","0.25%","6","4-6","DINHEIRO","outros","1","/","URL_PROVAVEL","0.1514","CTR+TITLE/META","P2"
"fundo foto profissional","3","149","2.01%","2.42","1-3","DINHEIRO","foto-profissional","1","/foto-profissional","URL_PROVAVEL","0.1513","MONITOR","P2"
"poses corporativas","2","127","1.57%","1.23","1-3","DINHEIRO","logistica","1","/fotografo-corporativo/fotografia-de-logistica","URL_PROVAVEL","0.1506","MONITOR","P2"
"fotos para perfil profissional feminino","1","106","0.94%","1.6","1-3","DINHEIRO","foto-profissional","1","/foto-profissional","URL_PROVAVEL","0.1506","MONITOR","P2"
"foto de perfil sem foto","4","7214","0.06%","1.1","1-3","DINHEIRO","foto-profissional","0.5","/foto-profissional","URL_PROVAVEL","0.1505","MONITOR","P2"
"poses para foto de perfil","1","316","0.32%","3.91","4-6","AUTORIDADE","foto-profissional","0.4","/foto-profissional","URL_PROVAVEL","0.1504","INTERNAL LINK (blog->money)","P2"
"fotos de sao paulo","1","127","0.79%","3.5","4-6","DINHEIRO","outros","0.5","/","URL_PROVAVEL","0.1487","MONITOR","P2"
"pose de foto profissional","1","101","0.99%","1","1-3","DINHEIRO","foto-profissional","1","/foto-profissional","URL_PROVAVEL","0.1486","MONITOR","P2"
"foto empresarial feminina","2","121","1.65%","1.36","1-3","DINHEIRO","outros","1","/","URL_PROVAVEL","0.1484","MONITOR","P2"
"fotos impressas","1","74","1.35%","8.85","7-10","DINHEIRO","outros","0.5","/","URL_PROVAVEL","0.1468","CTR+TITLE/META","P2"
"look para evento corporativo masculino","2","113","1.77%","2.33","1-3","DINHEIRO","eventos","1","/eventos-corporativos","URL_PROVAVEL","0.1452","MONITOR","P2"
"aplicativos para editar videos no celular","1","118","0.85%","3.23","4-6","DINHEIRO","edicao-apps","0.5","/blog","URL_PROVAVEL","0.1452","MONITOR","P2"
"cores que remetem a comida","1","91","1.1%","1.3","1-3","DINHEIRO","gastronomia","1","/fotografo-corporativo/fotografia-gastronomica","URL_PROVAVEL","0.1443","MONITOR","P2"
"fotografo são paulo","2","185","1.08%","10.72","11-15","DINHEIRO","fotografo-generico","0.5","/fotografo-corporativo","URL_PROVAVEL","0.1442","CTR+TITLE/META","P2"
"poses fotos corporativas","2","108","1.85%","1.28","1-3","DINHEIRO","fotografo-corporativo","1","/fotografo-corporativo","URL_PROVAVEL","0.1431","MONITOR","P2"
"posição para foto profissional","1","88","1.14%","1.81","1-3","DINHEIRO","foto-profissional","1","/foto-profissional","URL_PROVAVEL","0.1429","MONITOR","P2"
"melhores aplicativos para editar videos","1","110","0.91%","3.53","4-6","DINHEIRO","edicao-apps","0.5","/blog","URL_PROVAVEL","0.1419","MONITOR","P2"
"foto do linkedin","2","105","1.9%","2.39","1-3","DINHEIRO","linkedin","1","/foto-profissional-para-linkedin","URL_PROVAVEL","0.1418","MONITOR","P2"
"foto de medico","1","85","1.18%","2.12","1-3","DINHEIRO","saude","1","/fotos-profissionais-medicos","URL_PROVAVEL","0.1415","MONITOR","P2"
"apps de video","1","70","1.43%","6.44","7-10","DINHEIRO","edicao-apps","0.5","/blog","URL_PROVAVEL","0.1412","CTR+TITLE/META","P2"
"roupa para evento corporativo masculino","1","82","1.22%","2.44","1-3","DINHEIRO","eventos","1","/eventos-corporativos","URL_PROVAVEL","0.14","MONITOR","P2"
"foto medico profissional","2","101","1.98%","1.1","1-3","DINHEIRO","saude","1","/fotos-profissionais-medicos","URL_PROVAVEL","0.1399","MONITOR","P2"
"uma foto de uma comida","1","81","1.23%","1","1-3","DINHEIRO","gastronomia","1","/fotografo-corporativo/fotografia-gastronomica","URL_PROVAVEL","0.1396","MONITOR","P2"
"pose para foto corporativa","3","117","2.56%","1.1","1-3","DINHEIRO","fotografo-corporativo","1","/fotografo-corporativo","URL_PROVAVEL","0.1391","MONITOR","P2"
"foto profissional medico","1","78","1.28%","2.19","1-3","DINHEIRO","foto-profissional","1","/foto-profissional","URL_PROVAVEL","0.138","MONITOR","P2"
"foto para empresa","1","99","1.01%","3.68","4-6","DINHEIRO","outros","0.5","/","URL_PROVAVEL","0.1368","MONITOR","P2"
"poses de fotos","1","94","1.06%","6.54","7-10","AUTORIDADE","outros","0.4","/blog","URL_PROVAVEL","0.1353","INTERNAL LINK (blog->money)","P2"
"plano de fundo profissional","2","91","2.2%","2.81","1-3","DINHEIRO","outros","1","/","URL_PROVAVEL","0.1349","MONITOR","P2"
"exemplo de foto profissional","2","87","2.3%","1.2","1-3","DINHEIRO","foto-profissional","1","/foto-profissional","URL_PROVAVEL","0.1328","MONITOR","P2"
"pose elegante para foto","1","66","1.52%","5.89","4-6","AUTORIDADE","outros","0.4","/blog","URL_PROVAVEL","0.1323","INTERNAL LINK (blog->money)","P2"
"poses de foto profissional","1","68","1.47%","1.47","1-3","DINHEIRO","foto-profissional","1","/foto-profissional","URL_PROVAVEL","0.1322","MONITOR","P2"
"pose corporativa","1","67","1.49%","1","1-3","DINHEIRO","logistica","1","/fotografo-corporativo/fotografia-de-logistica","URL_PROVAVEL","0.1316","MONITOR","P2"
"como deve ser a foto do linkedin","1","65","1.54%","2.68","1-3","DINHEIRO","linkedin","1","/foto-profissional-para-linkedin","URL_PROVAVEL","0.1303","MONITOR","P2"
"cores corporativas","1","64","1.56%","1.31","1-3","DINHEIRO","logistica","1","/fotografo-corporativo/fotografia-de-logistica","URL_PROVAVEL","0.1296","MONITOR","P2"
"foto profissional medica","1","62","1.61%","2.2","1-3","DINHEIRO","foto-profissional","1","/foto-profissional","URL_PROVAVEL","0.1283","MONITOR","P2"
"fotos profissionais femininas","7","2086","0.34%","1.9","1-3","DINHEIRO","foto-profissional","0.5","/foto-profissional","URL_PROVAVEL","0.1275","MONITOR","P2"
"foto profissional de mulher","1","61","1.64%","1.3","1-3","DINHEIRO","foto-profissional","1","/foto-profissional","URL_PROVAVEL","0.1275","MONITOR","P2"
"fundo para foto de perfil profissional","2","77","2.6%","1.99","1-3","DINHEIRO","foto-profissional","1","/foto-profissional","URL_PROVAVEL","0.1267","MONITOR","P2"
"foto de perfil sem nada","0","1704","0%","1","1-3","DINHEIRO","foto-profissional","0.5","/foto-profissional","URL_PROVAVEL","0.1265","MONITOR","P2"
"posição para foto","1","41","2.44%","5.8","4-6","DINHEIRO","outros","0.5","/","URL_PROVAVEL","0.1262","CTR+TITLE/META","P2"
"plano de fundo para foto","2","25","0.08%","7.2","7-10","AUTORIDADE","outros","0.4","/blog","URL_PROVAVEL","0.1243","INTERNAL LINK (blog->money)","P2"
"lugares para fotos","1","58","1.72%","6.45","7-10","DINHEIRO","lugares-fotografar","0.5","/blog","URL_PROVAVEL","0.1223","CTR+TITLE/META","P2"
"apps para criar videos","1","58","1.72%","6.71","7-10","DINHEIRO","edicao-apps","0.5","/blog","URL_PROVAVEL","0.1223","CTR+TITLE/META","P2"
"posicionamento de imagem profissional","1","54","1.85%","2.65","1-3","DINHEIRO","outros","1","/","URL_PROVAVEL","0.1222","MONITOR","P2"
"poses para fotos executivas masculinas","1","54","1.85%","3","1-3","DINHEIRO","outros","1","/","URL_PROVAVEL","0.1222","MONITOR","P2"
"app para editar video","23","6381","0.36%","5.61","4-6","INFORMATIVA","edicao-apps","0.15","/blog","URL_PROVAVEL","0.1219","MONITOR","P2"
"foto e vídeo para evento corporativo","1","21","4.76%","5.38","4-6","DINHEIRO","eventos","1","/eventos-corporativos","URL_PROVAVEL","0.1216","CONTENT+INTERNAL LINK","P2"
"foto do perfil","2","1331","0.15%","1.4","1-3","DINHEIRO","outros","0.5","/","URL_PROVAVEL","0.1213","MONITOR","P2"
"poses para foto profissional homem","1","52","1.92%","1.12","1-3","DINHEIRO","foto-profissional","1","/foto-profissional","URL_PROVAVEL","0.1206","MONITOR","P2"
"editor de videos para celular","1","57","1.75%","9.68","7-10","DINHEIRO","video","0.5","/videos","URL_PROVAVEL","0.1205","CTR+TITLE/META","P2"
"fotos profissionais advogados","1","34","2.94%","6.59","7-10","DINHEIRO","foto-profissional","1","/foto-profissional","URL_PROVAVEL","0.1197","CONTENT+INTERNAL LINK","P3"
"fotografia para eventos corporativos","1","34","2.94%","7.15","7-10","DINHEIRO","eventos","1","/eventos-corporativos","URL_PROVAVEL","0.1197","CONTENT+INTERNAL LINK","P3"
"aplicativo para editar video","19","5243","0.36%","5.67","4-6","INFORMATIVA","edicao-apps","0.15","/blog","URL_PROVAVEL","0.1192","MONITOR","P3"
"ensaio fotografia profissional","1","5","0.2%","3.4","4-6","DINHEIRO","foto-profissional","1","/foto-profissional","URL_PROVAVEL","0.1188","MONITOR","P3"
"ensaios corporativos femininos","3","54","5.56%","4.59","4-6","DINHEIRO","outros","1","/","URL_PROVAVEL","0.1187","CONTENT+INTERNAL LINK","P3"
"onde tirar foto na avenida paulista","1","56","1.79%","7","7-10","DINHEIRO","outros","0.5","/","URL_PROVAVEL","0.1183","CTR+TITLE/META","P3"
"fotos medico","1","48","2.08%","1.46","1-3","DINHEIRO","saude","1","/fotos-profissionais-medicos","URL_PROVAVEL","0.117","MONITOR","P3"
"aplicativo de vídeo","7","4056","0.17%","6.27","7-10","INFORMATIVA","edicao-apps","0.15","/blog","URL_PROVAVEL","0.1165","MONITOR","P3"
"png","4","3617","0.11%","9.4","7-10","INFORMATIVA","outros","0.15","/blog","URL_PROVAVEL","0.1165","MONITOR","P3"
"lugares para ensaio de 15 anos","1","26","3.85%","3.54","4-6","DINHEIRO","lugares-fotografar","1","/blog","URL_PROVAVEL","0.1163","MONITOR","P3"
"lei de direitos autorais de imagem","1","46","2.17%","8.4","7-10","APOIO","direitos-uso","0.6","/faq","URL_PROVAVEL","0.1162","CTR+TITLE/META","P3"
"aplicativo de fazer vídeo","6","3703","0.16%","7.11","7-10","INFORMATIVA","edicao-apps","0.15","/blog","URL_PROVAVEL","0.1155","MONITOR","P3"
"dress code masculino","13","610","2.13%","2.86","1-3","APOIO","outros","0.6","/blog","URL_PROVAVEL","0.1154","MONITOR","P3"
"aplicativo de editar vídeo","6","3306","0.18%","5.61","4-6","INFORMATIVA","edicao-apps","0.15","/blog","URL_PROVAVEL","0.1154","MONITOR","P3"
"o melhor editor de vídeo para celular","1","54","1.85%","8.19","7-10","DINHEIRO","video","0.5","/videos","URL_PROVAVEL","0.1146","CTR+TITLE/META","P3"
"melhores apps para editar vídeos","1","36","2.78%","4.64","4-6","DINHEIRO","edicao-apps","0.5","/blog","URL_PROVAVEL","0.1144","CTR+TITLE/META","P3"
"como liberar espaço no icloud","5","3352","0.15%","7.16","7-10","INFORMATIVA","edicao-apps","0.15","/blog","URL_PROVAVEL","0.1143","MONITOR","P3"
"dicas de fotos profissionais","1","64","1.56%","3.16","4-6","DINHEIRO","foto-profissional","0.5","/foto-profissional","URL_PROVAVEL","0.1142","MONITOR","P3"
"aplicativos para edição de videos","1","64","1.56%","3.59","4-6","DINHEIRO","edicao-apps","0.5","/blog","URL_PROVAVEL","0.1142","MONITOR","P3"
"prato de comida bem bonito","1","45","2.22%","1","1-3","DINHEIRO","gastronomia","1","/fotografo-corporativo/fotografia-gastronomica","URL_PROVAVEL","0.1141","MONITOR","P3"
"apps para video","1","10","0.1%","6.8","7-10","DINHEIRO","edicao-apps","0.5","/blog","URL_PROVAVEL","0.1139","CTR+TITLE/META","P3"
"impressão de foto na hora","1","10","0.1%","7","7-10","DINHEIRO","totem-foto","0.5","/fotografo-corporativo/totem-fotografico","URL_PROVAVEL","0.1139","CTR+TITLE/META","P3"
"imagem sem foto de perfil","1","846","0.12%","1","1-3","DINHEIRO","foto-profissional","0.5","/foto-profissional","URL_PROVAVEL","0.1138","MONITOR","P3"
"fotografia empresarial","2","785","0.25%","23.4","21-50","DINHEIRO","outros","1","/","URL_PROVAVEL","0.1133","CONTENT+CASE","P3"
"dress code social masculino","5","383","1.31%","2.43","1-3","APOIO","outros","0.6","/blog","URL_PROVAVEL","0.1126","MONITOR","P3"
"melhores apps para edição de video","2","92","2.17%","3.49","4-6","DINHEIRO","edicao-apps","0.5","/blog","URL_PROVAVEL","0.1123","MONITOR","P3"
"foto na hora","2","91","2.2%","6.51","7-10","DINHEIRO","totem-foto","0.5","/fotografo-corporativo/totem-fotografico","URL_PROVAVEL","0.1122","CTR+TITLE/META","P3"
"aplicativo para editar fotos","0","2197","0%","11.84","11-15","INFORMATIVA","edicao-apps","0.15","/blog","URL_PROVAVEL","0.1121","MONITOR","P3"
"imagem de perfil sem foto","0","720","0%","1","1-3","DINHEIRO","outros","0.5","/","URL_PROVAVEL","0.1119","MONITOR","P3"
"foto perfil sem foto","0","720","0%","1.3","1-3","DINHEIRO","outros","0.5","/","URL_PROVAVEL","0.1119","MONITOR","P3"
"ensaio fotografico dentista","3","62","4.84%","3.39","4-6","DINHEIRO","saude","1","/fotos-profissionais-medicos","URL_PROVAVEL","0.1113","MONITOR","P3"
"pose para foto de perfil profissional","1","42","2.38%","1.81","1-3","DINHEIRO","foto-profissional","1","/foto-profissional","URL_PROVAVEL","0.111","MONITOR","P3"
"posicionamento","2","2341","0.09%","9.91","7-10","INFORMATIVA","outros","0.15","/blog","URL_PROVAVEL","0.1108","MONITOR","P3"
"networking ou network","2","2505","0.08%","10.44","11-15","INFORMATIVA","outros","0.15","/blog","URL_PROVAVEL","0.1104","MONITOR","P3"
"app de video","2","2211","0.09%","7.2","7-10","INFORMATIVA","edicao-apps","0.15","/blog","URL_PROVAVEL","0.11","MONITOR","P3"
"jpg ou png","0","1891","0%","5.62","4-6","INFORMATIVA","outros","0.15","/blog","URL_PROVAVEL","0.1099","MONITOR","P3"
"app de edição de video","9","3131","0.29%","6.44","7-10","INFORMATIVA","edicao-apps","0.15","/blog","URL_PROVAVEL","0.1097","MONITOR","P3"
"alexandre fotografo","1","34","2.94%","6","4-6","DINHEIRO","outros","0.5","/","URL_PROVAVEL","0.1092","CTR+TITLE/META","P3"
"poses politicas","1","46","2.17%","5.13","4-6","AUTORIDADE","outros","0.4","/blog","URL_PROVAVEL","0.109","INTERNAL LINK (blog->money)","P3"
"fotos para advogados","3","68","4.41%","2.21","1-3","DINHEIRO","advocacia","1","/fotografia-para-advogados","URL_PROVAVEL","0.1087","MONITOR","P3"
"png ou jpg","1","1802","0.06%","5.96","4-6","INFORMATIVA","outros","0.15","/blog","URL_PROVAVEL","0.1084","MONITOR","P3"
"armazenamento icloud","2","2001","0.1%","7.67","7-10","INFORMATIVA","edicao-apps","0.15","/blog","URL_PROVAVEL","0.1083","MONITOR","P3"
"aplicativo para fazer vídeo","4","2264","0.18%","8.3","7-10","INFORMATIVA","edicao-apps","0.15","/blog","URL_PROVAVEL","0.1081","MONITOR","P3"
"fotos profissionais medico","1","39","2.56%","2.36","1-3","DINHEIRO","foto-profissional","1","/foto-profissional","URL_PROVAVEL","0.1076","MONITOR","P3"
"foto sem foto de perfil","0","556","0%","1","1-3","DINHEIRO","foto-profissional","0.5","/foto-profissional","URL_PROVAVEL","0.1075","MONITOR","P3"
"jpeg","3","1975","0.15%","8.94","7-10","INFORMATIVA","outros","0.15","/blog","URL_PROVAVEL","0.1069","MONITOR","P3"
"o que é jpg","0","1475","0%","9.64","7-10","INFORMATIVA","outros","0.15","/blog","URL_PROVAVEL","0.1063","MONITOR","P3"
"foto profissional escritorio","2","52","3.85%","1.1","1-3","DINHEIRO","foto-profissional","1","/foto-profissional","URL_PROVAVEL","0.1061","MONITOR","P3"
"o que é png","0","1349","0%","9.65","7-10","INFORMATIVA","outros","0.15","/blog","URL_PROVAVEL","0.105","MONITOR","P3"
"aplicativo para editar vídeo","10","2084","0.48%","4.98","4-6","INFORMATIVA","edicao-apps","0.15","/blog","URL_PROVAVEL","0.1047","MONITOR","P3"
"como limpar o icloud do iphone","1","1480","0.07%","7.42","7-10","INFORMATIVA","edicao-apps","0.15","/blog","URL_PROVAVEL","0.1047","MONITOR","P3"
"foto profissonal","1","54","1.85%","3.4","4-6","DINHEIRO","outros","0.5","/","URL_PROVAVEL","0.1047","MONITOR","P3"
"app para criar videos","0","1324","0%","8.82","7-10","INFORMATIVA","edicao-apps","0.15","/blog","URL_PROVAVEL","0.1047","MONITOR","P3"
"aplicativo de vídeos","2","1480","0.14%","5.9","4-6","INFORMATIVA","edicao-apps","0.15","/blog","URL_PROVAVEL","0.1045","MONITOR","P3"
"comprei armazenamento no icloud e continua cheio","1","1534","0.07%","10.45","11-15","INFORMATIVA","edicao-apps","0.15","/blog","URL_PROVAVEL","0.1039","MONITOR","P3"
"como ter mais armazenamento no iphone","0","1245","0%","9.37","7-10","INFORMATIVA","edicao-apps","0.15","/blog","URL_PROVAVEL","0.1039","MONITOR","P3"
"formato png","1","1340","0.07%","8.12","7-10","INFORMATIVA","outros","0.15","/blog","URL_PROVAVEL","0.1033","MONITOR","P3"
"fotos de perfil de linkedin","1","20","0.05%","1.65","1-3","DINHEIRO","foto-profissional","1","/foto-profissional","URL_PROVAVEL","0.1032","MONITOR","P3"
"aplicativo de editar fotos","0","1185","0%","8.83","7-10","INFORMATIVA","edicao-apps","0.15","/blog","URL_PROVAVEL","0.1031","MONITOR","P3"
"fundos para fotos de perfil","4","181","2.21%","7.82","7-10","AUTORIDADE","foto-profissional","0.4","/foto-profissional","URL_PROVAVEL","0.1029","INTERNAL LINK (blog->money)","P3"
"foto formal","2","485","0.41%","2.9","1-3","DINHEIRO","outros","0.5","/","URL_PROVAVEL","0.1028","MONITOR","P3"
"dress code casual masculino","1","178","0.56%","2.46","1-3","APOIO","outros","0.6","/blog","URL_PROVAVEL","0.1025","MONITOR","P3"
"fundo corporativo para fotos","1","35","2.86%","1.46","1-3","DINHEIRO","outros","1","/","URL_PROVAVEL","0.1025","MONITOR","P3"
"ideias de fotos profissionais","1","440","0.23%","2.68","1-3","DINHEIRO","foto-profissional","0.5","/foto-profissional","URL_PROVAVEL","0.1022","MONITOR","P3"
"fotos de bebidas para perfil","2","468","0.43%","1.1","1-3","DINHEIRO","outros","0.5","/","URL_PROVAVEL","0.1021","MONITOR","P3"
"foto das cores","1","435","0.23%","1.3","1-3","DINHEIRO","outros","0.5","/","URL_PROVAVEL","0.102","MONITOR","P3"
"como limpar icloud","0","1086","0%","7.68","7-10","INFORMATIVA","edicao-apps","0.15","/blog","URL_PROVAVEL","0.1019","MONITOR","P3"
"png ou jpg tem mais qualidade","0","1085","0%","5.33","4-6","INFORMATIVA","outros","0.15","/blog","URL_PROVAVEL","0.1019","MONITOR","P3"
"fotos","1","48","2.08%","8.23","7-10","DINHEIRO","outros","0.5","/","URL_PROVAVEL","0.1017","CTR+TITLE/META","P3"
"app para editar vídeos grátis","26","3772","0.69%","7.25","7-10","INFORMATIVA","edicao-apps","0.15","/blog","URL_PROVAVEL","0.1016","MONITOR","P3"
"fotos icloud","0","1053","0%","7.96","7-10","INFORMATIVA","edicao-apps","0.15","/blog","URL_PROVAVEL","0.1014","MONITOR","P3"
"foto do perfil sem foto","1","417","0.24%","1","1-3","DINHEIRO","outros","0.5","/","URL_PROVAVEL","0.1012","MONITOR","P3"
"pose para foto empresarial","1","34","2.94%","1","1-3","DINHEIRO","outros","1","/","URL_PROVAVEL","0.1011","MONITOR","P3"
"aplicativo para editar vídeos","3","1269","0.24%","5.44","4-6","INFORMATIVA","edicao-apps","0.15","/blog","URL_PROVAVEL","0.101","MONITOR","P3"
"dress code casual chic masculino","1","166","0.6%","2.75","1-3","APOIO","outros","0.6","/blog","URL_PROVAVEL","0.1009","MONITOR","P3"
"jpeg ou png","0","1012","0%","4.1","4-6","INFORMATIVA","outros","0.15","/blog","URL_PROVAVEL","0.1008","MONITOR","P3"
"como editar fotos profissionais","1","60","1.67%","8.12","7-10","AUTORIDADE","edicao-apps","0.4","/blog","URL_PROVAVEL","0.1005","INTERNAL LINK (blog->money)","P3"
"melhor horario para postar no domingo","0","975","0%","10.26","11-15","INFORMATIVA","outros","0.15","/blog","URL_PROVAVEL","0.1003","MONITOR","P3"
"ensaio fotográfico perto de mim","1","2","0.5%","6","4-6","DINHEIRO","outros","1","/","URL_PROVAVEL","0.1","CTR+TITLE/META","P3"
"aplicativos para editar fotos","0","941","0%","24.46","21-50","DINHEIRO","edicao-apps","0.5","/blog","URL_PROVAVEL","0.0998","CONTENT+CASE","P3"
"app editor de video","3","1312","0.23%","7.5","7-10","INFORMATIVA","edicao-apps","0.15","/blog","URL_PROVAVEL","0.0993","MONITOR","P3"
"como esvaziar o icloud do iphone","0","908","0%","6.81","7-10","INFORMATIVA","edicao-apps","0.15","/blog","URL_PROVAVEL","0.0993","MONITOR","P3"
"app de editar video","7","1380","0.51%","5.97","4-6","INFORMATIVA","edicao-apps","0.15","/blog","URL_PROVAVEL","0.0986","MONITOR","P3"
"fotos de clínicas","1","32","3.12%","1","1-3","DINHEIRO","saude","1","/fotos-profissionais-medicos","URL_PROVAVEL","0.0983","MONITOR","P3"
"fotos profissionais medica","1","32","3.12%","2.6","1-3","DINHEIRO","foto-profissional","1","/foto-profissional","URL_PROVAVEL","0.0983","MONITOR","P3"
"traje passeio masculino","0","847","0%","4.65","4-6","INFORMATIVA","outros","0.15","/blog","URL_PROVAVEL","0.0982","MONITOR","P3"
"roupa para foto profissional","2","45","4.44%","2.69","1-3","DINHEIRO","foto-profissional","1","/foto-profissional","URL_PROVAVEL","0.0981","MONITOR","P3"
"como usar o icloud para liberar espaço no iphone","0","823","0%","10.23","11-15","INFORMATIVA","edicao-apps","0.15","/blog","URL_PROVAVEL","0.0978","MONITOR","P3"
"como limpar o icloud","4","1319","0.3%","7.24","7-10","INFORMATIVA","edicao-apps","0.15","/blog","URL_PROVAVEL","0.0977","MONITOR","P3"
"formato jpg","0","773","0%","8.16","7-10","INFORMATIVA","outros","0.15","/blog","URL_PROVAVEL","0.0969","MONITOR","P3"
"sem foto perfil","1","325","0.31%","1","1-3","DINHEIRO","outros","0.5","/","URL_PROVAVEL","0.0967","MONITOR","P3"
"lugar de fotos","1","47","2.13%","3.6","4-6","DINHEIRO","outros","0.5","/","URL_PROVAVEL","0.0966","MONITOR","P3"
"png ou jpeg","0","741","0%","4.65","4-6","INFORMATIVA","outros","0.15","/blog","URL_PROVAVEL","0.0963","MONITOR","P3"
"aplicativo para fazer vídeos","2","997","0.2%","6.94","7-10","INFORMATIVA","edicao-apps","0.15","/blog","URL_PROVAVEL","0.0961","MONITOR","P3"
"vestuario masculino","0","721","0%","6.16","7-10","INFORMATIVA","outros","0.15","/blog","URL_PROVAVEL","0.0959","MONITOR","P3"
"aplicativo de vídeo grátis","1","860","0.12%","8.35","7-10","INFORMATIVA","edicao-apps","0.15","/blog","URL_PROVAVEL","0.0958","MONITOR","P3"
"aplicativo para editar","1","844","0.12%","6.16","7-10","INFORMATIVA","edicao-apps","0.15","/blog","URL_PROVAVEL","0.0956","MONITOR","P3"
"aplicativo para criar videos","3","1076","0.28%","9.14","7-10","INFORMATIVA","edicao-apps","0.15","/blog","URL_PROVAVEL","0.0954","MONITOR","P3"
"quais são os melhores aplicativos para editar vídeos","1","46","2.17%","3.72","4-6","DINHEIRO","edicao-apps","0.5","/blog","URL_PROVAVEL","0.0954","MONITOR","P3"
"poses para fotos de perfil profissional","1","30","3.33%","1.93","1-3","DINHEIRO","foto-profissional","1","/foto-profissional","URL_PROVAVEL","0.0951","MONITOR","P3"
"aplicativo de video","6","1362","0.44%","7.32","7-10","INFORMATIVA","edicao-apps","0.15","/blog","URL_PROVAVEL","0.0949","MONITOR","P3"
"qual o melhor aplicativo para editar vídeos","1","752","0.13%","4.21","4-6","INFORMATIVA","edicao-apps","0.15","/blog","URL_PROVAVEL","0.0949","MONITOR","P3"
"app de videos","3","1050","0.29%","7.32","7-10","INFORMATIVA","edicao-apps","0.15","/blog","URL_PROVAVEL","0.0948","MONITOR","P3"
"melhores aplicativos para edição de vídeo","1","291","0.34%","2.89","1-3","DINHEIRO","edicao-apps","0.5","/blog","URL_PROVAVEL","0.0947","MONITOR","P3"
"app de fazer video","2","920","0.22%","6.91","7-10","INFORMATIVA","edicao-apps","0.15","/blog","URL_PROVAVEL","0.0946","MONITOR","P3"
"fotos de empresa","3","342","0.88%","1.1","1-3","DINHEIRO","outros","0.5","/","URL_PROVAVEL","0.0944","MONITOR","P3"
"impressas","0","644","0%","7.46","7-10","INFORMATIVA","outros","0.15","/blog","URL_PROVAVEL","0.0943","MONITOR","P3"
"aplicativo para fazer video","0","615","0%","7.45","7-10","INFORMATIVA","edicao-apps","0.15","/blog","URL_PROVAVEL","0.0936","MONITOR","P3"
"aplicativo de edição","5","1184","0.42%","6.88","7-10","INFORMATIVA","edicao-apps","0.15","/blog","URL_PROVAVEL","0.0935","MONITOR","P3"
"foto profissional empresarial","1","29","3.45%","1.17","1-3","DINHEIRO","foto-profissional","1","/foto-profissional","URL_PROVAVEL","0.0935","MONITOR","P3"
"ensaio corporativo dentista","1","29","3.45%","2.55","1-3","DINHEIRO","foto-profissional","1","/foto-profissional","URL_PROVAVEL","0.0935","MONITOR","P3"
"app video","3","979","0.31%","6.78","7-10","INFORMATIVA","edicao-apps","0.15","/blog","URL_PROVAVEL","0.0934","MONITOR","P3"
"retrato corporativo","3","952","0.32%","25.64","21-50","DINHEIRO","retrato-executivo","1","/fotografia-executiva","URL_PROVAVEL","0.0933","CONTENT+CASE","P3"
"cores intermediárias","0","590","0%","8.65","7-10","INFORMATIVA","outros","0.15","/blog","URL_PROVAVEL","0.093","MONITOR","P3"
"icloud armazenamento","1","719","0.14%","9.14","7-10","INFORMATIVA","edicao-apps","0.15","/blog","URL_PROVAVEL","0.0929","MONITOR","P3"
"fotos profissionais para perfil feminino","1","261","0.38%","1.14","1-3","DINHEIRO","foto-profissional","0.5","/foto-profissional","URL_PROVAVEL","0.0927","MONITOR","P3"
"fotografo sp","1","72","1.39%","14.17","11-15","DINHEIRO","fotografo-generico","0.5","/fotografo-corporativo","URL_PROVAVEL","0.0925","CONTENT+INTERNAL LINK","P3"
"aplicativo de edição de video","9","1505","0.6%","6.2","7-10","INFORMATIVA","edicao-apps","0.15","/blog","URL_PROVAVEL","0.0924","MONITOR","P3"
"como liberar espaço no icloud de graça","1","687","0.15%","7.42","7-10","INFORMATIVA","edicao-apps","0.15","/blog","URL_PROVAVEL","0.092","MONITOR","P3"
"lugares bonitos para tirar fotos perto de mim","1","44","2.27%","6.2","7-10","DINHEIRO","outros","0.5","/","URL_PROVAVEL","0.0916","CONTENT+INTERNAL LINK","P3"
"app para fazer video","3","877","0.34%","7.22","7-10","INFORMATIVA","edicao-apps","0.15","/blog","URL_PROVAVEL","0.0913","MONITOR","P3"
"aplicativo para videos","2","753","0.27%","7.2","7-10","INFORMATIVA","edicao-apps","0.15","/blog","URL_PROVAVEL","0.0907","MONITOR","P3"
"aplicativo de edição de vídeo","1","634","0.16%","7.3","7-10","INFORMATIVA","edicao-apps","0.15","/blog","URL_PROVAVEL","0.0907","MONITOR","P3"
"app para editar vídeos","1","578","0.17%","5.48","4-6","INFORMATIVA","edicao-apps","0.15","/blog","URL_PROVAVEL","0.0907","MONITOR","P3"
"aplicativos de fotografia","0","503","0%","39.58","21-50","DINHEIRO","outros","0.5","/","URL_PROVAVEL","0.0907","MONITOR","P3"
"traje dress code masculino","5","185","2.7%","1.86","1-3","APOIO","outros","0.6","/blog","URL_PROVAVEL","0.0906","MONITOR","P3"
"icloud drive ocupando espaço no iphone","1","625","0.16%","9.59","7-10","INFORMATIVA","edicao-apps","0.15","/blog","URL_PROVAVEL","0.0905","MONITOR","P3"
"app para videos","3","701","0.43%","5.55","4-6","INFORMATIVA","edicao-apps","0.15","/blog","URL_PROVAVEL","0.0904","MONITOR","P3"
"melhor aplicativo para editar videos","8","987","0.81%","4.1","4-6","INFORMATIVA","edicao-apps","0.15","/blog","URL_PROVAVEL","0.0903","MONITOR","P3"
"app edição de video","0","476","0%","6.77","7-10","INFORMATIVA","edicao-apps","0.15","/blog","URL_PROVAVEL","0.0899","MONITOR","P3"
"aplicativo de editar","2","706","0.28%","6.38","7-10","INFORMATIVA","edicao-apps","0.15","/blog","URL_PROVAVEL","0.0896","MONITOR","P3"
"foto de busto exemplo","1","222","0.45%","1.22","1-3","DINHEIRO","outros","0.5","/","URL_PROVAVEL","0.0896","MONITOR","P3"
"aplicativo para montar video","1","585","0.17%","7.14","7-10","INFORMATIVA","edicao-apps","0.15","/blog","URL_PROVAVEL","0.0894","MONITOR","P3"
"aplicativos de edição","1","532","0.19%","5.56","4-6","INFORMATIVA","outros","0.15","/blog","URL_PROVAVEL","0.0893","MONITOR","P3"
"icloud cheio o que fazer","4","873","0.46%","6.3","7-10","INFORMATIVA","edicao-apps","0.15","/blog","URL_PROVAVEL","0.0886","MONITOR","P3"
"aplicativo para editar videos","1","510","0.2%","5.66","4-6","INFORMATIVA","edicao-apps","0.15","/blog","URL_PROVAVEL","0.0886","MONITOR","P3"
"melhores apps para edicao de videos","1","41","2.44%","3.44","4-6","DINHEIRO","edicao-apps","0.5","/blog","URL_PROVAVEL","0.0883","MONITOR","P3"
"direitos autorais fotografia","3","75","0.04%","1.67","1-3","APOIO","direitos-uso","0.6","/faq","URL_PROVAVEL","0.0881","MONITOR","P3"
"foto evento corporativo","1","26","3.85%","1.96","1-3","DINHEIRO","eventos","1","/eventos-corporativos","URL_PROVAVEL","0.0881","MONITOR","P3"
"app para fazer videos","2","655","0.31%","7.84","7-10","INFORMATIVA","edicao-apps","0.15","/blog","URL_PROVAVEL","0.088","MONITOR","P3"
"fotos profissionais mulher","1","201","0.5%","1.3","1-3","DINHEIRO","foto-profissional","0.5","/foto-profissional","URL_PROVAVEL","0.0877","MONITOR","P3"
"melhor app para editar videos","17","1306","1.3%","4.11","4-6","INFORMATIVA","edicao-apps","0.15","/blog","URL_PROVAVEL","0.0876","MONITOR","P3"
"aplicativo de editar vídeos","1","477","0.21%","5.1","4-6","INFORMATIVA","edicao-apps","0.15","/blog","URL_PROVAVEL","0.0875","MONITOR","P3"
"aplicativo editor de video","5","911","0.55%","7.22","7-10","INFORMATIVA","edicao-apps","0.15","/blog","URL_PROVAVEL","0.0872","MONITOR","P3"
"foto empresa","1","192","0.52%","2.39","1-3","DINHEIRO","outros","0.5","/","URL_PROVAVEL","0.0869","MONITOR","P3"
"app para edição de videos","1","456","0.22%","5.45","4-6","INFORMATIVA","edicao-apps","0.15","/blog","URL_PROVAVEL","0.0868","MONITOR","P3"
"fundos para foto de perfil","1","51","1.96%","6.25","7-10","AUTORIDADE","foto-profissional","0.4","/foto-profissional","URL_PROVAVEL","0.0867","INTERNAL LINK (blog->money)","P3"
"app para editar videos","11","988","1.11%","4.73","4-6","INFORMATIVA","edicao-apps","0.15","/blog","URL_PROVAVEL","0.0865","MONITOR","P3"
"lugares para ensaio fotográfico em sp","6","79","7.59%","2.43","1-3","DINHEIRO","lugares-fotografar","1","/blog","URL_PROVAVEL","0.0862","MONITOR","P3"
"app de edicao","2","500","0.4%","5.56","4-6","INFORMATIVA","edicao-apps","0.15","/blog","URL_PROVAVEL","0.0861","MONITOR","P3"
"apps de vídeos","1","42","2.38%","6.69","7-10","DINHEIRO","edicao-apps","0.5","/blog","URL_PROVAVEL","0.0861","CONTENT+INTERNAL LINK","P3"
"aplicações para fazer videos","1","42","2.38%","7.69","7-10","DINHEIRO","video","0.5","/videos","URL_PROVAVEL","0.0861","CONTENT+INTERNAL LINK","P3"
"aplicativo para editar videos gratis","1","485","0.21%","7.6","7-10","INFORMATIVA","edicao-apps","0.15","/blog","URL_PROVAVEL","0.0859","MONITOR","P3"
"qual o melhor aplicativo para editar vídeo","1","433","0.23%","4.12","4-6","INFORMATIVA","edicao-apps","0.15","/blog","URL_PROVAVEL","0.0859","MONITOR","P3"
"looks para fotos profissionais","2","207","0.97%","2.23","1-3","DINHEIRO","foto-profissional","0.5","/foto-profissional","URL_PROVAVEL","0.0858","MONITOR","P3"
"dress code homem","1","88","1.14%","2.26","1-3","APOIO","outros","0.6","/blog","URL_PROVAVEL","0.0858","MONITOR","P3"
"qual o melhor app para editar videos","1","423","0.24%","4.11","4-6","INFORMATIVA","edicao-apps","0.15","/blog","URL_PROVAVEL","0.0855","MONITOR","P3"
"modelo de fotos profissionais","1","175","0.57%","1.53","1-3","DINHEIRO","foto-profissional","0.5","/foto-profissional","URL_PROVAVEL","0.0851","MONITOR","P3"
"qual melhor app para editar videos","5","639","0.78%","4.41","4-6","INFORMATIVA","edicao-apps","0.15","/blog","URL_PROVAVEL","0.085","MONITOR","P3"
"poses para fotos profissionais","9","786","1.15%","1.62","1-3","AUTORIDADE","foto-profissional","0.4","/foto-profissional","URL_PROVAVEL","0.0849","INTERNAL LINK (blog->money)","P3"
"apps video","1","5","0.2%","6","4-6","DINHEIRO","edicao-apps","0.5","/blog","URL_PROVAVEL","0.0848","CTR+TITLE/META","P3"
"icloud cheio","1","451","0.22%","6.17","7-10","INFORMATIVA","edicao-apps","0.15","/blog","URL_PROVAVEL","0.0847","MONITOR","P3"
"aplicativo editar video","1","450","0.22%","6.4","7-10","INFORMATIVA","edicao-apps","0.15","/blog","URL_PROVAVEL","0.0847","MONITOR","P3"
"aplicativo para edição de video","2","550","0.36%","6.9","7-10","INFORMATIVA","edicao-apps","0.15","/blog","URL_PROVAVEL","0.0846","MONITOR","P3"
"app para montar videos","1","447","0.22%","6.21","7-10","INFORMATIVA","edicao-apps","0.15","/blog","URL_PROVAVEL","0.0846","MONITOR","P3"
"app editar video","5","624","0.8%","4.9","4-6","INFORMATIVA","edicao-apps","0.15","/blog","URL_PROVAVEL","0.0844","MONITOR","P3"
"fotos eventos corporativos","1","24","4.17%","1.21","1-3","DINHEIRO","eventos","1","/eventos-corporativos","URL_PROVAVEL","0.0841","MONITOR","P3"
"app edicao video","2","534","0.37%","6.15","7-10","INFORMATIVA","edicao-apps","0.15","/blog","URL_PROVAVEL","0.084","MONITOR","P3"
"melhor aplicativo de edição","1","387","0.26%","5.41","4-6","INFORMATIVA","edicao-apps","0.15","/blog","URL_PROVAVEL","0.084","MONITOR","P3"
"comprei memoria no icloud e a memoria continua cheia","1","505","0.2%","10.5","11-15","INFORMATIVA","edicao-apps","0.15","/blog","URL_PROVAVEL","0.0835","MONITOR","P3"
"app videos","4","542","0.74%","5.7","4-6","INFORMATIVA","edicao-apps","0.15","/blog","URL_PROVAVEL","0.0833","MONITOR","P3"
"fotos para escritorio","1","5","0.2%","6.2","7-10","DINHEIRO","outros","0.5","/","URL_PROVAVEL","0.0832","CTR+TITLE/META","P3"
"aplicativo de fotos e vídeos","1","411","0.24%","7.95","7-10","INFORMATIVA","edicao-apps","0.15","/blog","URL_PROVAVEL","0.0831","MONITOR","P3"
"app para edicao de video","2","511","0.39%","6.6","7-10","INFORMATIVA","edicao-apps","0.15","/blog","URL_PROVAVEL","0.083","MONITOR","P3"
"exemplos de fotos profissionais","1","153","0.65%","1.35","1-3","DINHEIRO","foto-profissional","0.5","/foto-profissional","URL_PROVAVEL","0.0825","MONITOR","P3"
"look para fotos profissionais","1","151","0.66%","2.69","1-3","DINHEIRO","foto-profissional","0.5","/foto-profissional","URL_PROVAVEL","0.0823","MONITOR","P3"
"jpeg ou png qual tem mais qualidade","1","347","0.29%","4.2","4-6","INFORMATIVA","outros","0.15","/blog","URL_PROVAVEL","0.0822","MONITOR","P3"
"qual é o melhor aplicativo para editar vídeos","3","458","0.66%","4.4","4-6","INFORMATIVA","edicao-apps","0.15","/blog","URL_PROVAVEL","0.0819","MONITOR","P3"
"app para editar vídeo","2","482","0.41%","6.24","7-10","INFORMATIVA","edicao-apps","0.15","/blog","URL_PROVAVEL","0.0818","MONITOR","P3"
"fotografia de bebidas","1","146","0.68%","1.8","1-3","DINHEIRO","outros","0.5","/","URL_PROVAVEL","0.0816","MONITOR","P3"
"fundos para fotos profissionais","3","490","0.61%","2.21","1-3","AUTORIDADE","foto-profissional","0.4","/foto-profissional","URL_PROVAVEL","0.0814","INTERNAL LINK (blog->money)","P3"
"reposicionamento","2","3070","0.07%","3.77","4-6","INFORMATIVA","outros","0.15","/blog","URL_PROVAVEL","0.0812","MONITOR","P3"
"app de edicao de video","1","324","0.31%","5.87","4-6","INFORMATIVA","edicao-apps","0.15","/blog","URL_PROVAVEL","0.081","MONITOR","P3"
"app de edicao de videos","8","939","0.85%","6.13","7-10","INFORMATIVA","edicao-apps","0.15","/blog","URL_PROVAVEL","0.0809","MONITOR","P3"
"direito autorais de imagem","1","364","0.27%","6.5","7-10","INFORMATIVA","outros","0.15","/blog","URL_PROVAVEL","0.0808","MONITOR","P3"
"food styling","8","668","1.2%","4.59","4-6","INFORMATIVA","outros","0.15","/blog","URL_PROVAVEL","0.0806","MONITOR","P3"
"app de videos gratis","2","455","0.44%","8.13","7-10","INFORMATIVA","edicao-apps","0.15","/blog","URL_PROVAVEL","0.0805","MONITOR","P3"
"app de edição","4","622","0.64%","6.44","7-10","INFORMATIVA","edicao-apps","0.15","/blog","URL_PROVAVEL","0.0804","MONITOR","P3"
"aplicativo fazer video","1","354","0.28%","7.5","7-10","INFORMATIVA","edicao-apps","0.15","/blog","URL_PROVAVEL","0.0802","MONITOR","P3"
"melhores app para editar vídeos grátis","13","869","1.5%","4.85","4-6","INFORMATIVA","edicao-apps","0.15","/blog","URL_PROVAVEL","0.0801","MONITOR","P3"
"foto sem rosto para perfil","1","133","0.75%","1","1-3","DINHEIRO","outros","0.5","/","URL_PROVAVEL","0.0798","MONITOR","P3"
"armazenamento icloud cheio","1","299","0.33%","5.62","4-6","INFORMATIVA","edicao-apps","0.15","/blog","URL_PROVAVEL","0.0797","MONITOR","P3"
"fotografo em são paulo","2","10","0.2%","3.6","4-6","DINHEIRO","fotografo-generico","0.5","/fotografo-corporativo","URL_PROVAVEL","0.0795","MONITOR","P3"
"aplicativo para fazer videos com fotos","1","339","0.29%","8.57","7-10","INFORMATIVA","edicao-apps","0.15","/blog","URL_PROVAVEL","0.0795","MONITOR","P3"
"fotografia para redes sociais","5","97","5.15%","5.61","4-6","DINHEIRO","outros","0.5","/","URL_PROVAVEL","0.0793","CONTENT+INTERNAL LINK","P3"
"ativa log","1","338","0.3%","9.13","7-10","INFORMATIVA","logistica","0.15","/fotografo-corporativo/fotografia-de-logistica","URL_PROVAVEL","0.0792","MONITOR","P3"
"fotos femininas profissionais","1","129","0.78%","1.29","1-3","DINHEIRO","outros","0.5","/","URL_PROVAVEL","0.0792","MONITOR","P3"
"aplicativo para criar vídeos","2","429","0.47%","8.86","7-10","INFORMATIVA","edicao-apps","0.15","/blog","URL_PROVAVEL","0.0791","MONITOR","P3"
"aplicativo de edição de vídeo grátis","1","333","0.3%","7.82","7-10","INFORMATIVA","edicao-apps","0.15","/blog","URL_PROVAVEL","0.079","MONITOR","P3"
"aplicativo de videos","5","663","0.75%","7.5","7-10","INFORMATIVA","edicao-apps","0.15","/blog","URL_PROVAVEL","0.0789","MONITOR","P3"
"psicologia das cores laranja","2","383","0.52%","1.67","1-3","AUTORIDADE","outros","0.4","/blog","URL_PROVAVEL","0.0786","INTERNAL LINK (blog->money)","P3"
"imagem de foto de perfil sem foto","1","125","0.8%","1","1-3","DINHEIRO","foto-profissional","0.5","/foto-profissional","URL_PROVAVEL","0.0786","MONITOR","P3"
"aplicativo para editar vídeo grátis","3","488","0.61%","7.15","7-10","INFORMATIVA","edicao-apps","0.15","/blog","URL_PROVAVEL","0.078","MONITOR","P3"
"fundo para fotos profissionais","3","393","0.76%","2.46","1-3","AUTORIDADE","foto-profissional","0.4","/foto-profissional","URL_PROVAVEL","0.0778","INTERNAL LINK (blog->money)","P3"
"app de vídeo","1","312","0.32%","7.79","7-10","INFORMATIVA","edicao-apps","0.15","/blog","URL_PROVAVEL","0.0778","MONITOR","P3"
"aplicativo video","3","478","0.63%","7.16","7-10","INFORMATIVA","edicao-apps","0.15","/blog","URL_PROVAVEL","0.0773","MONITOR","P3"
"poses para fotos linkedin","1","21","4.76%","1.5","1-3","DINHEIRO","linkedin","1","/foto-profissional-para-linkedin","URL_PROVAVEL","0.0773","MONITOR","P3"
"modelos de fotos corporativas","1","21","4.76%","2.5","1-3","DINHEIRO","fotografo-corporativo","1","/fotografo-corporativo","URL_PROVAVEL","0.0773","MONITOR","P3"
"foto em são paulo","4","178","2.25%","1.43","1-3","DINHEIRO","outros","0.5","/","URL_PROVAVEL","0.0772","MONITOR","P3"
"melhor horario pra postar foto no domingo","1","39","2.56%","6.95","7-10","DINHEIRO","outros","0.5","/","URL_PROVAVEL","0.0772","CONTENT+INTERNAL LINK","P3"
"aplicativo para criar vídeo","2","385","0.52%","8.58","7-10","INFORMATIVA","edicao-apps","0.15","/blog","URL_PROVAVEL","0.0768","MONITOR","P3"
"aplicativo editar vídeo","1","295","0.34%","6.97","7-10","INFORMATIVA","edicao-apps","0.15","/blog","URL_PROVAVEL","0.0766","MONITOR","P3"
"atalhos de teclado do photoshop","0","706","0%","24.94","21-50","AUTORIDADE","edicao-apps","0.4","/blog","URL_PROVAVEL","0.0765","INTERNAL LINK (blog->money)","P3"
"qual é o melhor app para editar videos","1","249","0.4%","4.1","4-6","INFORMATIVA","edicao-apps","0.15","/blog","URL_PROVAVEL","0.0764","MONITOR","P3"
"app para editar vídeo grátis","2","377","0.53%","7.6","7-10","INFORMATIVA","edicao-apps","0.15","/blog","URL_PROVAVEL","0.0763","MONITOR","P3"
"app para editar","3","350","0.86%","4.96","4-6","INFORMATIVA","edicao-apps","0.15","/blog","URL_PROVAVEL","0.0762","MONITOR","P3"
"qual app para editar videos","2","297","0.67%","5.31","4-6","INFORMATIVA","edicao-apps","0.15","/blog","URL_PROVAVEL","0.0761","MONITOR","P3"
"lugar para tirar foto","1","110","0.91%","2.6","1-3","DINHEIRO","outros","0.5","/","URL_PROVAVEL","0.076","MONITOR","P3"
"aplicativo bom para editar vídeo","1","239","0.42%","5.5","4-6","INFORMATIVA","edicao-apps","0.15","/blog","URL_PROVAVEL","0.0757","MONITOR","P3"
"fotografia profissional feminina","2","31","6.45%","2.58","1-3","DINHEIRO","foto-profissional","1","/foto-profissional","URL_PROVAVEL","0.0756","MONITOR","P3"
"poses de fotos profissionais femininas","1","45","2.22%","7.44","7-10","AUTORIDADE","foto-profissional","0.4","/foto-profissional","URL_PROVAVEL","0.0754","INTERNAL LINK (blog->money)","P3"
"plano de fundo para foto de perfil","1","45","2.22%","3.4","4-6","AUTORIDADE","foto-profissional","0.4","/foto-profissional","URL_PROVAVEL","0.0752","INTERNAL LINK (blog->money)","P3"
"como liberar espaco no icloud","4","511","0.78%","7.22","7-10","INFORMATIVA","edicao-apps","0.15","/blog","URL_PROVAVEL","0.0751","MONITOR","P3"
"verde psicologia das cores","1","274","0.36%","1.5","1-3","AUTORIDADE","outros","0.4","/blog","URL_PROVAVEL","0.0749","INTERNAL LINK (blog->money)","P3"
"foto perfil sem nada","1","104","0.96%","1.29","1-3","DINHEIRO","outros","0.5","/","URL_PROVAVEL","0.0749","MONITOR","P3"
"aplicativo para editar fotos e vídeos grátis","1","267","0.37%","6.9","7-10","INFORMATIVA","edicao-apps","0.15","/blog","URL_PROVAVEL","0.0748","MONITOR","P3"
"melhores aplicativos para edição de video","1","24","4.17%","5.8","4-6","DINHEIRO","edicao-apps","0.5","/blog","URL_PROVAVEL","0.0748","CONTENT+INTERNAL LINK","P3"
"melhor app para editar vídeos grátis","2","269","0.74%","5.41","4-6","INFORMATIVA","edicao-apps","0.15","/blog","URL_PROVAVEL","0.074","MONITOR","P3"
"apps de edição","1","258","0.39%","6.45","7-10","INFORMATIVA","edicao-apps","0.15","/blog","URL_PROVAVEL","0.0739","MONITOR","P3"
"roupas para fotos profissionais","1","99","1.01%","2.56","1-3","DINHEIRO","foto-profissional","0.5","/foto-profissional","URL_PROVAVEL","0.0739","MONITOR","P3"
"cores fotos","2","118","1.69%","1.55","1-3","DINHEIRO","outros","0.5","/","URL_PROVAVEL","0.0736","MONITOR","P3"
"dicas para tirar fotos","4","209","1.91%","11.48","11-15","APOIO","outros","0.6","/blog","URL_PROVAVEL","0.0735","CONTENT+INTERNAL LINK","P3"
"formato png foto","2","332","0.6%","6.8","7-10","INFORMATIVA","outros","0.15","/blog","URL_PROVAVEL","0.0733","MONITOR","P3"
"pose p foto","1","44","2.27%","7","7-10","AUTORIDADE","outros","0.4","/blog","URL_PROVAVEL","0.0733","INTERNAL LINK (blog->money)","P3"
"icloud cheio como esvaziar","2","322","0.62%","6.66","7-10","INFORMATIVA","edicao-apps","0.15","/blog","URL_PROVAVEL","0.0726","MONITOR","P3"
"fotos profissionais feminina","1","91","1.1%","1.8","1-3","DINHEIRO","foto-profissional","0.5","/foto-profissional","URL_PROVAVEL","0.0722","MONITOR","P3"
"teoria das cores foto","1","90","1.11%","1.4","1-3","DINHEIRO","outros","0.5","/","URL_PROVAVEL","0.072","MONITOR","P3"
"foto de lugares","1","90","1.11%","1.12","1-3","DINHEIRO","outros","0.5","/","URL_PROVAVEL","0.072","MONITOR","P3"
"app de editar","1","234","0.43%","6.25","7-10","INFORMATIVA","edicao-apps","0.15","/blog","URL_PROVAVEL","0.0719","MONITOR","P3"
"aplicativo de edicao de video","1","231","0.43%","6.72","7-10","INFORMATIVA","edicao-apps","0.15","/blog","URL_PROVAVEL","0.0718","MONITOR","P3"
"aplicativos de edicao de video gratis","1","191","0.52%","5.72","4-6","INFORMATIVA","edicao-apps","0.15","/blog","URL_PROVAVEL","0.0716","MONITOR","P3"
"quero uma foto profissional","2","29","6.9%","1.79","1-3","DINHEIRO","foto-profissional","1","/foto-profissional","URL_PROVAVEL","0.0713","MONITOR","P3"
"ensaio fotografico advogado","3","80","3.75%","7.66","7-10","DINHEIRO","advocacia","1","/fotografia-para-advogados","URL_PROVAVEL","0.0711","CONTENT+INTERNAL LINK","P3"
"melhor app para editar video no celular","2","231","0.87%","4.54","4-6","INFORMATIVA","edicao-apps","0.15","/blog","URL_PROVAVEL","0.0707","MONITOR","P3"
"traje formal masculino","0","997","0%","3.2","4-6","INFORMATIVA","outros","0.15","/blog","URL_PROVAVEL","0.0704","MONITOR","P3"
"app de vídeos","2","294","0.68%","7.3","7-10","INFORMATIVA","edicao-apps","0.15","/blog","URL_PROVAVEL","0.0703","MONITOR","P3"
"app de edição de vídeo","1","178","0.56%","5.95","4-6","INFORMATIVA","edicao-apps","0.15","/blog","URL_PROVAVEL","0.0703","MONITOR","P3"
"app de editar videos","2","223","0.9%","4.79","4-6","INFORMATIVA","edicao-apps","0.15","/blog","URL_PROVAVEL","0.07","MONITOR","P3"
"melhor app para fazer video","1","176","0.57%","4.98","4-6","INFORMATIVA","edicao-apps","0.15","/blog","URL_PROVAVEL","0.07","MONITOR","P3"
"app editar videos","1","175","0.57%","5.13","4-6","INFORMATIVA","edicao-apps","0.15","/blog","URL_PROVAVEL","0.07","MONITOR","P3"
"foto preto branco","1","82","1.22%","1.9","1-3","DINHEIRO","outros","0.5","/","URL_PROVAVEL","0.07","MONITOR","P3"
"fotos em sao paulo","3","118","2.54%","1.14","1-3","DINHEIRO","outros","0.5","/","URL_PROVAVEL","0.0698","MONITOR","P3"
"como conseguir mais armazenamento no iphone","1","204","0.49%","9.6","7-10","INFORMATIVA","edicao-apps","0.15","/blog","URL_PROVAVEL","0.0691","MONITOR","P3"
"app edicao de video","2","211","0.95%","5.8","4-6","INFORMATIVA","edicao-apps","0.15","/blog","URL_PROVAVEL","0.0688","MONITOR","P3"
"fotos para editar no lightroom","1","42","2.38%","7.62","7-10","AUTORIDADE","edicao-apps","0.4","/blog","URL_PROVAVEL","0.0688","INTERNAL LINK (blog->money)","P3"
"aplicativo para fazer video com fotos","2","272","0.74%","7.1","7-10","INFORMATIVA","edicao-apps","0.15","/blog","URL_PROVAVEL","0.0683","MONITOR","P3"
"app fazer video","1","196","0.51%","9.8","7-10","INFORMATIVA","edicao-apps","0.15","/blog","URL_PROVAVEL","0.0683","MONITOR","P3"
"youtube","2","267","0.75%","6.39","7-10","INFORMATIVA","outros","0.15","/blog","URL_PROVAVEL","0.0679","MONITOR","P3"
"poses de fotos profissionais","1","171","0.58%","1.5","1-3","AUTORIDADE","foto-profissional","0.4","/foto-profissional","URL_PROVAVEL","0.0677","INTERNAL LINK (blog->money)","P3"
"armazenamento do icloud","1","188","0.53%","6.9","7-10","INFORMATIVA","edicao-apps","0.15","/blog","URL_PROVAVEL","0.0674","MONITOR","P3"
"melhor app para criar videos","2","196","1.02%","5.39","4-6","INFORMATIVA","edicao-apps","0.15","/blog","URL_PROVAVEL","0.0672","MONITOR","P3"
"melhor app para videos","1","100","0.01%","4.17","4-6","INFORMATIVA","edicao-apps","0.15","/blog","URL_PROVAVEL","0.0672","MONITOR","P3"
"imagens jpeg","1","182","0.55%","8.98","7-10","INFORMATIVA","outros","0.15","/blog","URL_PROVAVEL","0.0666","MONITOR","P3"
"melhor app para editar fotos e vídeos grátis","2","189","1.06%","4.13","4-6","INFORMATIVA","edicao-apps","0.15","/blog","URL_PROVAVEL","0.0663","MONITOR","P3"
"armazenamento do icloud cheio","1","180","0.56%","7.17","7-10","INFORMATIVA","edicao-apps","0.15","/blog","URL_PROVAVEL","0.0663","MONITOR","P3"
"armazenamento icloud cheio o que fazer","1","144","0.69%","5.66","4-6","INFORMATIVA","edicao-apps","0.15","/blog","URL_PROVAVEL","0.0663","MONITOR","P3"
"app de editar vídeo","1","142","0.7%","5.38","4-6","INFORMATIVA","edicao-apps","0.15","/blog","URL_PROVAVEL","0.066","MONITOR","P3"
"ideias de fundo para fotos","4","219","1.83%","1.41","1-3","AUTORIDADE","outros","0.4","/blog","URL_PROVAVEL","0.0659","INTERNAL LINK (blog->money)","P3"
"app de editar video gratis","1","176","0.57%","7.32","7-10","INFORMATIVA","edicao-apps","0.15","/blog","URL_PROVAVEL","0.0659","MONITOR","P3"
"pose para fotos profissionais","1","151","0.66%","1.3","1-3","AUTORIDADE","foto-profissional","0.4","/foto-profissional","URL_PROVAVEL","0.0658","INTERNAL LINK (blog->money)","P3"
"aplicativo edicao video","2","243","0.82%","6.9","7-10","INFORMATIVA","edicao-apps","0.15","/blog","URL_PROVAVEL","0.0655","MONITOR","P3"
"traje esporte casual","0","573","0%","3.31","4-6","INFORMATIVA","outros","0.15","/blog","URL_PROVAVEL","0.0648","MONITOR","P3"
"aplicativo para videos com fotos","1","166","0.6%","8.98","7-10","INFORMATIVA","edicao-apps","0.15","/blog","URL_PROVAVEL","0.0646","MONITOR","P3"
"qual é o melhor aplicativo para editar","1","132","0.76%","4.94","4-6","INFORMATIVA","edicao-apps","0.15","/blog","URL_PROVAVEL","0.0645","MONITOR","P3"
"aplicativo de editar fotos e vídeos","3","298","1.01%","6.94","7-10","INFORMATIVA","edicao-apps","0.15","/blog","URL_PROVAVEL","0.0644","MONITOR","P3"
"como tirar foto de rosto","1","10","0.1%","3.5","4-6","AUTORIDADE","outros","0.4","/blog","URL_PROVAVEL","0.0644","INTERNAL LINK (blog->money)","P3"
"aplicativo para editar vídeos e fotos","2","172","1.16%","5.5","4-6","INFORMATIVA","edicao-apps","0.15","/blog","URL_PROVAVEL","0.0642","MONITOR","P3"
"site de fotografo","2","65","3.08%","8.63","7-10","DINHEIRO","outros","0.5","/","URL_PROVAVEL","0.0642","CONTENT+INTERNAL LINK","P3"
"app de edição de video gratuito","4","355","1.13%","6.48","7-10","INFORMATIVA","edicao-apps","0.15","/blog","URL_PROVAVEL","0.0641","MONITOR","P3"
"como liberar espaço no icloud do iphone","2","231","0.87%","7.8","7-10","INFORMATIVA","edicao-apps","0.15","/blog","URL_PROVAVEL","0.064","MONITOR","P3"
"app para editar fotos e videos","1","128","0.78%","5.64","4-6","INFORMATIVA","edicao-apps","0.15","/blog","URL_PROVAVEL","0.0639","MONITOR","P3"
"como limpar meu icloud","1","158","0.63%","7.86","7-10","INFORMATIVA","edicao-apps","0.15","/blog","URL_PROVAVEL","0.0635","MONITOR","P3"
"capa de perfil","2","224","0.89%","9.51","7-10","INFORMATIVA","outros","0.15","/blog","URL_PROVAVEL","0.0633","MONITOR","P3"
"aplicativo de fazer video com fotos","1","157","0.64%","9.32","7-10","INFORMATIVA","edicao-apps","0.15","/blog","URL_PROVAVEL","0.0633","MONITOR","P3"
"foto de perfil trabalho","1","59","1.69%","1.47","1-3","DINHEIRO","foto-profissional","0.5","/foto-profissional","URL_PROVAVEL","0.0631","MONITOR","P3"
"aplicativo de edit","3","283","1.06%","9.2","7-10","INFORMATIVA","edicao-apps","0.15","/blog","URL_PROVAVEL","0.0629","MONITOR","P3"
"foto perfil executivo","1","16","6.25%","2.25","1-3","DINHEIRO","outros","1","/","URL_PROVAVEL","0.0629","MONITOR","P3"
"dress code preto masculino","1","32","3.12%","6.9","7-10","APOIO","outros","0.6","/blog","URL_PROVAVEL","0.0625","CONTENT+INTERNAL LINK","P3"
"qual melhor aplicativo para criar videos","1","119","0.84%","5.18","4-6","INFORMATIVA","edicao-apps","0.15","/blog","URL_PROVAVEL","0.0624","MONITOR","P3"
"qual tem melhor qualidade png ou jpg","1","115","0.87%","4.35","4-6","INFORMATIVA","outros","0.15","/blog","URL_PROVAVEL","0.0617","MONITOR","P3"
"cores fotografia","1","55","1.82%","1.24","1-3","DINHEIRO","outros","0.5","/","URL_PROVAVEL","0.0615","MONITOR","P3"
"plano de fundo para fotos profissionais","2","135","1.48%","1.23","1-3","AUTORIDADE","foto-profissional","0.4","/foto-profissional","URL_PROVAVEL","0.0613","INTERNAL LINK (blog->money)","P3"
"poses profissionais para fotos","2","133","1.5%","1.47","1-3","AUTORIDADE","outros","0.4","/blog","URL_PROVAVEL","0.0611","INTERNAL LINK (blog->money)","P3"
"editor de video app","1","143","0.7%","6.81","7-10","INFORMATIVA","edicao-apps","0.15","/blog","URL_PROVAVEL","0.0611","MONITOR","P3"
"apps para editar videos gratis","1","142","0.7%","6.21","7-10","INFORMATIVA","edicao-apps","0.15","/blog","URL_PROVAVEL","0.0611","MONITOR","P3"
"laranja na psicologia das cores","1","111","0.9%","1.88","1-3","AUTORIDADE","outros","0.4","/blog","URL_PROVAVEL","0.061","INTERNAL LINK (blog->money)","P3"
"qual melhor aplicativo para fazer video","1","110","0.91%","5.87","4-6","INFORMATIVA","edicao-apps","0.15","/blog","URL_PROVAVEL","0.0608","MONITOR","P3"
"lugar bonito para tirar foto","2","69","2.9%","1.8","1-3","DINHEIRO","outros","0.5","/","URL_PROVAVEL","0.0606","MONITOR","P3"
"lugares bonitos para tirar foto","3","84","3.57%","1.42","1-3","DINHEIRO","outros","0.5","/","URL_PROVAVEL","0.0605","MONITOR","P3"
"tenho icloud mas o armazenamento esta cheio","1","138","0.72%","8.22","7-10","INFORMATIVA","edicao-apps","0.15","/blog","URL_PROVAVEL","0.0604","MONITOR","P3"
"app para montagem de video","1","138","0.72%","8.58","7-10","INFORMATIVA","edicao-apps","0.15","/blog","URL_PROVAVEL","0.0604","MONITOR","P3"
"melhor app para editar video","1","108","0.93%","4.38","4-6","INFORMATIVA","edicao-apps","0.15","/blog","URL_PROVAVEL","0.0604","MONITOR","P3"
"qual melhor aplicativo para editar videos","3","561","0.53%","3.91","4-6","INFORMATIVA","edicao-apps","0.15","/blog","URL_PROVAVEL","0.0603","MONITOR","P3"
"aplicativo de edição de video gratuito","2","199","1.01%","7.63","7-10","INFORMATIVA","edicao-apps","0.15","/blog","URL_PROVAVEL","0.0599","MONITOR","P3"
"melhor aplicativo de editar vídeo","1","104","0.96%","4.79","4-6","INFORMATIVA","edicao-apps","0.15","/blog","URL_PROVAVEL","0.0597","MONITOR","P3"
"qual app editar video","1","103","0.97%","5.94","4-6","INFORMATIVA","edicao-apps","0.15","/blog","URL_PROVAVEL","0.0595","MONITOR","P3"
"poses para linkedin","1","15","6.67%","1.27","1-3","DINHEIRO","linkedin","1","/foto-profissional-para-linkedin","URL_PROVAVEL","0.0593","MONITOR","P3"
"fotos medicas profissionais","2","24","8.33%","2.17","1-3","DINHEIRO","saude","1","/fotos-profissionais-medicos","URL_PROVAVEL","0.0588","MONITOR","P3"
"melhor aplicativo de edição de video","3","170","1.76%","4.3","4-6","INFORMATIVA","edicao-apps","0.15","/blog","URL_PROVAVEL","0.0584","MONITOR","P3"
"qual aplicativo que edita vídeo","1","97","1.03%","5.1","4-6","INFORMATIVA","edicao-apps","0.15","/blog","URL_PROVAVEL","0.0582","MONITOR","P3"
"app pra editar videos","1","96","1.04%","4.18","4-6","INFORMATIVA","edicao-apps","0.15","/blog","URL_PROVAVEL","0.058","MONITOR","P3"
"qual o melhor aplicativo para criar vídeo","1","96","1.04%","4.77","4-6","INFORMATIVA","edicao-apps","0.15","/blog","URL_PROVAVEL","0.058","MONITOR","P3"
"melhor aplicativo para editar videos gratis","1","96","1.04%","5.89","4-6","INFORMATIVA","edicao-apps","0.15","/blog","URL_PROVAVEL","0.058","MONITOR","P3"
"app para editar fotos e vídeos grátis","1","96","1.04%","5.9","4-6","INFORMATIVA","edicao-apps","0.15","/blog","URL_PROVAVEL","0.058","MONITOR","P3"
"foto na empresa","1","47","2.13%","1.43","1-3","DINHEIRO","outros","0.5","/","URL_PROVAVEL","0.058","MONITOR","P3"
"lugares bonitos para tirar fotos","1","47","2.13%","2.4","1-3","DINHEIRO","outros","0.5","/","URL_PROVAVEL","0.058","MONITOR","P3"
"aplicativo para video","2","186","1.08%","8.16","7-10","INFORMATIVA","edicao-apps","0.15","/blog","URL_PROVAVEL","0.0579","MONITOR","P3"
"melhor app para editar vídeos no celular","3","166","1.81%","4.22","4-6","INFORMATIVA","edicao-apps","0.15","/blog","URL_PROVAVEL","0.0577","MONITOR","P3"
"qual melhor app para editar videos gratis","1","94","1.06%","5.36","4-6","INFORMATIVA","edicao-apps","0.15","/blog","URL_PROVAVEL","0.0576","MONITOR","P3"
"ensaio corporativo feminino advogada","1","27","3.7%","8.48","7-10","DINHEIRO","foto-profissional","1","/foto-profissional","URL_PROVAVEL","0.0575","CONTENT+INTERNAL LINK","P3"
"app para fazer edits","1","122","0.82%","8.6","7-10","INFORMATIVA","edicao-apps","0.15","/blog","URL_PROVAVEL","0.0573","MONITOR","P3"
"editor de vídeo para android","1","50","0.02%","9.52","7-10","INFORMATIVA","edicao-apps","0.15","/blog","URL_PROVAVEL","0.057","MONITOR","P3"
"como ter espaco no icloud sem pagar","1","119","0.84%","8.66","7-10","INFORMATIVA","edicao-apps","0.15","/blog","URL_PROVAVEL","0.0567","MONITOR","P3"
"app para edição de videos gratuitos","2","126","1.59%","5.67","4-6","INFORMATIVA","edicao-apps","0.15","/blog","URL_PROVAVEL","0.0566","MONITOR","P3"
"food style","1","90","1.11%","5.3","4-6","INFORMATIVA","outros","0.15","/blog","URL_PROVAVEL","0.0566","MONITOR","P3"
"rede social trabalho","1","115","0.87%","8.23","7-10","INFORMATIVA","outros","0.15","/blog","URL_PROVAVEL","0.0559","MONITOR","P3"
"site de fotografia","1","56","1.79%","11.36","11-15","DINHEIRO","outros","0.5","/","URL_PROVAVEL","0.0558","CONTENT+INTERNAL LINK","P3"
"cores na fotografia","2","57","3.51%","1.16","1-3","DINHEIRO","outros","0.5","/","URL_PROVAVEL","0.0556","MONITOR","P3"
"app para criar vídeos","1","114","0.88%","7.91","7-10","INFORMATIVA","edicao-apps","0.15","/blog","URL_PROVAVEL","0.0556","MONITOR","P3"
"aplicativo para edicao de video","1","86","1.16%","5.62","4-6","INFORMATIVA","edicao-apps","0.15","/blog","URL_PROVAVEL","0.0556","MONITOR","P3"
"espaço icloud","1","113","0.88%","8.43","7-10","INFORMATIVA","edicao-apps","0.15","/blog","URL_PROVAVEL","0.0555","MONITOR","P3"
"aplicativos de edicao","1","85","1.18%","5.26","4-6","INFORMATIVA","outros","0.15","/blog","URL_PROVAVEL","0.0553","MONITOR","P3"
"psicología das cores","1","78","1.28%","2.49","1-3","AUTORIDADE","outros","0.4","/blog","URL_PROVAVEL","0.0552","INTERNAL LINK (blog->money)","P3"
"melhor aplicativo para criar vídeos","1","111","0.9%","6.19","7-10","INFORMATIVA","edicao-apps","0.15","/blog","URL_PROVAVEL","0.055","MONITOR","P3"
"qual melhor aplicativo para editar videos gratis","1","83","1.2%","5.92","4-6","INFORMATIVA","edicao-apps","0.15","/blog","URL_PROVAVEL","0.0549","MONITOR","P3"
"app de edicao de videos gratuitos","1","109","0.92%","6.78","7-10","INFORMATIVA","edicao-apps","0.15","/blog","URL_PROVAVEL","0.0545","MONITOR","P3"
"o que é arquivo png","1","109","0.92%","9.24","7-10","INFORMATIVA","outros","0.15","/blog","URL_PROVAVEL","0.0545","MONITOR","P3"
"melhor app de edição de video","2","323","0.62%","3.77","4-6","INFORMATIVA","edicao-apps","0.15","/blog","URL_PROVAVEL","0.0544","MONITOR","P3"
"editor de video android","2","163","1.23%","9.45","7-10","INFORMATIVA","edicao-apps","0.15","/blog","URL_PROVAVEL","0.054","MONITOR","P3"
"app para fazer edição de videos","1","105","0.95%","6.19","7-10","INFORMATIVA","edicao-apps","0.15","/blog","URL_PROVAVEL","0.0536","MONITOR","P3"
"aplicativo para montagem de vídeo","1","105","0.95%","8.99","7-10","INFORMATIVA","edicao-apps","0.15","/blog","URL_PROVAVEL","0.0536","MONITOR","P3"
"como liberar espaço no icloud para fazer backup","1","104","0.96%","6.11","7-10","INFORMATIVA","edicao-apps","0.15","/blog","URL_PROVAVEL","0.0533","MONITOR","P3"
"melhor horario para postar no feed domingo","1","104","0.96%","8.36","7-10","INFORMATIVA","outros","0.15","/blog","URL_PROVAVEL","0.0533","MONITOR","P3"
"lugares lindos para fotos","1","4","0.25%","3.75","4-6","DINHEIRO","outros","0.5","/","URL_PROVAVEL","0.053","MONITOR","P3"
"como liberar espaco icloud","1","102","0.98%","8.28","7-10","INFORMATIVA","edicao-apps","0.15","/blog","URL_PROVAVEL","0.0528","MONITOR","P3"
"esvaziar icloud","1","75","1.33%","5.63","4-6","INFORMATIVA","edicao-apps","0.15","/blog","URL_PROVAVEL","0.0526","MONITOR","P3"
"melhor app de edição de video gratuito","1","75","1.33%","6","4-6","INFORMATIVA","edicao-apps","0.15","/blog","URL_PROVAVEL","0.0526","MONITOR","P3"
"linkedin redes sociales","1","1","1%","10","7-10","DINHEIRO","linkedin","1","/foto-profissional-para-linkedin","URL_PROVAVEL","0.0524","CTR+TITLE/META","P3"
"melhores app de edição de video gratuito","1","74","1.35%","5.95","4-6","INFORMATIVA","edicao-apps","0.15","/blog","URL_PROVAVEL","0.0523","MONITOR","P3"
"app para video de fotos","1","99","1.01%","9.8","7-10","INFORMATIVA","edicao-apps","0.15","/blog","URL_PROVAVEL","0.052","MONITOR","P3"
"melhores apps para fazer edits","1","72","1.39%","5.19","4-6","INFORMATIVA","edicao-apps","0.15","/blog","URL_PROVAVEL","0.0517","MONITOR","P3"
"app para edição de vídeo gratuito","1","97","1.03%","6.56","7-10","INFORMATIVA","edicao-apps","0.15","/blog","URL_PROVAVEL","0.0515","MONITOR","P3"
"poses para retratos","1","13","7.69%","2.92","1-3","DINHEIRO","outros","1","/","URL_PROVAVEL","0.0514","MONITOR","P3"
"fotografia","1","35","2.86%","2.29","1-3","DINHEIRO","outros","0.5","/","URL_PROVAVEL","0.0512","MONITOR","P3"
"tenho espaco no icloud mas o armazenamento esta cheio","1","94","1.06%","8.21","7-10","INFORMATIVA","edicao-apps","0.15","/blog","URL_PROVAVEL","0.0507","MONITOR","P3"
"fotografia coorporativa","1","2","0.5%","4","4-6","DINHEIRO","logistica","0.5","/fotografo-corporativo/fotografia-de-logistica","URL_PROVAVEL","0.05","CTR+TITLE/META","P3"
"aplicativos de fazer videos","1","2","0.5%","4.5","4-6","DINHEIRO","video","0.5","/videos","URL_PROVAVEL","0.05","CTR+TITLE/META","P3"
"rua dos fotógrafos","1","2","0.5%","5.5","4-6","DINHEIRO","outros","0.5","/","URL_PROVAVEL","0.05","CTR+TITLE/META","P3"
"qual o melhor aplicativo para fazer vídeos","2","234","0.85%","3.63","4-6","INFORMATIVA","edicao-apps","0.15","/blog","URL_PROVAVEL","0.0498","MONITOR","P3"
"editor de fotos e videos gratis para celular","2","97","2.06%","5.21","4-6","INFORMATIVA","video","0.15","/videos","URL_PROVAVEL","0.0496","MONITOR","P3"
"app para fazer video de fotos","1","90","1.11%","8.78","7-10","INFORMATIVA","edicao-apps","0.15","/blog","URL_PROVAVEL","0.0495","MONITOR","P3"
"fundos de fotos profissionais","3","87","3.45%","2.9","1-3","AUTORIDADE","foto-profissional","0.4","/foto-profissional","URL_PROVAVEL","0.0492","INTERNAL LINK (blog->money)","P3"
"aplicativo de vídeo gratuito","1","87","1.15%","7.89","7-10","INFORMATIVA","edicao-apps","0.15","/blog","URL_PROVAVEL","0.0486","MONITOR","P3"
"melhores app para editar videos","4","295","1.36%","3.44","4-6","INFORMATIVA","edicao-apps","0.15","/blog","URL_PROVAVEL","0.0482","MONITOR","P3"
"dicas para tirar fotos profissionais","3","44","6.82%","2.23","1-3","APOIO","foto-profissional","0.6","/foto-profissional","URL_PROVAVEL","0.0482","MONITOR","P3"
"ideias fotos profissionais","1","30","3.33%","2.97","1-3","DINHEIRO","foto-profissional","0.5","/foto-profissional","URL_PROVAVEL","0.0476","MONITOR","P3"
"app para fazer video com fotos","4","223","1.79%","8.38","7-10","INFORMATIVA","edicao-apps","0.15","/blog","URL_PROVAVEL","0.0475","MONITOR","P3"
"formato para fotos","1","2","0.5%","7.5","7-10","DINHEIRO","outros","0.5","/","URL_PROVAVEL","0.0474","CTR+TITLE/META","P3"
"app de edição de videos","1","59","1.69%","4.93","4-6","INFORMATIVA","edicao-apps","0.15","/blog","URL_PROVAVEL","0.0471","MONITOR","P3"
"lugares aesthetic em sp","1","59","1.69%","5.42","4-6","INFORMATIVA","outros","0.15","/blog","URL_PROVAVEL","0.0471","MONITOR","P3"
"aplicativo de video gratis","1","25","0.04%","9.6","7-10","INFORMATIVA","edicao-apps","0.15","/blog","URL_PROVAVEL","0.0471","MONITOR","P3"
"edição de fotos no lightroom","1","487","0.21%","23.69","21-50","AUTORIDADE","edicao-apps","0.4","/blog","URL_PROVAVEL","0.0469","INTERNAL LINK (blog->money)","P3"
"ideias de poses para fotos profissionais","3","77","3.9%","1.55","1-3","AUTORIDADE","foto-profissional","0.4","/foto-profissional","URL_PROVAVEL","0.0464","INTERNAL LINK (blog->money)","P3"
"app de videos e fotos","1","80","1.25%","8.72","7-10","INFORMATIVA","edicao-apps","0.15","/blog","URL_PROVAVEL","0.0462","MONITOR","P3"
"melhores app de edição de video","1","140","0.71%","3.76","4-6","INFORMATIVA","edicao-apps","0.15","/blog","URL_PROVAVEL","0.046","MONITOR","P3"
"editor de video gratis celular","1","79","1.27%","8.96","7-10","INFORMATIVA","video","0.15","/videos","URL_PROVAVEL","0.0458","MONITOR","P3"
"apps de edicao","1","56","1.79%","5","4-6","INFORMATIVA","edicao-apps","0.15","/blog","URL_PROVAVEL","0.0457","MONITOR","P3"
"app edicao","1","78","1.28%","6.63","7-10","INFORMATIVA","edicao-apps","0.15","/blog","URL_PROVAVEL","0.0456","MONITOR","P3"
"app para editar videos gratis","1","78","1.28%","6.87","7-10","INFORMATIVA","edicao-apps","0.15","/blog","URL_PROVAVEL","0.0456","MONITOR","P3"
"app editor de fotos e videos gratis","1","55","1.82%","4.65","4-6","INFORMATIVA","edicao-apps","0.15","/blog","URL_PROVAVEL","0.0453","MONITOR","P3"
"psicologia das core","1","55","1.82%","5.27","4-6","INFORMATIVA","outros","0.15","/blog","URL_PROVAVEL","0.0453","MONITOR","P3"
"melhor aplicativo para editar vídeos no celular","4","251","1.59%","3.98","4-6","INFORMATIVA","edicao-apps","0.15","/blog","URL_PROVAVEL","0.0452","MONITOR","P3"
"lugares para foto","1","27","3.7%","2.11","1-3","DINHEIRO","lugares-fotografar","0.5","/blog","URL_PROVAVEL","0.045","MONITOR","P3"
"melhor app para edição de videos","1","130","0.77%","3.19","4-6","INFORMATIVA","edicao-apps","0.15","/blog","URL_PROVAVEL","0.0449","MONITOR","P3"
"aplicativo de editar vídeos e fotos","1","54","1.85%","4.69","4-6","INFORMATIVA","edicao-apps","0.15","/blog","URL_PROVAVEL","0.0449","MONITOR","P3"
"app editar vídeo","1","54","1.85%","4.87","4-6","INFORMATIVA","edicao-apps","0.15","/blog","URL_PROVAVEL","0.0449","MONITOR","P3"
"fotografia para linkedin","1","15","6.67%","5.33","4-6","DINHEIRO","linkedin","1","/foto-profissional-para-linkedin","URL_PROVAVEL","0.0448","CONTENT+INTERNAL LINK","P3"
"aplicativo para vídeo de fotos","1","76","1.32%","9.32","7-10","INFORMATIVA","edicao-apps","0.15","/blog","URL_PROVAVEL","0.0447","MONITOR","P3"
"melhor app pra editar","1","53","1.89%","4.91","4-6","INFORMATIVA","edicao-apps","0.15","/blog","URL_PROVAVEL","0.0444","MONITOR","P3"
"aplicativo pra editar videos","1","53","1.89%","5.4","4-6","INFORMATIVA","edicao-apps","0.15","/blog","URL_PROVAVEL","0.0444","MONITOR","P3"
"editor de videos","1","25","0.04%","24.4","21-50","DINHEIRO","video","0.5","/videos","URL_PROVAVEL","0.0443","CONTENT+CASE","P3"
"fotógrafo corporativo","3","657","0.46%","30.51","21-50","DINHEIRO","fotografo-corporativo","1","/fotografo-corporativo","URL_PROVAVEL","0.0441","MONITOR","P3"
"melhor editor de video android","1","74","1.35%","9.31","7-10","INFORMATIVA","edicao-apps","0.15","/blog","URL_PROVAVEL","0.044","MONITOR","P3"
"fotos formal","1","26","3.85%","1","1-3","DINHEIRO","outros","0.5","/","URL_PROVAVEL","0.044","MONITOR","P3"
"lugares instagramaveis sp","3","162","1.85%","9.81","7-10","INFORMATIVA","outros","0.15","/blog","URL_PROVAVEL","0.0437","MONITOR","P3"
"retratos profissionais","2","194","1.03%","18.99","16-20","DINHEIRO","foto-profissional","1","/foto-profissional","URL_PROVAVEL","0.0435","CONTENT+CASE","P3"
"lugares bonitos para tirar foto perto de mim","2","57","3.51%","6.75","7-10","DINHEIRO","outros","0.5","/","URL_PROVAVEL","0.0434","CONTENT+INTERNAL LINK","P3"
"aplicativo gratuito para editar vídeos","1","71","1.41%","6.6","7-10","INFORMATIVA","edicao-apps","0.15","/blog","URL_PROVAVEL","0.0428","MONITOR","P3"
"significado de língua para fora nas fotos","1","2","0.5%","11.5","11-15","DINHEIRO","outros","0.5","/","URL_PROVAVEL","0.0427","CTR+TITLE/META","P3"
"app para edição de vídeos","1","49","2.04%","4.35","4-6","INFORMATIVA","edicao-apps","0.15","/blog","URL_PROVAVEL","0.0425","MONITOR","P3"
"como tirar foto para perfil","1","32","3.12%","9.78","7-10","AUTORIDADE","outros","0.4","/blog","URL_PROVAVEL","0.0417","INTERNAL LINK (blog->money)","P3"
"lugares legais para tirar foto em sp","4","10","0.4%","1","1-3","DINHEIRO","outros","0.5","/","URL_PROVAVEL","0.0399","MONITOR","P3"
"app para editar video gratis","1","64","1.56%","7.25","7-10","INFORMATIVA","edicao-apps","0.15","/blog","URL_PROVAVEL","0.0397","MONITOR","P3"
"melhor app de edicao de videos","1","90","1.11%","3.7","4-6","INFORMATIVA","edicao-apps","0.15","/blog","URL_PROVAVEL","0.0396","MONITOR","P3"
"porque o icloud fica cheio","1","89","1.12%","3.79","4-6","INFORMATIVA","edicao-apps","0.15","/blog","URL_PROVAVEL","0.0395","MONITOR","P3"
"poses para fotos empresariais","1","32","3.12%","1.22","1-3","AUTORIDADE","outros","0.4","/blog","URL_PROVAVEL","0.0393","INTERNAL LINK (blog->money)","P3"
"app para montar videos gratis","1","63","1.59%","7.19","7-10","INFORMATIVA","edicao-apps","0.15","/blog","URL_PROVAVEL","0.0392","MONITOR","P3"
"apps para edição","1","42","2.38%","4.93","4-6","INFORMATIVA","edicao-apps","0.15","/blog","URL_PROVAVEL","0.0385","MONITOR","P3"
"como editar foto no lightroom","4","112","3.57%","8.89","7-10","AUTORIDADE","edicao-apps","0.4","/blog","URL_PROVAVEL","0.038","INTERNAL LINK (blog->money)","P3"
"aplicativo de editar foto e vídeo","1","59","1.69%","7.34","7-10","INFORMATIVA","edicao-apps","0.15","/blog","URL_PROVAVEL","0.0373","MONITOR","P3"
"ideias de fundos para fotos","3","53","5.66%","1.7","1-3","AUTORIDADE","outros","0.4","/blog","URL_PROVAVEL","0.0372","INTERNAL LINK (blog->money)","P3"
"melhor horário para postar nas redes sociais","1","40","2.5%","5.65","4-6","INFORMATIVA","outros","0.15","/blog","URL_PROVAVEL","0.0372","MONITOR","P3"
"business casual masculino","0","1393","0%","2.76","1-3","INFORMATIVA","outros","0.15","/blog","URL_PROVAVEL","0.0369","MONITOR","P3"
"app para editar vídeo no celular","1","75","1.33%","3.97","4-6","INFORMATIVA","edicao-apps","0.15","/blog","URL_PROVAVEL","0.0368","MONITOR","P3"
"como salvar fotos no iphone sem ocupar espaço","1","58","1.72%","8.16","7-10","INFORMATIVA","edicao-apps","0.15","/blog","URL_PROVAVEL","0.0367","MONITOR","P3"
"lugares para tirar foto","5","192","2.6%","3.4","4-6","INFORMATIVA","lugares-fotografar","0.15","/blog","URL_PROVAVEL","0.0362","MONITOR","P3"
"como ter mais espaço no icloud sem pagar","1","57","1.75%","7.54","7-10","INFORMATIVA","edicao-apps","0.15","/blog","URL_PROVAVEL","0.0362","MONITOR","P3"
"aplicativo de editar fotos e videos gratis","1","57","1.75%","7.68","7-10","INFORMATIVA","edicao-apps","0.15","/blog","URL_PROVAVEL","0.0362","MONITOR","P3"
"melhor editor de vídeo para android","1","57","1.75%","9.21","7-10","INFORMATIVA","edicao-apps","0.15","/blog","URL_PROVAVEL","0.0362","MONITOR","P3"
"posicionamento de imagem pessoal","2","62","3.23%","4.52","4-6","INFORMATIVA","outros","0.15","/blog","URL_PROVAVEL","0.036","MONITOR","P3"
"qual o melhor aplicativo para edição de vídeo","2","102","1.96%","3.92","4-6","INFORMATIVA","edicao-apps","0.15","/blog","URL_PROVAVEL","0.0357","MONITOR","P3"
"traje casual masculino","2","1131","0.18%","2.28","1-3","INFORMATIVA","outros","0.15","/blog","URL_PROVAVEL","0.0355","MONITOR","P3"
"app para editar videos no celular","1","69","1.45%","3.7","4-6","INFORMATIVA","edicao-apps","0.15","/blog","URL_PROVAVEL","0.0355","MONITOR","P3"
"dress code masculino casamento","1","1","1%","4","4-6","APOIO","outros","0.6","/blog","URL_PROVAVEL","0.0353","CTR+TITLE/META","P3"
"melhor app para editar videos no celular","1","37","2.7%","5.62","4-6","INFORMATIVA","edicao-apps","0.15","/blog","URL_PROVAVEL","0.0351","MONITOR","P3"
"app que faz videos","2","94","2.13%","7.4","7-10","INFORMATIVA","edicao-apps","0.15","/blog","URL_PROVAVEL","0.0349","MONITOR","P3"
"food foto","1","18","5.56%","1.56","1-3","DINHEIRO","outros","0.5","/","URL_PROVAVEL","0.0346","MONITOR","P3"
"app de edição de video gratis","1","54","1.85%","6.78","7-10","INFORMATIVA","edicao-apps","0.15","/blog","URL_PROVAVEL","0.0344","MONITOR","P3"
"aplicativo de edição de vídeo gratuito","1","54","1.85%","7.2","7-10","INFORMATIVA","edicao-apps","0.15","/blog","URL_PROVAVEL","0.0344","MONITOR","P3"
"fotos ocupando muito espaço iphone mesmo com icloud","1","54","1.85%","9.22","7-10","INFORMATIVA","edicao-apps","0.15","/blog","URL_PROVAVEL","0.0344","MONITOR","P3"
"dicas para fotos profissionais","8","73","10.96%","1.73","1-3","APOIO","foto-profissional","0.6","/foto-profissional","URL_PROVAVEL","0.0343","MONITOR","P3"
"best places to photograph","0","816","0%","2.21","1-3","INFORMATIVA","outros","0.15","/blog","URL_PROVAVEL","0.0342","MONITOR","P3"
"capa de perfil linkedin","1","44","2.27%","10.32","11-15","DINHEIRO","linkedin","1","/foto-profissional-para-linkedin","URL_PROVAVEL","0.034","CONTENT+INTERNAL LINK","P3"
"significado das cores","1","62","1.61%","3.26","4-6","INFORMATIVA","outros","0.15","/blog","URL_PROVAVEL","0.0338","MONITOR","P3"
"foto juridica","1","28","3.57%","6.89","7-10","DINHEIRO","outros","0.5","/","URL_PROVAVEL","0.0338","CONTENT+INTERNAL LINK","P3"
"revelar fotos na hora","1","28","3.57%","8.5","7-10","DINHEIRO","outros","0.5","/","URL_PROVAVEL","0.0338","CONTENT+INTERNAL LINK","P3"
"site fotografo","1","28","3.57%","8.93","7-10","DINHEIRO","outros","0.5","/","URL_PROVAVEL","0.0338","CONTENT+INTERNAL LINK","P3"
"reposicionamento de imagem","5","173","2.89%","3.77","4-6","INFORMATIVA","outros","0.15","/blog","URL_PROVAVEL","0.0336","MONITOR","P3"
"teoria das cores psicologia","1","757","0.13%","2.75","1-3","INFORMATIVA","outros","0.15","/blog","URL_PROVAVEL","0.0336","MONITOR","P3"
"sentimento das cores","1","35","2.86%","5.74","4-6","INFORMATIVA","outros","0.15","/blog","URL_PROVAVEL","0.0335","MONITOR","P3"
"esporte casual","0","713","0%","2.69","1-3","INFORMATIVA","outros","0.15","/blog","URL_PROVAVEL","0.0335","MONITOR","P3"
"roupa masculina esporte fino casual","3","790","0.38%","1.29","1-3","INFORMATIVA","outros","0.15","/blog","URL_PROVAVEL","0.0333","MONITOR","P3"
"lugares fotos","1","17","5.88%","1.6","1-3","DINHEIRO","outros","0.5","/","URL_PROVAVEL","0.0331","MONITOR","P3"
"qual aplicativo para editar videos no celular","3","111","2.7%","3.79","4-6","INFORMATIVA","edicao-apps","0.15","/blog","URL_PROVAVEL","0.0319","MONITOR","P3"
"aplicativo que faz videos","2","87","2.3%","7.55","7-10","INFORMATIVA","edicao-apps","0.15","/blog","URL_PROVAVEL","0.0319","MONITOR","P3"
"app de edição de vídeo para celular","1","33","3.03%","5.3","4-6","INFORMATIVA","edicao-apps","0.15","/blog","URL_PROVAVEL","0.0319","MONITOR","P3"
"cores que","0","518","0%","2.4","1-3","INFORMATIVA","outros","0.15","/blog","URL_PROVAVEL","0.0319","MONITOR","P3"
"teoria das cores sentimentos","3","110","2.73%","3.22","4-6","INFORMATIVA","outros","0.15","/blog","URL_PROVAVEL","0.0316","MONITOR","P3"
"melhor app para montar videos","2","54","3.7%","5.3","4-6","INFORMATIVA","edicao-apps","0.15","/blog","URL_PROVAVEL","0.0314","MONITOR","P3"
"lugar fotos","1","16","6.25%","1.69","1-3","DINHEIRO","outros","0.5","/","URL_PROVAVEL","0.0314","MONITOR","P3"
"um aplicativo para editar vídeo","1","32","3.12%","4.22","4-6","INFORMATIVA","edicao-apps","0.15","/blog","URL_PROVAVEL","0.0311","MONITOR","P3"
"lugares para tirar foto perto de mim","3","119","2.52%","6.24","7-10","INFORMATIVA","lugares-fotografar","0.15","/blog","URL_PROVAVEL","0.0307","MONITOR","P3"
"como ler uma pessoa por fotos","1","5","0.2%","2.6","1-3","DINHEIRO","outros","0.5","/","URL_PROVAVEL","0.0301","MONITOR","P3"
"sitio para fotos","1","5","0.2%","2.6","1-3","DINHEIRO","outros","0.5","/","URL_PROVAVEL","0.0301","MONITOR","P3"
"lugares para fotos de 15 anos","1","5","0.2%","2.8","1-3","DINHEIRO","lugares-fotografar","0.5","/blog","URL_PROVAVEL","0.0301","MONITOR","P3"
"pose para fotos corporativas","1","9","11.11%","1.11","1-3","DINHEIRO","fotografo-corporativo","1","/fotografo-corporativo","URL_PROVAVEL","0.03","MONITOR","P3"
"significado das cores sentimentos","3","431","0.7%","2.22","1-3","INFORMATIVA","outros","0.15","/blog","URL_PROVAVEL","0.0297","MONITOR","P3"
"fotos para redes sociais","3","33","9.09%","2.7","1-3","DINHEIRO","outros","0.5","/","URL_PROVAVEL","0.0297","MONITOR","P3"
"app de fazer video gratis","1","47","2.13%","7.57","7-10","INFORMATIVA","edicao-apps","0.15","/blog","URL_PROVAVEL","0.0297","MONITOR","P3"
"jpeg png","1","47","2.13%","9.85","7-10","INFORMATIVA","outros","0.15","/blog","URL_PROVAVEL","0.0297","MONITOR","P3"
"cores que chamam atenção","2","389","0.51%","1.92","1-3","INFORMATIVA","outros","0.15","/blog","URL_PROVAVEL","0.0296","MONITOR","P3"
"aplicativo de fotografia","0","830","0%","32.26","21-50","INFORMATIVA","edicao-apps","0.15","/blog","URL_PROVAVEL","0.0294","MONITOR","P3"
"dresscode social","1","329","0.3%","2.38","1-3","INFORMATIVA","outros","0.15","/blog","URL_PROVAVEL","0.0291","MONITOR","P3"
"no perfil","2","354","0.56%","1.11","1-3","INFORMATIVA","outros","0.15","/blog","URL_PROVAVEL","0.029","MONITOR","P3"
"qual aplicativo faz video","1","46","2.17%","9.41","7-10","INFORMATIVA","edicao-apps","0.15","/blog","URL_PROVAVEL","0.029","MONITOR","P3"
"qual o melhor aplicativo para editar fotos e vídeos grátis","1","46","2.17%","3.85","4-6","INFORMATIVA","edicao-apps","0.15","/blog","URL_PROVAVEL","0.0286","MONITOR","P3"
"posicionamento de imagem","2","318","0.63%","2.85","1-3","INFORMATIVA","outros","0.15","/blog","URL_PROVAVEL","0.0284","MONITOR","P3"
"ensaio de fotos corporativo","1","14","7.14%","4.43","4-6","DINHEIRO","outros","1","/","URL_PROVAVEL","0.0283","CONTENT+INTERNAL LINK","P3"
"esporte casual masculino","1","283","0.35%","2.4","1-3","INFORMATIVA","outros","0.15","/blog","URL_PROVAVEL","0.0282","MONITOR","P3"
"editar videos app","1","29","3.45%","4.38","4-6","INFORMATIVA","edicao-apps","0.15","/blog","URL_PROVAVEL","0.0282","MONITOR","P3"
"aplicativo de fotos","0","637","0%","34.96","21-50","INFORMATIVA","edicao-apps","0.15","/blog","URL_PROVAVEL","0.0282","MONITOR","P3"
"app de editor de video","2","79","2.53%","6.38","7-10","INFORMATIVA","edicao-apps","0.15","/blog","URL_PROVAVEL","0.028","MONITOR","P3"
"app editor video","1","44","2.27%","7.91","7-10","INFORMATIVA","edicao-apps","0.15","/blog","URL_PROVAVEL","0.0275","MONITOR","P3"
"lugares para tirar fotos","2","130","1.54%","10.86","11-15","INFORMATIVA","lugares-fotografar","0.15","/blog","URL_PROVAVEL","0.0273","MONITOR","P3"
"aplicativo de arrumar fotos","1","28","3.57%","4.86","4-6","INFORMATIVA","edicao-apps","0.15","/blog","URL_PROVAVEL","0.0272","MONITOR","P3"
"cor da sabedoria","2","259","0.77%","1.93","1-3","INFORMATIVA","outros","0.15","/blog","URL_PROVAVEL","0.0271","MONITOR","P3"
"vestimenta social masculina","1","230","0.43%","1.94","1-3","INFORMATIVA","outros","0.15","/blog","URL_PROVAVEL","0.0271","MONITOR","P3"
"como sair bem em fotos","4","101","3.96%","6.71","7-10","DINHEIRO","outros","0.5","/","URL_PROVAVEL","0.027","CONTENT+INTERNAL LINK","P3"
"look masculino casual trabalho","1","41","2.44%","3.2","4-6","INFORMATIVA","outros","0.15","/blog","URL_PROVAVEL","0.0265","MONITOR","P3"
"editor de videos app","1","27","3.7%","5.52","4-6","INFORMATIVA","edicao-apps","0.15","/blog","URL_PROVAVEL","0.0261","MONITOR","P3"
"psicologia de cores","6","303","1.98%","1.3","1-3","INFORMATIVA","outros","0.15","/blog","URL_PROVAVEL","0.0259","MONITOR","P3"
"cores que transmitem paz e tranquilidade","2","212","0.94%","2","1-3","INFORMATIVA","outros","0.15","/blog","URL_PROVAVEL","0.0259","MONITOR","P3"
"app edição de video gratuito","1","42","2.38%","6.48","7-10","INFORMATIVA","edicao-apps","0.15","/blog","URL_PROVAVEL","0.0258","MONITOR","P3"
"traje social casual","1","177","0.56%","2.33","1-3","INFORMATIVA","outros","0.15","/blog","URL_PROVAVEL","0.0256","MONITOR","P3"
"porque meu icloud esta cheio","1","39","2.56%","3.36","4-6","INFORMATIVA","edicao-apps","0.15","/blog","URL_PROVAVEL","0.0256","MONITOR","P3"
"são paulo","1","5","0.2%","4.4","4-6","INFORMATIVA","outros","0.15","/blog","URL_PROVAVEL","0.0255","MONITOR","P3"
"aplicativo facil para editar videos","1","5","0.2%","5.2","4-6","INFORMATIVA","edicao-apps","0.15","/blog","URL_PROVAVEL","0.0255","MONITOR","P3"
"tipos de dress code masculino","1","11","9.09%","3","1-3","APOIO","outros","0.6","/blog","URL_PROVAVEL","0.0251","MONITOR","P3"
"jpg ou png para instagram","2","184","1.09%","1.84","1-3","INFORMATIVA","outros","0.15","/blog","URL_PROVAVEL","0.025","MONITOR","P3"
"cores e sentimentos","11","359","3.06%","1.64","1-3","INFORMATIVA","outros","0.15","/blog","URL_PROVAVEL","0.0249","MONITOR","P3"
"melhores aplicativo para editar vídeo","1","26","3.85%","4.23","4-6","INFORMATIVA","edicao-apps","0.15","/blog","URL_PROVAVEL","0.0249","MONITOR","P3"
"lugares bonitos em sp para tirar fotos","2","21","9.52%","1","1-3","DINHEIRO","outros","0.5","/","URL_PROVAVEL","0.0248","MONITOR","P3"
"o que cada cor transmite","2","167","1.2%","1.71","1-3","INFORMATIVA","outros","0.15","/blog","URL_PROVAVEL","0.0244","MONITOR","P3"
"png ou jpg para instagram","2","163","1.23%","2.46","1-3","INFORMATIVA","outros","0.15","/blog","URL_PROVAVEL","0.0242","MONITOR","P3"
"poses para fotos institucionais","1","5","0.2%","1.6","1-3","AUTORIDADE","outros","0.4","/blog","URL_PROVAVEL","0.0241","INTERNAL LINK (blog->money)","P3"
"smart casual homem","1","133","0.75%","2.42","1-3","INFORMATIVA","outros","0.15","/blog","URL_PROVAVEL","0.0239","MONITOR","P3"
"psicologia da cores","4","193","2.07%","2.68","1-3","INFORMATIVA","outros","0.15","/blog","URL_PROVAVEL","0.0238","MONITOR","P3"
"traje business casual masculino","1","130","0.77%","2.72","1-3","INFORMATIVA","outros","0.15","/blog","URL_PROVAVEL","0.0238","MONITOR","P3"
"estilo casual masculino para trabalho","1","129","0.78%","1.31","1-3","INFORMATIVA","outros","0.15","/blog","URL_PROVAVEL","0.0237","MONITOR","P3"
"fundo para foto no espelho","1","1","1%","6","4-6","AUTORIDADE","outros","0.4","/blog","URL_PROVAVEL","0.0236","INTERNAL LINK (blog->money)","P3"
"fundos profissionais para fotos","3","48","6.25%","3.15","4-6","AUTORIDADE","outros","0.4","/blog","URL_PROVAVEL","0.0232","INTERNAL LINK (blog->money)","P3"
"cores na psicologia","3","155","1.94%","1.27","1-3","INFORMATIVA","outros","0.15","/blog","URL_PROVAVEL","0.023","MONITOR","P3"
"cores de fundo para fotos","1","27","3.7%","6.89","7-10","AUTORIDADE","outros","0.4","/blog","URL_PROVAVEL","0.023","INTERNAL LINK (blog->money)","P3"
"poses retrato","1","8","12.5%","1.62","1-3","DINHEIRO","outros","1","/","URL_PROVAVEL","0.0228","MONITOR","P3"
"ensaio fotografico","1","8","12.5%","2.62","1-3","DINHEIRO","outros","1","/","URL_PROVAVEL","0.0228","MONITOR","P3"
"mais lugares","1","4","0.25%","6","4-6","INFORMATIVA","outros","0.15","/blog","URL_PROVAVEL","0.0227","MONITOR","P3"
"paleta de cores psicologia","1","106","0.94%","1.1","1-3","INFORMATIVA","outros","0.15","/blog","URL_PROVAVEL","0.0226","MONITOR","P3"
"como montar linkedin","1","1","1%","1","1-3","DINHEIRO","linkedin","1","/foto-profissional-para-linkedin","URL_PROVAVEL","0.0223","MONITOR","P3"
"fotografía de estudio","1","1","1%","1","1-3","DINHEIRO","outros","1","/","URL_PROVAVEL","0.0223","MONITOR","P3"
"cores sentimentos","2","120","1.67%","1.1","1-3","INFORMATIVA","outros","0.15","/blog","URL_PROVAVEL","0.0222","MONITOR","P3"
"icloud liberar espaco no iphone","1","38","2.63%","8.18","7-10","INFORMATIVA","edicao-apps","0.15","/blog","URL_PROVAVEL","0.0222","MONITOR","P3"
"sentimentos das cores","2","116","1.72%","1.83","1-3","INFORMATIVA","outros","0.15","/blog","URL_PROVAVEL","0.022","MONITOR","P3"
"cores dos sentimentos","5","165","3.03%","1.2","1-3","INFORMATIVA","outros","0.15","/blog","URL_PROVAVEL","0.0217","MONITOR","P3"
"cores profissionais","1","92","1.09%","1.64","1-3","INFORMATIVA","outros","0.15","/blog","URL_PROVAVEL","0.0217","MONITOR","P3"
"no lightroom","1","4","0.25%","1.25","1-3","AUTORIDADE","edicao-apps","0.4","/blog","URL_PROVAVEL","0.0216","INTERNAL LINK (blog->money)","P3"
"qual cor transmite confiança","1","86","1.16%","2.17","1-3","INFORMATIVA","outros","0.15","/blog","URL_PROVAVEL","0.0213","MONITOR","P3"
"melhores app para edição de video","3","98","3.06%","2.87","1-3","INFORMATIVA","edicao-apps","0.15","/blog","URL_PROVAVEL","0.0194","MONITOR","P3"
"significado da cor marrom na psicologia","1","62","1.61%","1","1-3","INFORMATIVA","outros","0.15","/blog","URL_PROVAVEL","0.0192","MONITOR","P3"
"como liberar espaço no iphone icloud","1","35","2.86%","7.6","7-10","INFORMATIVA","edicao-apps","0.15","/blog","URL_PROVAVEL","0.019","MONITOR","P3"
"divulgar live","1","35","2.86%","8.74","7-10","INFORMATIVA","outros","0.15","/blog","URL_PROVAVEL","0.019","MONITOR","P3"
"cores que transmitem tranquilidade","2","72","2.78%","1.44","1-3","INFORMATIVA","outros","0.15","/blog","URL_PROVAVEL","0.0185","MONITOR","P3"
"envie fotos","1","2","0.5%","3","1-3","DINHEIRO","outros","0.5","/","URL_PROVAVEL","0.0182","MONITOR","P3"
"pessoa tirada","1","34","2.94%","9.56","7-10","INFORMATIVA","outros","0.15","/blog","URL_PROVAVEL","0.018","MONITOR","P3"
"qual o significado da cor roxa","1","45","2.22%","2.13","1-3","INFORMATIVA","outros","0.15","/blog","URL_PROVAVEL","0.0171","MONITOR","P3"
"ensaio fotográfico dentista","2","27","7.41%","3.74","4-6","DINHEIRO","saude","1","/fotos-profissionais-medicos","URL_PROVAVEL","0.0167","MONITOR","P3"
"fotos profissionais poses","1","11","9.09%","1.36","1-3","AUTORIDADE","foto-profissional","0.4","/foto-profissional","URL_PROVAVEL","0.0167","INTERNAL LINK (blog->money)","P3"
"pose para foto de trabalho","1","11","9.09%","1.55","1-3","AUTORIDADE","outros","0.4","/blog","URL_PROVAVEL","0.0167","INTERNAL LINK (blog->money)","P3"
"cores e o que elas transmitem","2","53","3.77%","1.58","1-3","INFORMATIVA","outros","0.15","/blog","URL_PROVAVEL","0.0161","MONITOR","P3"
"aplicativo de vídeo pornô","1","55","1.82%","11.65","11-15","INFORMATIVA","edicao-apps","0.15","/blog","URL_PROVAVEL","0.016","MONITOR","P3"
"armazenamento iphone","1","55","1.82%","13.25","11-15","INFORMATIVA","edicao-apps","0.15","/blog","URL_PROVAVEL","0.016","MONITOR","P3"
"cores e seus sentimentos","1","38","2.63%","1","1-3","INFORMATIVA","outros","0.15","/blog","URL_PROVAVEL","0.016","MONITOR","P3"
"cores que remetem a criatividade","1","38","2.63%","2.5","1-3","INFORMATIVA","outros","0.15","/blog","URL_PROVAVEL","0.016","MONITOR","P3"
"tipos de dresscode","1","38","2.63%","2.26","1-3","INFORMATIVA","outros","0.15","/blog","URL_PROVAVEL","0.016","MONITOR","P3"
"app para fazer video porno","1","4","0.25%","3.75","4-6","INFORMATIVA","edicao-apps","0.15","/blog","URL_PROVAVEL","0.0159","MONITOR","P3"
"cores de sentimentos","1","37","2.7%","1.8","1-3","INFORMATIVA","outros","0.15","/blog","URL_PROVAVEL","0.0158","MONITOR","P3"
"salomão concursos","2","60","3.33%","7.15","7-10","INFORMATIVA","outros","0.15","/blog","URL_PROVAVEL","0.0156","MONITOR","P3"
"fotografia para perfil profissional","2","176","1.14%","18.49","16-20","DINHEIRO","foto-profissional","1","/foto-profissional","URL_PROVAVEL","0.0151","CONTENT+CASE","P3"
"ale fotografia","5","45","11.11%","2.47","1-3","BRANDED","outros","0.3","/","URL_PROVAVEL","0.0149","MONITOR","P3"
"paisagens são paulo","1","19","5.26%","6","4-6","INFORMATIVA","outros","0.15","/blog","URL_PROVAVEL","0.0149","MONITOR","P3"
"foto de perfil institucional","1","7","14.29%","1","1-3","DINHEIRO","foto-profissional","1","/foto-profissional","URL_PROVAVEL","0.0146","MONITOR","P3"
"como liberar espaço no icloud sem perder nada","1","31","3.23%","6.77","7-10","INFORMATIVA","edicao-apps","0.15","/blog","URL_PROVAVEL","0.0143","MONITOR","P3"
"melhor editor de vídeo para celular grátis","1","31","3.23%","9.1","7-10","INFORMATIVA","video","0.15","/videos","URL_PROVAVEL","0.0143","MONITOR","P3"
"jpeg ou png para instagram","1","30","3.33%","1.57","1-3","INFORMATIVA","outros","0.15","/blog","URL_PROVAVEL","0.0143","MONITOR","P3"
"lugares instagramáveis","1","2","0.5%","9","7-10","INFORMATIVA","outros","0.15","/blog","URL_PROVAVEL","0.0142","MONITOR","P3"
"apps editar videos","1","14","7.14%","6","4-6","DINHEIRO","edicao-apps","0.5","/blog","URL_PROVAVEL","0.0141","CONTENT+INTERNAL LINK","P3"
"qual aplicativo bom para editar vídeos","1","18","5.56%","4.33","4-6","INFORMATIVA","edicao-apps","0.15","/blog","URL_PROVAVEL","0.0131","MONITOR","P3"
"limpar icloud drive iphone","2","56","3.57%","7.91","7-10","INFORMATIVA","edicao-apps","0.15","/blog","URL_PROVAVEL","0.0122","MONITOR","P3"
"editar uma foto","1","1","1%","1","1-3","DINHEIRO","edicao-apps","0.5","/blog","URL_PROVAVEL","0.0111","MONITOR","P3"
"quero mudar minha foto","1","1","1%","1","1-3","DINHEIRO","outros","0.5","/","URL_PROVAVEL","0.0111","MONITOR","P3"
"foto de almoço","1","1","1%","2","1-3","DINHEIRO","outros","0.5","/","URL_PROVAVEL","0.0111","MONITOR","P3"
"emoção das cores","1","19","5.26%","1.68","1-3","INFORMATIVA","outros","0.15","/blog","URL_PROVAVEL","0.0108","MONITOR","P3"
"fotografia profissional perto de mim","1","23","4.35%","9.22","7-10","DINHEIRO","foto-profissional","1","/foto-profissional","URL_PROVAVEL","0.0103","CONTENT+INTERNAL LINK","P3"
"editor de video gratis android","1","28","3.57%","9.82","7-10","INFORMATIVA","edicao-apps","0.15","/blog","URL_PROVAVEL","0.0101","MONITOR","P3"
"lugares para fazer ensaio de 15 anos","1","13","7.69%","4.31","4-6","DINHEIRO","lugares-fotografar","1","/blog","URL_PROVAVEL","0.0099","CONTENT+INTERNAL LINK","P3"
"roupa masculina para reunião de trabalho","1","16","6.25%","1","1-3","INFORMATIVA","outros","0.15","/blog","URL_PROVAVEL","0.0094","MONITOR","P3"
"cores para psicologia","1","5","0.2%","2","1-3","INFORMATIVA","outros","0.15","/blog","URL_PROVAVEL","0.009","MONITOR","P3"
"190m²","1","1","1%","4","4-6","INFORMATIVA","outros","0.15","/blog","URL_PROVAVEL","0.0088","MONITOR","P3"
"ios 18","1","1","1%","5","4-6","INFORMATIVA","outros","0.15","/blog","URL_PROVAVEL","0.0088","MONITOR","P3"
"lugares seguros","1","1","1%","6","4-6","INFORMATIVA","outros","0.15","/blog","URL_PROVAVEL","0.0088","MONITOR","P3"
"s","1","1","1%","6","4-6","INFORMATIVA","outros","0.15","/blog","URL_PROVAVEL","0.0088","MONITOR","P3"
"melhor editor de video gratuito android","1","27","3.7%","9.48","7-10","INFORMATIVA","edicao-apps","0.15","/blog","URL_PROVAVEL","0.0086","MONITOR","P3"
"food porn","1","4","0.25%","2.75","1-3","INFORMATIVA","outros","0.15","/blog","URL_PROVAVEL","0.0081","MONITOR","P3"
"aplicativo para editar videos para instagram","2","51","3.92%","8.94","7-10","INFORMATIVA","edicao-apps","0.15","/blog","URL_PROVAVEL","0.0074","MONITOR","P3"
"paleta de cores calmas","1","12","8.33%","1","1-3","INFORMATIVA","outros","0.15","/blog","URL_PROVAVEL","0.007","MONITOR","P3"
"vantagens e desvantagens png","1","11","9.09%","1.82","1-3","INFORMATIVA","outros","0.15","/blog","URL_PROVAVEL","0.0063","MONITOR","P3"
"porno video grátis","1","1","1%","13","11-15","INFORMATIVA","video","0.15","/videos","URL_PROVAVEL","0.0061","MONITOR","P3"
"cor amarela psicologia das cores","1","7","14.29%","1.43","1-3","AUTORIDADE","outros","0.4","/blog","URL_PROVAVEL","0.0058","INTERNAL LINK (blog->money)","P3"
"lugares para tirar foto em sao paulo","1","2","0.5%","1","1-3","INFORMATIVA","lugares-fotografar","0.15","/blog","URL_PROVAVEL","0.0054","MONITOR","P3"
"educação","1","2","0.5%","2","1-3","INFORMATIVA","outros","0.15","/blog","URL_PROVAVEL","0.0054","MONITOR","P3"
"como limpar a memoria do iphone","1","2","0.5%","3","1-3","INFORMATIVA","edicao-apps","0.15","/blog","URL_PROVAVEL","0.0054","MONITOR","P3"
"significado da cor laranja","1","9","11.11%","2.56","1-3","INFORMATIVA","outros","0.15","/blog","URL_PROVAVEL","0.0045","MONITOR","P3"
"aplicativo de editar video gratis","1","14","7.14%","5.86","4-6","INFORMATIVA","edicao-apps","0.15","/blog","URL_PROVAVEL","0.0042","MONITOR","P3"
"linguagem corporal imagens","1","23","4.35%","8.4","7-10","AUTORIDADE","outros","0.4","/blog","URL_PROVAVEL","0.0041","INTERNAL LINK (blog->money)","P3"
"locais para ensaio fotográfico","3","38","7.89%","3.55","4-6","DINHEIRO","outros","1","/","URL_PROVAVEL","0.0034","MONITOR","P3"
"lugares instagramaveis","1","24","4.17%","9.33","7-10","INFORMATIVA","outros","0.15","/blog","URL_PROVAVEL","0.0034","MONITOR","P3"
"o que é o backup do icloud","1","8","12.5%","2","1-3","INFORMATIVA","edicao-apps","0.15","/blog","URL_PROVAVEL","0.0034","MONITOR","P3"
"como funciona o icloud","1","8","12.5%","2.62","1-3","INFORMATIVA","edicao-apps","0.15","/blog","URL_PROVAVEL","0.0034","MONITOR","P3"
"a memoria do meu iphone esta cheia o que fazer","1","1","1%","1","1-3","INFORMATIVA","edicao-apps","0.15","/blog","URL_PROVAVEL","0.0033","MONITOR","P3"
"baixar aplicativos pro","1","1","1%","1","1-3","INFORMATIVA","outros","0.15","/blog","URL_PROVAVEL","0.0033","MONITOR","P3"
"eu já fiz tudo isso","1","1","1%","2","1-3","INFORMATIVA","outros","0.15","/blog","URL_PROVAVEL","0.0033","MONITOR","P3"
"as cores das pessoas","1","1","1%","3","1-3","INFORMATIVA","outros","0.15","/blog","URL_PROVAVEL","0.0033","MONITOR","P3"
"como acessar fotos no icloud","1","1","1%","3","1-3","INFORMATIVA","edicao-apps","0.15","/blog","URL_PROVAVEL","0.0033","MONITOR","P3"
"como limpar o iphone memoria cheia","1","1","1%","3","1-3","INFORMATIVA","edicao-apps","0.15","/blog","URL_PROVAVEL","0.0033","MONITOR","P3"
"grátis","1","1","1%","3","1-3","INFORMATIVA","outros","0.15","/blog","URL_PROVAVEL","0.0033","MONITOR","P3"
"icloud nuvem preço","1","1","1%","3","1-3","INFORMATIVA","edicao-apps","0.15","/blog","URL_PROVAVEL","0.0033","MONITOR","P3"
"site do icloud","1","1","1%","3","1-3","INFORMATIVA","edicao-apps","0.15","/blog","URL_PROVAVEL","0.0033","MONITOR","P3"
"aplicativo grátis para fazer vídeo","2","46","4.35%","8.2","7-10","INFORMATIVA","edicao-apps","0.15","/blog","URL_PROVAVEL","0.0019","MONITOR","P3"
"locais em sp","2","46","4.35%","9.2","7-10","INFORMATIVA","outros","0.15","/blog","URL_PROVAVEL","0.0019","MONITOR","P3"
"lugares para tirar foto em sp","109","421","25.89%","6.2","7-10","INFORMATIVA","lugares-fotografar","0.15","/blog","URL_PROVAVEL","0","MONITOR","P3"
"lugares para fotografar em sp","32","110","29.09%","1.65","1-3","INFORMATIVA","lugares-fotografar","0.15","/blog","URL_PROVAVEL","0","MONITOR","P3"
"lugares para sessão de fotos em sp","23","208","11.06%","11.59","11-15","DINHEIRO","lugares-fotografar","0.5","/blog","URL_PROVAVEL","0","CONTENT+INTERNAL LINK","P3"
"lugares para tirar fotos em sp","15","61","24.59%","1.77","1-3","INFORMATIVA","lugares-fotografar","0.15","/blog","URL_PROVAVEL","0","MONITOR","P3"
"lugares para fazer ensaio fotográfico em sp","14","220","6.36%","9.66","7-10","DINHEIRO","lugares-fotografar","1","/blog","URL_PROVAVEL","0","CONTENT+INTERNAL LINK","P3"
"fotografia evento corporativo","9","38","23.68%","3.3","4-6","DINHEIRO","eventos","1","/eventos-corporativos","URL_PROVAVEL","0","MONITOR","P3"
"lugares bonitos para tirar foto em sp","9","34","26.47%","1","1-3","DINHEIRO","outros","0.5","/","URL_PROVAVEL","0","MONITOR","P3"
"fotos são paulo","8","1319","0.61%","1.65","1-3","IRRELEVANTE","outros","0","/","URL_PROVAVEL","0","MONITOR","P3"
"fotografo corporativo","7","506","1.38%","28.32","21-50","DINHEIRO","fotografo-corporativo","1","/fotografo-corporativo","URL_PROVAVEL","0","CONTENT+CASE","P3"
"fotografo sao paulo","6","259","2.32%","21.27","21-50","DINHEIRO","fotografo-generico","0.5","/fotografo-corporativo","URL_PROVAVEL","0","CONTENT+CASE","P3"
"lugares para ensaio fotográfico","5","42","11.9%","6.71","7-10","DINHEIRO","lugares-fotografar","1","/blog","URL_PROVAVEL","0","CONTENT+INTERNAL LINK","P3"
"lugares para tirar foto em são paulo","5","23","21.74%","1.22","1-3","INFORMATIVA","lugares-fotografar","0.15","/blog","URL_PROVAVEL","0","MONITOR","P3"
"fotografo em sao paulo","4","269","1.49%","16.36","16-20","DINHEIRO","fotografo-generico","0.5","/fotografo-corporativo","URL_PROVAVEL","0","CONTENT+CASE","P3"
"fotos lindas de são paulo","4","127","3.15%","1.9","1-3","IRRELEVANTE","outros","0","/","URL_PROVAVEL","0","MONITOR","P3"
"fotografos em sao paulo","4","55","7.27%","6.22","7-10","DINHEIRO","fotografo-generico","0.5","/fotografo-corporativo","URL_PROVAVEL","0","CONTENT+INTERNAL LINK","P3"
"fotografos em sp","4","51","7.84%","10.39","11-15","DINHEIRO","fotografo-generico","0.5","/fotografo-corporativo","URL_PROVAVEL","0","CONTENT+INTERNAL LINK","P3"
"roupa para fotos profissionais","4","48","8.33%","3.44","4-6","DINHEIRO","foto-profissional","0.5","/foto-profissional","URL_PROVAVEL","0","MONITOR","P3"
"dicas para foto","4","47","8.51%","5.53","4-6","APOIO","outros","0.6","/blog","URL_PROVAVEL","0","CONTENT+INTERNAL LINK","P3"
"ensaios femininos","4","26","15.38%","10.69","11-15","DINHEIRO","outros","1","/","URL_PROVAVEL","0","CONTENT+INTERNAL LINK","P3"
"fotos preto e branco","3","793","0.38%","8.27","7-10","IRRELEVANTE","outros","0","/","URL_PROVAVEL","0","MONITOR","P3"
"foto lembrança","3","235","1.28%","7.6","7-10","IRRELEVANTE","outros","0","/","URL_PROVAVEL","0","MONITOR","P3"
"dicas para fotos","3","145","2.07%","19.58","16-20","APOIO","outros","0.6","/blog","URL_PROVAVEL","0","CONTENT+CASE","P3"
"foto lembrança na hora","3","127","2.36%","7.35","7-10","IRRELEVANTE","outros","0","/","URL_PROVAVEL","0","MONITOR","P3"
"lugares em sao paulo para fotografar","3","98","3.06%","10.41","11-15","DINHEIRO","outros","0.5","/","URL_PROVAVEL","0","CONTENT+INTERNAL LINK","P3"
"fotografia industrial","3","94","3.19%","17.5","16-20","DINHEIRO","industria","1","/fotografo-corporativo/fotografia-industrial-em-sp","URL_PROVAVEL","0","CONTENT+CASE","P3"
"fotos a preto e branco lindas","3","73","4.11%","2.47","1-3","IRRELEVANTE","outros","0","/","URL_PROVAVEL","0","MONITOR","P3"
"apps de vídeo","3","57","5.26%","6.32","7-10","DINHEIRO","edicao-apps","0.5","/blog","URL_PROVAVEL","0","CONTENT+INTERNAL LINK","P3"
"site de fotógrafos profissionais","3","43","6.98%","8.74","7-10","DINHEIRO","outros","0.5","/","URL_PROVAVEL","0","CONTENT+INTERNAL LINK","P3"
"fotografo eventos corporativos","3","22","13.64%","10.36","11-15","DINHEIRO","eventos","1","/eventos-corporativos","URL_PROVAVEL","0","CONTENT+INTERNAL LINK","P3"
"fotos de comidas bonitas","2","803","0.25%","1.73","1-3","IRRELEVANTE","gastronomia","0","/fotografo-corporativo/fotografia-gastronomica","URL_PROVAVEL","0","MONITOR","P3"
"foto profissional preto e branco","2","154","1.3%","1.21","1-3","IRRELEVANTE","foto-profissional","0","/foto-profissional","URL_PROVAVEL","0","MONITOR","P3"
"fotografo de eventos corporativos","2","132","1.52%","20.78","21-50","DINHEIRO","eventos","1","/eventos-corporativos","URL_PROVAVEL","0","CONTENT+CASE","P3"
"fotografo de eventos","2","85","2.35%","16.44","16-20","DINHEIRO","eventos","1","/eventos-corporativos","URL_PROVAVEL","0","CONTENT+CASE","P3"
"lugar para tirar fotos em sp","2","73","2.74%","26.29","21-50","DINHEIRO","outros","0.5","/","URL_PROVAVEL","0","CONTENT+CASE","P3"
"ensaio fotografico corporativo","2","63","3.17%","11.24","11-15","DINHEIRO","foto-profissional","1","/foto-profissional","URL_PROVAVEL","0","CONTENT+INTERNAL LINK","P3"
"fotógrafo em são paulo","2","63","3.17%","16.81","16-20","DINHEIRO","fotografo-generico","0.5","/fotografo-corporativo","URL_PROVAVEL","0","CONTENT+CASE","P3"
"fotos em sp","2","61","3.28%","1.13","1-3","IRRELEVANTE","outros","0","/","URL_PROVAVEL","0","MONITOR","P3"
"fotografia sao paulo","2","45","4.44%","11.29","11-15","DINHEIRO","outros","0.5","/","URL_PROVAVEL","0","CONTENT+INTERNAL LINK","P3"
"fotografo site","2","39","5.13%","7.92","7-10","DINHEIRO","outros","0.5","/","URL_PROVAVEL","0","CONTENT+INTERNAL LINK","P3"
"app para fazer video com fotos gratuito","2","36","5.56%","10.22","11-15","INFORMATIVA","edicao-apps","0.15","/blog","URL_PROVAVEL","0","MONITOR","P3"
"app para criar videos com fotos","2","33","6.06%","9.73","7-10","INFORMATIVA","edicao-apps","0.15","/blog","URL_PROVAVEL","0","MONITOR","P3"
"site de fotógrafo","2","30","6.67%","6.73","7-10","DINHEIRO","outros","0.5","/","URL_PROVAVEL","0","CONTENT+INTERNAL LINK","P3"
"sites de fotografos profissionais","2","30","6.67%","8.17","7-10","DINHEIRO","outros","0.5","/","URL_PROVAVEL","0","CONTENT+INTERNAL LINK","P3"
"sites de fotografos","2","22","9.09%","8.64","7-10","DINHEIRO","outros","0.5","/","URL_PROVAVEL","0","CONTENT+INTERNAL LINK","P3"
"roupas para ensaio fotográfico em estúdio","2","21","9.52%","9.71","7-10","DINHEIRO","outros","1","/","URL_PROVAVEL","0","CONTENT+INTERNAL LINK","P3"
"ensaio dentista","2","18","11.11%","3.33","4-6","DINHEIRO","saude","1","/fotos-profissionais-medicos","URL_PROVAVEL","0","MONITOR","P3"
"fotografo social","2","13","15.38%","5.23","4-6","DINHEIRO","outros","0.5","/","URL_PROVAVEL","0","CONTENT+INTERNAL LINK","P3"
"site fotografos profissionais","2","11","18.18%","8.18","7-10","DINHEIRO","outros","0.5","/","URL_PROVAVEL","0","CONTENT+INTERNAL LINK","P3"
"linguagem corporal casal fotos","2","9","22.22%","8.22","7-10","AUTORIDADE","outros","0.4","/blog","URL_PROVAVEL","0","INTERNAL LINK (blog->money)","P3"
"parque para fotos","2","7","28.57%","3.29","4-6","DINHEIRO","outros","0.5","/","URL_PROVAVEL","0","MONITOR","P3"
"editor de fotos e vídeos grátis","2","6","33.33%","17","16-20","INFORMATIVA","video","0.15","/videos","URL_PROVAVEL","0","MONITOR","P3"
"fotos em preto e branco","1","613","0.16%","6.89","7-10","IRRELEVANTE","outros","0","/","URL_PROVAVEL","0","MONITOR","P3"
"fotos de sp","1","154","0.65%","1.16","1-3","IRRELEVANTE","outros","0","/","URL_PROVAVEL","0","MONITOR","P3"
"fotos de pessoas em preto e branco","1","52","1.92%","1","1-3","IRRELEVANTE","outros","0","/","URL_PROVAVEL","0","MONITOR","P3"
"como tirar foto em preto e branco no celular","1","51","1.96%","7.39","7-10","IRRELEVANTE","outros","0","/","URL_PROVAVEL","0","MONITOR","P3"
"site de fotógrafos","1","48","2.08%","16.67","16-20","DINHEIRO","outros","0.5","/","URL_PROVAVEL","0","CONTENT+CASE","P3"
"foto preto e branco psicologia","1","46","2.17%","5.15","4-6","IRRELEVANTE","outros","0","/","URL_PROVAVEL","0","MONITOR","P3"
"fotografia de evento","1","45","2.22%","21.87","21-50","DINHEIRO","eventos","1","/eventos-corporativos","URL_PROVAVEL","0","CONTENT+CASE","P3"
"fotógrafo de eventos","1","37","2.7%","12.7","11-15","DINHEIRO","eventos","1","/eventos-corporativos","URL_PROVAVEL","0","CONTENT+INTERNAL LINK","P3"
"fotografo evento corporativo","1","35","2.86%","14.2","11-15","DINHEIRO","eventos","1","/eventos-corporativos","URL_PROVAVEL","0","CONTENT+INTERNAL LINK","P3"
"sites de fotografia","1","34","2.94%","10.65","11-15","DINHEIRO","outros","0.5","/","URL_PROVAVEL","0","CONTENT+INTERNAL LINK","P3"
"site de fotografos","1","32","3.12%","12.9","11-15","DINHEIRO","outros","0.5","/","URL_PROVAVEL","0","CONTENT+INTERNAL LINK","P3"
"site fotografia","1","31","3.23%","16.23","16-20","DINHEIRO","outros","0.5","/","URL_PROVAVEL","0","CONTENT+CASE","P3"
"ensaio fotografico feminino","1","23","4.35%","10.43","11-15","DINHEIRO","outros","1","/","URL_PROVAVEL","0","CONTENT+INTERNAL LINK","P3"
"aplicativo que edita video gratis","1","22","4.55%","6.77","7-10","INFORMATIVA","edicao-apps","0.15","/blog","URL_PROVAVEL","0","MONITOR","P3"
"foto profissional para instagram","1","22","4.55%","7.27","7-10","DINHEIRO","foto-profissional","1","/foto-profissional","URL_PROVAVEL","0","CONTENT+INTERNAL LINK","P3"
"editor de video profissional para android","1","19","5.26%","10.16","11-15","DINHEIRO","edicao-apps","1","/blog","URL_PROVAVEL","0","CONTENT+INTERNAL LINK","P3"
"lugares para fazer sessão de fotos","1","18","5.56%","8.33","7-10","DINHEIRO","lugares-fotografar","0.5","/blog","URL_PROVAVEL","0","CONTENT+INTERNAL LINK","P3"
"armazenamento iphone cheio o que fazer","1","18","5.56%","9.11","7-10","INFORMATIVA","edicao-apps","0.15","/blog","URL_PROVAVEL","0","MONITOR","P3"
"site de fotografia profissional","1","16","6.25%","7.5","7-10","DINHEIRO","foto-profissional","1","/foto-profissional","URL_PROVAVEL","0","CONTENT+INTERNAL LINK","P3"
"fotografo para eventos","1","16","6.25%","7.62","7-10","DINHEIRO","eventos","1","/eventos-corporativos","URL_PROVAVEL","0","CONTENT+INTERNAL LINK","P3"
"photoshop atalhos","1","16","6.25%","9.75","7-10","AUTORIDADE","edicao-apps","0.4","/blog","URL_PROVAVEL","0","INTERNAL LINK (blog->money)","P3"
"app para videos com fotos","1","15","6.67%","7.7","7-10","INFORMATIVA","edicao-apps","0.15","/blog","URL_PROVAVEL","0","MONITOR","P3"
"lugares para tirar foto de casamento","1","15","6.67%","7.2","7-10","INFORMATIVA","lugares-fotografar","0.15","/blog","URL_PROVAVEL","0","MONITOR","P3"
"editar vídeos","1","14","7.14%","6.14","7-10","DINHEIRO","edicao-apps","0.5","/blog","URL_PROVAVEL","0","CONTENT+INTERNAL LINK","P3"
"retrato","1","14","7.14%","6.36","7-10","DINHEIRO","outros","1","/","URL_PROVAVEL","0","CONTENT+INTERNAL LINK","P3"
"lugares para fazer ensaio fotográfico de debutante","1","13","7.69%","6.8","7-10","DINHEIRO","lugares-fotografar","1","/blog","URL_PROVAVEL","0","CONTENT+INTERNAL LINK","P3"
"fotografia de ambientes","1","13","7.69%","6.69","7-10","DINHEIRO","outros","0.5","/","URL_PROVAVEL","0","CONTENT+INTERNAL LINK","P3"
"poses politicos","1","12","8.33%","4.17","4-6","AUTORIDADE","outros","0.4","/blog","URL_PROVAVEL","0","INTERNAL LINK (blog->money)","P3"
"diferença jpg e png","1","12","8.33%","5","4-6","INFORMATIVA","outros","0.15","/blog","URL_PROVAVEL","0","MONITOR","P3"
"fotografo retrato corporativo","1","12","8.33%","7.17","7-10","DINHEIRO","retrato-executivo","1","/fotografia-executiva","URL_PROVAVEL","0","CONTENT+INTERNAL LINK","P3"
"porque o icloud drive ocupa espaço no iphone","1","12","8.33%","7.83","7-10","INFORMATIVA","edicao-apps","0.15","/blog","URL_PROVAVEL","0","MONITOR","P3"
"posses de pessoas","1","12","8.33%","8.92","7-10","INFORMATIVA","outros","0.15","/blog","URL_PROVAVEL","0","MONITOR","P3"
"profissional imagem","1","12","8.33%","9.5","7-10","DINHEIRO","outros","1","/","URL_PROVAVEL","0","CONTENT+INTERNAL LINK","P3"
"modelo de foto de perfil profissional","1","11","9.09%","5.18","4-6","DINHEIRO","foto-profissional","1","/foto-profissional","URL_PROVAVEL","0","CONTENT+INTERNAL LINK","P3"
"lugares instagramaveis em sao paulo","1","11","9.09%","6.64","7-10","INFORMATIVA","outros","0.15","/blog","URL_PROVAVEL","0","MONITOR","P3"
"lugar de fotografia","1","11","9.09%","7.27","7-10","DINHEIRO","outros","0.5","/","URL_PROVAVEL","0","CONTENT+INTERNAL LINK","P3"
"fotografo linkedin","1","11","9.09%","7.91","7-10","DINHEIRO","linkedin","1","/foto-profissional-para-linkedin","URL_PROVAVEL","0","CONTENT+INTERNAL LINK","P3"
"editar video","1","11","9.09%","24.55","21-50","DINHEIRO","edicao-apps","0.5","/blog","URL_PROVAVEL","0","CONTENT+CASE","P3"
"locais para ensaios fotograficos","1","9","11.11%","4.44","4-6","DINHEIRO","outros","1","/","URL_PROVAVEL","0","CONTENT+INTERNAL LINK","P3"
"youtube live","1","9","11.11%","7.22","7-10","INFORMATIVA","outros","0.15","/blog","URL_PROVAVEL","0","MONITOR","P3"
"fotografia eventos","1","9","11.11%","10.22","11-15","DINHEIRO","eventos","1","/eventos-corporativos","URL_PROVAVEL","0","CONTENT+INTERNAL LINK","P3"
"fotografia para eventos","1","9","11.11%","10.22","11-15","DINHEIRO","eventos","1","/eventos-corporativos","URL_PROVAVEL","0","CONTENT+INTERNAL LINK","P3"
"lugares para fazer fotos de 15 anos","1","8","12.5%","4.38","4-6","DINHEIRO","lugares-fotografar","0.5","/blog","URL_PROVAVEL","0","CONTENT+INTERNAL LINK","P3"
"you tube","1","8","12.5%","7.38","7-10","INFORMATIVA","outros","0.15","/blog","URL_PROVAVEL","0","MONITOR","P3"
"foto em branco e preto","1","8","12.5%","8.38","7-10","DINHEIRO","outros","0.5","/","URL_PROVAVEL","0","CONTENT+INTERNAL LINK","P3"
"locais instagramaveis","1","8","12.5%","8.38","7-10","INFORMATIVA","outros","0.15","/blog","URL_PROVAVEL","0","MONITOR","P3"
"aplicativo de fazer vídeo porno","1","8","12.5%","11.12","11-15","INFORMATIVA","edicao-apps","0.15","/blog","URL_PROVAVEL","0","MONITOR","P3"
"fotografo gastronomico","1","8","12.5%","12.38","11-15","DINHEIRO","gastronomia","1","/fotografo-corporativo/fotografia-gastronomica","URL_PROVAVEL","0","CONTENT+INTERNAL LINK","P3"
"lightroom editar fotos","1","8","12.5%","18.88","16-20","AUTORIDADE","edicao-apps","0.4","/blog","URL_PROVAVEL","0","INTERNAL LINK (blog->money)","P3"
"comida","1","7","14.29%","3.29","4-6","DINHEIRO","gastronomia","1","/fotografo-corporativo/fotografia-gastronomica","URL_PROVAVEL","0","MONITOR","P3"
"tour fotografico","1","7","14.29%","9.14","7-10","DINHEIRO","outros","0.5","/","URL_PROVAVEL","0","CONTENT+INTERNAL LINK","P3"
"estilo de foto para linkedin","1","6","16.67%","7.33","7-10","DINHEIRO","linkedin","1","/foto-profissional-para-linkedin","URL_PROVAVEL","0","CONTENT+INTERNAL LINK","P3"
"ativa logistica sao paulo","1","6","16.67%","12.33","11-15","DINHEIRO","logistica","1","/fotografo-corporativo/fotografia-de-logistica","URL_PROVAVEL","0","CONTENT+INTERNAL LINK","P3"
"blog fotografo","1","6","16.67%","16.67","16-20","DINHEIRO","outros","0.5","/","URL_PROVAVEL","0","CONTENT+CASE","P3"
"tirar preto e branco da foto","1","5","0.2%","12.4","11-15","IRRELEVANTE","outros","0","/","URL_PROVAVEL","0","MONITOR","P3"
"foto preto e branco pessoa","1","4","0.25%","2.25","1-3","IRRELEVANTE","outros","0","/","URL_PROVAVEL","0","MONITOR","P3"
"melhores poses para fotos profissionais","1","3","33.33%","1","1-3","AUTORIDADE","foto-profissional","0.4","/foto-profissional","URL_PROVAVEL","0","INTERNAL LINK (blog->money)","P3"
"como apagar icloud do iphone","1","3","33.33%","2.33","1-3","INFORMATIVA","edicao-apps","0.15","/blog","URL_PROVAVEL","0","MONITOR","P3"
"foto profecional","1","3","33.33%","2.33","1-3","DINHEIRO","outros","0.5","/","URL_PROVAVEL","0","MONITOR","P3"
"revelar foto","1","3","33.33%","2.33","1-3","DINHEIRO","outros","0.5","/","URL_PROVAVEL","0","MONITOR","P3"
"luz de wood significado de colores pdf","1","3","33.33%","3","1-3","INFORMATIVA","outros","0.15","/blog","URL_PROVAVEL","0","MONITOR","P3"
"profissional","1","3","33.33%","3","1-3","DINHEIRO","outros","1","/","URL_PROVAVEL","0","MONITOR","P3"
"fotografia business","1","3","33.33%","4","4-6","DINHEIRO","outros","0.5","/","URL_PROVAVEL","0","CONTENT+INTERNAL LINK","P3"
"cores de imagem","1","3","33.33%","4.67","4-6","INFORMATIVA","outros","0.15","/blog","URL_PROVAVEL","0","MONITOR","P3"
"fotógrafo publicitário","1","3","33.33%","15.67","16-20","DINHEIRO","outros","0.5","/","URL_PROVAVEL","0","CONTENT+CASE","P3"
"editor de vídeo profissional gratuito","1","3","33.33%","34.67","21-50","DINHEIRO","video","1","/videos","URL_PROVAVEL","0","MONITOR","P3"
"foto preto e branco","0","1235","0%","9.2","7-10","IRRELEVANTE","outros","0","/","URL_PROVAVEL","0","MONITOR","P3"
"foto em preto e branco","0","1017","0%","11.19","11-15","IRRELEVANTE","outros","0","/","URL_PROVAVEL","0","MONITOR","P3"
"fotografia em preto e branco","0","804","0%","12.98","11-15","IRRELEVANTE","outros","0","/","URL_PROVAVEL","0","MONITOR","P3"
