"url","normalized_url","clicks","impressions","ctr","position","page_type","primary_cluster","priority","recommended_action","notes"
"https://www.alefotografo.com.br/blog/10-lugares-em-sao-paulo-para-tirar-boas-fotos","https://www.alefotografo.com.br/blog/10-lugares-em-sao-paulo-para-tirar-boas-fotos","1931","49801","3.88%","4.91","BLOG","blog-editorial","P3","INTERNAL LINK para money page do mesmo cluster","dados apex+www somados"
"https://www.alefotografo.com.br/blog/os-6-melhores-aplicativos-para-editar-videos-pelo-celular","https://www.alefotografo.com.br/blog/os-6-melhores-aplicativos-para-editar-videos-pelo-celular","1515","386810","0.39%","7.47","BLOG","blog-editorial","P3","INTERNAL LINK para money page do mesmo cluster","dados apex+www somados"
"https://www.alefotografo.com.br/blog/fotografo-5-poses-para-retrato-corporativo","https://www.alefotografo.com.br/blog/fotografo-5-poses-para-retrato-corporativo","730","162493","0.45%","5.39","BLOG","blog-editorial","P3","INTERNAL LINK para money page do mesmo cluster","dados apex+www somados"
"https://www.alefotografo.com.br/","https://www.alefotografo.com.br/","352","25212","1.4%","12.5","HOME","outros","P3","MONITOR (H1 LOCK)","dados apex+www somados"
"https://www.alefotografo.com.br/blog/seu-icloud-esta-cheio-5-dicas-para-voce-ganhar-mais-armazenamento-para-suas-fotos-e-videos","https://www.alefotografo.com.br/blog/seu-icloud-esta-cheio-5-dicas-para-voce-ganhar-mais-armazenamento-para-suas-fotos-e-videos","300","140303","0.21%","8","BLOG","blog-editorial","P3","INTERNAL LINK para money page do mesmo cluster","dados apex+www somados"
"https://www.alefotografo.com.br/blog/psicologia-das-cores-e-fotografia-saiba-como-elas-interagem","https://www.alefotografo.com.br/blog/psicologia-das-cores-e-fotografia-saiba-como-elas-interagem","279","68421","0.41%","3.93","BLOG","blog-editorial","P3","INTERNAL LINK para money page do mesmo cluster","dados apex+www somados"
"https://www.alefotografo.com.br/blog/dress-code-corporativo-o-que-vestir-numa-sessao-de-fotos-profissionais","https://www.alefotografo.com.br/blog/dress-code-corporativo-o-que-vestir-numa-sessao-de-fotos-profissionais","261","28982","0.9%","4.88","BLOG","blog-editorial","P3","INTERNAL LINK para money page do mesmo cluster","dados apex+www somados"
"https://www.alefotografo.com.br/blog/11-ideias-para-o-plano-de-fundo-de-seu-retrato-profissional","https://www.alefotografo.com.br/blog/11-ideias-para-o-plano-de-fundo-de-seu-retrato-profissional","247","67747","0.36%","5.8","BLOG","blog-editorial","P3","INTERNAL LINK para money page do mesmo cluster","dados apex+www somados"
"https://www.alefotografo.com.br/blog/linguagem-corporal-na-fotografia-de-retratos","https://www.alefotografo.com.br/blog/linguagem-corporal-na-fotografia-de-retratos","250","28837","0.87%","7.5","BLOG","blog-editorial","P3","INTERNAL LINK para money page do mesmo cluster","dados apex+www somados"
"https://www.alefotografo.com.br/blog/direitos-autorais-na-fotografia-e-nos-retratos-como-funciona-1","https://www.alefotografo.com.br/blog/direitos-autorais-na-fotografia-e-nos-retratos-como-funciona-1","219","28396","0.77%","6.89","BLOG","blog-editorial","P3","INTERNAL LINK para money page do mesmo cluster","dados apex+www somados"
"https://www.alefotografo.com.br/blog/7-lugares-incriveis-para-tirar-fotos-profissionais-em-sao-paulo","https://www.alefotografo.com.br/blog/7-lugares-incriveis-para-tirar-fotos-profissionais-em-sao-paulo","213","17229","1.24%","7.13","BLOG","blog-editorial","P3","INTERNAL LINK para money page do mesmo cluster","dados apex+www somados"
"https://www.alefotografo.com.br/blog/7-dicas-para-voce-nunca-mais-errar-na-aparencia-ao-tirar-fotos-profissionais","https://www.alefotografo.com.br/blog/7-dicas-para-voce-nunca-mais-errar-na-aparencia-ao-tirar-fotos-profissionais","191","36198","0.53%","6.51","BLOG","blog-editorial","P3","INTERNAL LINK para money page do mesmo cluster","dados apex+www somados"
"https://www.alefotografo.com.br/blog/7-erros-que-voce-deve-evitar-na-foto-de-perfil-no-linkedin","https://www.alefotografo.com.br/blog/7-erros-que-voce-deve-evitar-na-foto-de-perfil-no-linkedin","150","72052","0.21%","1.93","BLOG","blog-editorial","P3","INTERNAL LINK para money page do mesmo cluster","dados apex+www somados"
"https://www.alefotografo.com.br/blog/decifrando-o-dress-code-masculino","https://www.alefotografo.com.br/blog/decifrando-o-dress-code-masculino","136","93111","0.15%","5.5","BLOG","blog-editorial","P3","INTERNAL LINK para money page do mesmo cluster","dados apex+www somados"
"https://www.alefotografo.com.br/fotografo-corporativo/foto-impressa-na-hora","https://www.alefotografo.com.br/fotografo-corporativo/foto-impressa-na-hora","111","5558","2%","7.61","MONEY","totem-foto","P1","P1: fortalecer (CTR/conteúdo/case)","dados apex+www somados"
"https://www.alefotografo.com.br/blog/jpeg-ou-png-vantagens-e-desvantagens-dos-dois-formatos-de-imagens","https://www.alefotografo.com.br/blog/jpeg-ou-png-vantagens-e-desvantagens-dos-dois-formatos-de-imagens","104","86831","0.12%","7.1","BLOG","blog-editorial","P3","INTERNAL LINK para money page do mesmo cluster","dados apex+www somados"
"https://www.alefotografo.com.br/fotografo-corporativo/fotografo-de-eventos-corporativos","https://www.alefotografo.com.br/fotografo-corporativo/fotografo-de-eventos-corporativos","102","5837","1.75%","11.31","MONEY","eventos","P1","P1: fortalecer (CTR/conteúdo/case)","dados apex+www somados"
"https://www.alefotografo.com.br/blog/food-styling-7-dicas-de-fotos-de-comida-para-voce-turbinar-suas-vendas","https://www.alefotografo.com.br/blog/food-styling-7-dicas-de-fotos-de-comida-para-voce-turbinar-suas-vendas","97","27043","0.36%","2.58","BLOG","blog-editorial","P3","INTERNAL LINK para money page do mesmo cluster","dados apex+www somados"
"https://www.alefotografo.com.br/fotografo-corporativo/fotografia-para-escritorios-de-advocacia","https://www.alefotografo.com.br/fotografo-corporativo/fotografia-para-escritorios-de-advocacia","92","12480","0.74%","4.9","MONEY","advocacia","P1","P1: fortalecer (CTR/conteúdo/case)","dados apex+www somados"
"https://www.alefotografo.com.br/fotografo-corporativo/ensaio-feminino","https://www.alefotografo.com.br/fotografo-corporativo/ensaio-feminino","91","22233","0.41%","3.32","MONEY","fotografo-corporativo","P3","P3: monitorar","dados apex+www somados"
"https://www.alefotografo.com.br/fotografo-corporativo/fotos-profissionais-para-medicos","https://www.alefotografo.com.br/fotografo-corporativo/fotos-profissionais-para-medicos","87","9223","0.94%","4.3","MONEY","saude","P1","P1: fortalecer (CTR/conteúdo/case)","dados apex+www somados"
"https://www.alefotografo.com.br/fotografo-corporativo/fotografia-corporativa-em-sao-paulo","https://www.alefotografo.com.br/fotografo-corporativo/fotografia-corporativa-em-sao-paulo","84","8264","1.02%","15.52","MONEY","fotografo-corporativo","P2","P2: conteúdo + internal links","dados apex+www somados"
"https://www.alefotografo.com.br/blog/adobe-lightroom-como-tratar-fotos-de-maneira-profissional","https://www.alefotografo.com.br/blog/adobe-lightroom-como-tratar-fotos-de-maneira-profissional","62","10840","0.57%","10.2","BLOG","blog-editorial","P3","INTERNAL LINK para money page do mesmo cluster","dados apex+www somados"
"https://www.alefotografo.com.br/blog/saiba-quais-sao-os-melhores-de-postagem-nas-redes-sociais","https://www.alefotografo.com.br/blog/saiba-quais-sao-os-melhores-de-postagem-nas-redes-sociais","59","94293","0.06%","8.13","BLOG","blog-editorial","P3","INTERNAL LINK para money page do mesmo cluster","dados apex+www somados"
"https://www.alefotografo.com.br/fotografo-corporativo/ensaio-fotografico-para-redes-sociais","https://www.alefotografo.com.br/fotografo-corporativo/ensaio-fotografico-para-redes-sociais","56","3623","1.55%","8.2","MONEY","fotografo-corporativo","P1","P1: fortalecer (CTR/conteúdo/case)","dados apex+www somados"
"https://www.alefotografo.com.br/fotografo-corporativo/retratos-de-medicas","https://www.alefotografo.com.br/fotografo-corporativo/retratos-de-medicas","50","2163","2.31%","6.72","MONEY","saude","P1","P1: fortalecer (CTR/conteúdo/case)","dados apex+www somados"
"https://www.alefotografo.com.br/fotografo-corporativo/ensaio-fotografico-para-dentistas","https://www.alefotografo.com.br/fotografo-corporativo/ensaio-fotografico-para-dentistas","52","4077","1.28%","5.57","MONEY","saude","P1","P1: fortalecer (CTR/conteúdo/case)","dados apex+www somados"
"https://www.alefotografo.com.br/blog/fotografia-em-preto-e-branco-como-tirar-fotos-lindas","https://www.alefotografo.com.br/blog/fotografia-em-preto-e-branco-como-tirar-fotos-lindas","43","15620","0.28%","6.32","BLOG","blog-editorial","P3","INTERNAL LINK para money page do mesmo cluster","dados apex+www somados"
"https://www.alefotografo.com.br/blog/a-sua-foto-de-perfil-pode-representar-mais-do-que-voce-imagina","https://www.alefotografo.com.br/blog/a-sua-foto-de-perfil-pode-representar-mais-do-que-voce-imagina","35","13192","0.27%","6.68","BLOG","blog-editorial","P3","INTERNAL LINK para money page do mesmo cluster","dados apex+www somados"
"https://www.alefotografo.com.br/fotografo-corporativo/retrato-corporativo","https://www.alefotografo.com.br/fotografo-corporativo/retrato-corporativo","27","3599","0.75%","22.77","MONEY","retrato-executivo","P2","P2: conteúdo + internal links","dados apex+www somados"
"https://www.alefotografo.com.br/blog/posicionamento-de-imagem-profissional-o-que-e-e-como-aplicar","https://www.alefotografo.com.br/blog/posicionamento-de-imagem-profissional-o-que-e-e-como-aplicar","27","3120","0.87%","5.98","BLOG","blog-editorial","P3","INTERNAL LINK para money page do mesmo cluster","dados apex+www somados"
"https://www.alefotografo.com.br/blog/como-explorar-a-foto-de-capa-do-seu-perfil-no-linkedin","https://www.alefotografo.com.br/blog/como-explorar-a-foto-de-capa-do-seu-perfil-no-linkedin","24","8294","0.29%","8.68","BLOG","blog-editorial","P3","INTERNAL LINK para money page do mesmo cluster","dados apex+www somados"
"https://www.alefotografo.com.br/fotografo-corporativo/fotografo-feiras-stands","https://www.alefotografo.com.br/fotografo-corporativo/fotografo-feiras-stands","20","1644","1.22%","9.79","MONEY","feiras-stands","P1","P1: fortalecer (CTR/conteúdo/case)","dados apex+www somados"
"https://www.alefotografo.com.br/blog/posicionamento-e-reposicionamento-de-imagem-voce-sabe-qual-a-diferenca","https://www.alefotografo.com.br/blog/posicionamento-e-reposicionamento-de-imagem-voce-sabe-qual-a-diferenca","19","7944","0.24%","5.51","BLOG","blog-editorial","P3","INTERNAL LINK para money page do mesmo cluster","dados apex+www somados"
"https://www.alefotografo.com.br/blog/engenharia-de-cardapio-7-tecnicas-incriveis-para-aumentar-suas-vendas","https://www.alefotografo.com.br/blog/engenharia-de-cardapio-7-tecnicas-incriveis-para-aumentar-suas-vendas","18","1611","1.12%","6.91","BLOG","blog-editorial","P3","INTERNAL LINK para money page do mesmo cluster","dados apex+www somados"
"https://www.alefotografo.com.br/videos-para-empresas/video-institucional-rocha-queiroz-advogados","https://www.alefotografo.com.br/videos-para-empresas/video-institucional-rocha-queiroz-advogados","14","2826","0.5%","8.88","VIDEO_SERVICE","video-item-LEGADO","P1","P1: fortalecer (CTR/conteúdo/case)","dados apex+www somados"
"https://www.alefotografo.com.br/fotografo-corporativo/fotos-para-clinicas-medicas","https://www.alefotografo.com.br/fotografo-corporativo/fotos-para-clinicas-medicas","13","2793","0.47%","4.12","MONEY","saude","P1","P1: fortalecer (CTR/conteúdo/case)","dados apex+www somados"
"https://www.alefotografo.com.br/blog/10-dicas-para-ter-um-ambiente-agradavel-para-o-seu-evento-fotografia-de-evento","https://www.alefotografo.com.br/blog/10-dicas-para-ter-um-ambiente-agradavel-para-o-seu-evento-fotografia-de-evento","12","1280","0.94%","6.65","BLOG","blog-editorial","P3","INTERNAL LINK para money page do mesmo cluster","dados apex+www somados"
"https://www.alefotografo.com.br/blog/youtube-live-como-fazer-uma-transmissao-ao-vivo-e-divulgar-sua-empresa","https://www.alefotografo.com.br/blog/youtube-live-como-fazer-uma-transmissao-ao-vivo-e-divulgar-sua-empresa","11","3150","0.35%","8.2","BLOG","blog-editorial","P3","INTERNAL LINK para money page do mesmo cluster","dados apex+www somados"
"https://www.alefotografo.com.br/blog/fotos-de-comida-tudo-o-que-voce-precisa-saber-para-tornar-pratos-visivelmente-atraentes","https://www.alefotografo.com.br/blog/fotos-de-comida-tudo-o-que-voce-precisa-saber-para-tornar-pratos-visivelmente-atraentes","10","2509","0.4%","10.69","BLOG","blog-editorial","P3","INTERNAL LINK para money page do mesmo cluster","dados apex+www somados"
"https://www.alefotografo.com.br/blog/comportamento-do-consumidor-como-a-fotografia-pode-ser-usada-para-influenciar-beneficamente","https://www.alefotografo.com.br/blog/comportamento-do-consumidor-como-a-fotografia-pode-ser-usada-para-influenciar-beneficamente","10","889","1.12%","5.15","BLOG","blog-editorial","P3","INTERNAL LINK para money page do mesmo cluster","dados apex+www somados"
"https://www.alefotografo.com.br/videos/beauty-fair-2026-3o-dia-tendencias-lancamentos-e-os-melhores-momentos-da-feira","https://www.alefotografo.com.br/videos/beauty-fair-2026-3o-dia-tendencias-lancamentos-e-os-melhores-momentos-da-feira","10","357","2.8%","9.19","VIDEO_ITEM","video-item","P3","MONITOR","dados apex+www somados"
"https://www.alefotografo.com.br/foto-profissional-para-linkedin","https://www.alefotografo.com.br/foto-profissional-para-linkedin","10","195","5.13%","6.37","MONEY","linkedin","P1","P1: fortalecer (CTR/conteúdo/case)","dados apex+www somados"
"https://www.alefotografo.com.br/blog/blazer-inspiracao-e-tendencia","https://www.alefotografo.com.br/blog/blazer-inspiracao-e-tendencia","9","4077","0.22%","6.86","BLOG","blog-editorial","P3","INTERNAL LINK para money page do mesmo cluster","dados apex+www somados"
"https://www.alefotografo.com.br/fotografo-corporativo","https://www.alefotografo.com.br/fotografo-corporativo","16","6881","0.23%","11.22","MONEY","fotografo-generico|fotografo-corporativo","P1","P1: fortalecer (CTR/conteúdo/case)","dados apex+www somados"
"https://www.alefotografo.com.br/loja/pacote-ouro-10-retratos-profissionais-construcao-de-imagem-profissional","https://www.alefotografo.com.br/loja/pacote-ouro-10-retratos-profissionais-construcao-de-imagem-profissional","9","1647","0.55%","19.09","LEGACY","retrato-executivo","P3","INDEX CONVERGENCE (redirect ativo — monitorar)","dados apex+www somados"
"https://www.alefotografo.com.br/loja","https://www.alefotografo.com.br/loja","9","1198","0.75%","39.36","LEGACY","outros","P3","INDEX CONVERGENCE (redirect ativo — monitorar)","dados apex+www somados"
"https://www.alefotografo.com.br/fotografo-corporativo-em/centro-santo-andre","https://www.alefotografo.com.br/fotografo-corporativo-em/centro-santo-andre","9","112","8.04%","6.78","LOCAL_PAGE","fotografo-corporativo","P1","P1: fortalecer (CTR/conteúdo/case)","dados apex+www somados"
"https://www.alefotografo.com.br/blog/adobe-photoshop-deixe-seus-projetos-mais-ageis-usando-os-principais-atalhos-do-teclado","https://www.alefotografo.com.br/blog/adobe-photoshop-deixe-seus-projetos-mais-ageis-usando-os-principais-atalhos-do-teclado","8","3254","0.25%","14.99","BLOG","blog-editorial","P3","INTERNAL LINK para money page do mesmo cluster","dados apex+www somados"
"https://www.alefotografo.com.br/fotografo-corporativo/banco-de-imagens-para-empresas","https://www.alefotografo.com.br/fotografo-corporativo/banco-de-imagens-para-empresas","9","1957","0.46%","20.85","MONEY","banco-de-imagens","P2","P2: conteúdo + internal links","dados apex+www somados"
"https://www.alefotografo.com.br/fotografo-corporativo/totem-fotografico-totem-mania","https://www.alefotografo.com.br/fotografo-corporativo/totem-fotografico-totem-mania","8","770","1.04%","9.27","MONEY","totem-foto","P1","P1: fortalecer (CTR/conteúdo/case)","dados apex+www somados"
"https://www.alefotografo.com.br/fotografo-corporativo/fotografia-industrial-em-sp","https://www.alefotografo.com.br/fotografo-corporativo/fotografia-industrial-em-sp","11","349","3.15%","12.59","MONEY","industria","P1","P1: fortalecer (CTR/conteúdo/case)","dados apex+www somados"
"https://www.alefotografo.com.br/fotografo-corporativo/fotografo-de-arquitetura-e-interiores","https://www.alefotografo.com.br/fotografo-corporativo/fotografo-de-arquitetura-e-interiores","9","377","2.39%","15.11","MONEY","arquitetura","P2","P2: conteúdo + internal links","dados apex+www somados"
"https://www.alefotografo.com.br/blog/networking-como-criar-uma-boa-rede-de-contatos-profissionais-para-voce-e-sua-empresa","https://www.alefotografo.com.br/blog/networking-como-criar-uma-boa-rede-de-contatos-profissionais-para-voce-e-sua-empresa","7","5869","0.12%","9.57","BLOG","blog-editorial","P3","INTERNAL LINK para money page do mesmo cluster","dados apex+www somados"
"https://www.alefotografo.com.br/blog/clinica-par","https://www.alefotografo.com.br/blog/clinica-par","7","1137","0.62%","6.79","BLOG","blog-editorial","P3","INTERNAL LINK para money page do mesmo cluster","dados apex+www somados"
"https://www.alefotografo.com.br/blog/banco-de-imagens-a-importancia-de-desenvolver-um-para-sua-empresa","https://www.alefotografo.com.br/blog/banco-de-imagens-a-importancia-de-desenvolver-um-para-sua-empresa","6","5116","0.12%","7.5","BLOG","blog-editorial","P3","INTERNAL LINK para money page do mesmo cluster","dados apex+www somados"
"https://www.alefotografo.com.br/blog/linkedin-e-emprego-7-dicas-de-como-usar-essa-rede-social-para-conseguir-um","https://www.alefotografo.com.br/blog/linkedin-e-emprego-7-dicas-de-como-usar-essa-rede-social-para-conseguir-um","6","2262","0.27%","8.22","BLOG","blog-editorial","P3","INTERNAL LINK para money page do mesmo cluster","dados apex+www somados"
"https://www.alefotografo.com.br/contato","https://www.alefotografo.com.br/contato","6","644","0.93%","25.93","SUPPORT","outros","P3","MONITOR","dados apex+www somados"
"https://www.alefotografo.com.br/fotografo-corporativo/fotografo-de-retratos-corporativos","https://www.alefotografo.com.br/fotografo-corporativo/fotografo-de-retratos-corporativos","10","830","1.2%","37.72","MONEY","retrato-executivo","P3","P3: monitorar","dados apex+www somados"
"https://www.alefotografo.com.br/videos-para-empresas/ativa-logistica-unidade-barueri","https://www.alefotografo.com.br/videos-para-empresas/ativa-logistica-unidade-barueri","5","3649","0.14%","15.27","VIDEO_SERVICE","video-item-LEGADO","P2","P2: conteúdo + internal links","dados apex+www somados"
"https://www.alefotografo.com.br/blog/fotografo-ensina-que-foto-profissional-aparece-14-vezes-mais-do-que-uma-foto-amadora-no-linkedin","https://www.alefotografo.com.br/blog/fotografo-ensina-que-foto-profissional-aparece-14-vezes-mais-do-que-uma-foto-amadora-no-linkedin","5","3273","0.15%","4.31","BLOG","blog-editorial","P3","INTERNAL LINK para money page do mesmo cluster","dados apex+www somados"
"https://www.alefotografo.com.br/blog/fotografo-dica-como-a-luz-pode-transformar-suas-fotos","https://www.alefotografo.com.br/blog/fotografo-dica-como-a-luz-pode-transformar-suas-fotos","5","2842","0.18%","7.18","BLOG","blog-editorial","P3","INTERNAL LINK para money page do mesmo cluster","dados apex+www somados"
"https://www.alefotografo.com.br/blog/a-importancia-do-retrato-corporativo-para-influenciadores-digitais-1","https://www.alefotografo.com.br/blog/a-importancia-do-retrato-corporativo-para-influenciadores-digitais-1","5","2134","0.23%","20.73","BLOG","blog-editorial","P3","INTERNAL LINK para money page do mesmo cluster","dados apex+www somados"
"https://www.alefotografo.com.br/blog/fotografo-de-retrato-corporativo","https://www.alefotografo.com.br/blog/fotografo-de-retrato-corporativo","5","476","1.05%","20.87","BLOG","blog-editorial","P3","INTERNAL LINK para money page do mesmo cluster","dados apex+www somados"
"https://www.alefotografo.com.br/blog/como-criar-conteudo-envolvente-para-suas-redes-sociais-a-partir-do-seu-proprio-banco-de-imagens","https://www.alefotografo.com.br/blog/como-criar-conteudo-envolvente-para-suas-redes-sociais-a-partir-do-seu-proprio-banco-de-imagens","5","430","1.16%","6.46","BLOG","blog-editorial","P3","INTERNAL LINK para money page do mesmo cluster","dados apex+www somados"
"https://www.alefotografo.com.br/loja/pacote-diamante-20-retratos-profissionais-construcao-de-imagem-profissional","https://www.alefotografo.com.br/loja/pacote-diamante-20-retratos-profissionais-construcao-de-imagem-profissional","5","332","1.51%","11.93","LEGACY","retrato-executivo","P3","INDEX CONVERGENCE (redirect ativo — monitorar)","dados apex+www somados"
"https://www.alefotografo.com.br/blog/quanto-custa-sessao-fotos-corporativas-sao-paulo","https://www.alefotografo.com.br/blog/quanto-custa-sessao-fotos-corporativas-sao-paulo","5","251","1.99%","5.29","BLOG","blog-editorial","P3","INTERNAL LINK para money page do mesmo cluster","dados apex+www somados"
"https://www.alefotografo.com.br/fotografo-corporativo/fotografo-de-drinks-coqueteis","https://www.alefotografo.com.br/fotografo-corporativo/fotografo-de-drinks-coqueteis","5","132","3.79%","7.39","MONEY","fotografo-corporativo","P1","P1: fortalecer (CTR/conteúdo/case)","dados apex+www somados"
"https://www.alefotografo.com.br/blog/dicas-fotografo-saia-do-fundo-branco-agora-1","https://www.alefotografo.com.br/blog/dicas-fotografo-saia-do-fundo-branco-agora-1","4","1455","0.27%","5.86","BLOG","blog-editorial","P3","INTERNAL LINK para money page do mesmo cluster","dados apex+www somados"
"https://www.alefotografo.com.br/blog/fotografo-da-dica-de-como-a-fotografia-de-comidas-e-bebidas-pode-te-ajudar","https://www.alefotografo.com.br/blog/fotografo-da-dica-de-como-a-fotografia-de-comidas-e-bebidas-pode-te-ajudar","4","1380","0.29%","2.94","BLOG","blog-editorial","P3","INTERNAL LINK para money page do mesmo cluster","dados apex+www somados"
"https://www.alefotografo.com.br/videos-para-empresas/ativa-logistica-apresenta-o-seu-centro-de-distribuicao-em-itapevi","https://www.alefotografo.com.br/videos-para-empresas/ativa-logistica-apresenta-o-seu-centro-de-distribuicao-em-itapevi","4","1099","0.36%","8.89","VIDEO_SERVICE","video-item-LEGADO","P1","P1: fortalecer (CTR/conteúdo/case)","dados apex+www somados"
"https://www.alefotografo.com.br/blog/7-dicas-para-maximizar-seu-perfil-no-linkedin","https://www.alefotografo.com.br/blog/7-dicas-para-maximizar-seu-perfil-no-linkedin","4","964","0.41%","8.6","BLOG","blog-editorial","P3","INTERNAL LINK para money page do mesmo cluster","dados apex+www somados"
"https://www.alefotografo.com.br/fotografo-corporativo/fotografia-de-logistica","https://www.alefotografo.com.br/fotografo-corporativo/fotografia-de-logistica","4","542","0.74%","10.7","MONEY","logistica","P1","P1: fortalecer (CTR/conteúdo/case)","dados apex+www somados"
"https://www.alefotografo.com.br/fotografia-para-clinicas","https://www.alefotografo.com.br/fotografia-para-clinicas","4","122","3.28%","13.75","MONEY","saude","P1","P1: fortalecer (CTR/conteúdo/case)","dados apex+www somados"
"https://www.alefotografo.com.br/fotografo-corporativo-em/centro-sao-bernardo","https://www.alefotografo.com.br/fotografo-corporativo-em/centro-sao-bernardo","4","65","6.15%","8.23","LOCAL_PAGE","fotografo-corporativo","P1","P1: fortalecer (CTR/conteúdo/case)","dados apex+www somados"
"https://www.alefotografo.com.br/blog/5-fatores-que-influenciam-o-seu-perfil-no-linkedin-fotografo-alexandre-machado","https://www.alefotografo.com.br/blog/5-fatores-que-influenciam-o-seu-perfil-no-linkedin-fotografo-alexandre-machado","3","3428","0.09%","4.8","BLOG","blog-editorial","P3","INTERNAL LINK para money page do mesmo cluster","dados apex+www somados"
"https://www.alefotografo.com.br/blog/foto-para-linkedin-o-que-realmente-funciona","https://www.alefotografo.com.br/blog/foto-para-linkedin-o-que-realmente-funciona","3","1161","0.26%","6.65","BLOG","blog-editorial","P3","INTERNAL LINK para money page do mesmo cluster","dados apex+www somados"
"https://www.alefotografo.com.br/blog/personal-branding-como-estabelecer-sua-marca-pessoal","https://www.alefotografo.com.br/blog/personal-branding-como-estabelecer-sua-marca-pessoal","3","968","0.31%","13.33","BLOG","blog-editorial","P3","INTERNAL LINK para money page do mesmo cluster","dados apex+www somados"
"https://www.alefotografo.com.br/blog/fotografo-da-dicas-para-fotografar-comida","https://www.alefotografo.com.br/blog/fotografo-da-dicas-para-fotografar-comida","3","712","0.42%","8.94","BLOG","blog-editorial","P3","INTERNAL LINK para money page do mesmo cluster","dados apex+www somados"
"https://www.alefotografo.com.br/blog/fotografo-da-dicas-de-3-formas-de-destacar-seus-eventos","https://www.alefotografo.com.br/blog/fotografo-da-dicas-de-3-formas-de-destacar-seus-eventos","3","706","0.42%","7.37","BLOG","blog-editorial","P3","INTERNAL LINK para money page do mesmo cluster","dados apex+www somados"
"https://www.alefotografo.com.br/blog/profissional-liberal-conheca-7-dicas-para-superar-os-desafios-na-carreira","https://www.alefotografo.com.br/blog/profissional-liberal-conheca-7-dicas-para-superar-os-desafios-na-carreira","3","351","0.85%","8.79","BLOG","blog-editorial","P3","INTERNAL LINK para money page do mesmo cluster","dados apex+www somados"
"https://www.alefotografo.com.br/loja/pacote-prata-5-retratos-profissionais-tratamento-profissional-de-imagem","https://www.alefotografo.com.br/loja/pacote-prata-5-retratos-profissionais-tratamento-profissional-de-imagem","3","310","0.97%","19.77","LEGACY","retrato-executivo","P3","INDEX CONVERGENCE (redirect ativo — monitorar)","dados apex+www somados"
"https://www.alefotografo.com.br/fotografo-corporativo/retratos-de-medicos","https://www.alefotografo.com.br/fotografo-corporativo/retratos-de-medicos","3","359","0.84%","7.94","MONEY","saude","P1","P1: fortalecer (CTR/conteúdo/case)","dados apex+www somados"
"https://www.alefotografo.com.br/fotografo-corporativo-em/morumbi","https://www.alefotografo.com.br/fotografo-corporativo-em/morumbi","3","66","4.55%","8.65","LOCAL_PAGE","fotografo-corporativo","P1","P1: fortalecer (CTR/conteúdo/case)","dados apex+www somados"
"https://www.alefotografo.com.br/fotografo-corporativo/fotos-para-restaurantes","https://www.alefotografo.com.br/fotografo-corporativo/fotos-para-restaurantes","4","61","6.56%","7.27","MONEY","fotografo-corporativo","P1","P1: fortalecer (CTR/conteúdo/case)","dados apex+www somados"
"https://www.alefotografo.com.br/fotografo-corporativo/fotos-aereas","https://www.alefotografo.com.br/fotografo-corporativo/fotos-aereas","3","33","9.09%","7.27","MONEY","drone-aereo","P1","P1: fortalecer (CTR/conteúdo/case)","dados apex+www somados"
"https://www.alefotografo.com.br/blog/12-dicas-de-como-planejar-sua-festa-de-confraternizacao-fotografo-de-eventos","https://www.alefotografo.com.br/blog/12-dicas-de-como-planejar-sua-festa-de-confraternizacao-fotografo-de-eventos","2","1452","0.14%","8.64","BLOG","blog-editorial","P3","INTERNAL LINK para money page do mesmo cluster","dados apex+www somados"
"https://www.alefotografo.com.br/blog/sua-empresa-funciona-sem-voce-aprenda-a-profissionalizar-a-gestao-para-que-ela-continue-a-existir-sem-voce","https://www.alefotografo.com.br/blog/sua-empresa-funciona-sem-voce-aprenda-a-profissionalizar-a-gestao-para-que-ela-continue-a-existir-sem-voce","2","991","0.2%","8.2","BLOG","blog-editorial","P3","INTERNAL LINK para money page do mesmo cluster","dados apex+www somados"
"https://www.alefotografo.com.br/fotografo-corporativo/fotografia-institucional-em-saopaulo","https://www.alefotografo.com.br/fotografo-corporativo/fotografia-institucional-em-saopaulo","3","927","0.32%","16.68","MONEY","fotografo-corporativo","P2","P2: conteúdo + internal links","dados apex+www somados"
"https://www.alefotografo.com.br/blog/fotografo-explica-porque-sua-empresa-deve-obter-fotos-tiradas-com-drones","https://www.alefotografo.com.br/blog/fotografo-explica-porque-sua-empresa-deve-obter-fotos-tiradas-com-drones","2","632","0.32%","6.51","BLOG","blog-editorial","P3","INTERNAL LINK para money page do mesmo cluster","dados apex+www somados"
"https://www.alefotografo.com.br/blog/uso-de-drones-e-eventos-corporativos-tem-feito-toda-a-diferenca","https://www.alefotografo.com.br/blog/uso-de-drones-e-eventos-corporativos-tem-feito-toda-a-diferenca","2","269","0.74%","7.29","BLOG","blog-editorial","P3","INTERNAL LINK para money page do mesmo cluster","dados apex+www somados"
"https://www.alefotografo.com.br/loja/pacote-influencer","https://www.alefotografo.com.br/loja/pacote-influencer","2","245","0.82%","13.41","LEGACY","outros","P3","INDEX CONVERGENCE (redirect ativo — monitorar)","dados apex+www somados"
"https://www.alefotografo.com.br/fotografia-para-advogados","https://www.alefotografo.com.br/fotografia-para-advogados","2","125","1.6%","8.54","MONEY","advocacia","P1","P1: fortalecer (CTR/conteúdo/case)","dados apex+www somados"
"https://www.alefotografo.com.br/fotografo-corporativo/eventos-corporativos","https://www.alefotografo.com.br/fotografo-corporativo/eventos-corporativos","2","126","1.59%","17.18","MONEY","eventos","P2","P2: conteúdo + internal links","dados apex+www somados"
"https://www.alefotografo.com.br/blog/entenda-qual-a-importancia-da-identidade-visual-para-o-seu-negocio","https://www.alefotografo.com.br/blog/entenda-qual-a-importancia-da-identidade-visual-para-o-seu-negocio","2","118","1.69%","7.95","BLOG","blog-editorial","P3","INTERNAL LINK para money page do mesmo cluster","dados apex+www somados"
"https://www.alefotografo.com.br/blog/mindfulness-saiba-o-que-e-e-como-essa-tecnica-pode-ajudar-voce-em-sua-vida-pessoal-e-profissional","https://www.alefotografo.com.br/blog/mindfulness-saiba-o-que-e-e-como-essa-tecnica-pode-ajudar-voce-em-sua-vida-pessoal-e-profissional","2","100","2%","12.66","BLOG","blog-editorial","P3","INTERNAL LINK para money page do mesmo cluster","dados apex+www somados"
"https://www.alefotografo.com.br/fotografo-corporativo/fotografo-de-culinaria","https://www.alefotografo.com.br/fotografo-corporativo/fotografo-de-culinaria","2","77","2.6%","6.73","MONEY","gastronomia","P1","P1: fortalecer (CTR/conteúdo/case)","dados apex+www somados"
"https://www.alefotografo.com.br/blog/fotografia-imobiliaria-corporativa-aceleracao-vendas","https://www.alefotografo.com.br/blog/fotografia-imobiliaria-corporativa-aceleracao-vendas","2","60","3.33%","7.78","BLOG","blog-editorial","P3","INTERNAL LINK para money page do mesmo cluster","dados apex+www somados"
"https://www.alefotografo.com.br/videos-para-empresas/video-manifesto-empreendimento-estrutura-e-proposito","https://www.alefotografo.com.br/videos-para-empresas/video-manifesto-empreendimento-estrutura-e-proposito","3","93","3.23%","7.27","VIDEO_SERVICE","video-item-LEGADO","P1","P1: fortalecer (CTR/conteúdo/case)","dados apex+www somados"
"https://www.alefotografo.com.br/blog/retrato-posado-ou-fotografia-documental","https://www.alefotografo.com.br/blog/retrato-posado-ou-fotografia-documental","2","37","5.41%","4.8","BLOG","blog-editorial","P3","INTERNAL LINK para money page do mesmo cluster","dados apex+www somados"
"https://www.alefotografo.com.br/fotografo-corporativo-em/faria-lima","https://www.alefotografo.com.br/fotografo-corporativo-em/faria-lima","2","25","8%","5.96","LOCAL_PAGE","fotografo-corporativo","P1","P1: fortalecer (CTR/conteúdo/case)","dados apex+www somados"
"https://www.alefotografo.com.br/fotografo-corporativo-em/perdizes","https://www.alefotografo.com.br/fotografo-corporativo-em/perdizes","2","22","9.09%","6.82","LOCAL_PAGE","fotografo-corporativo","P1","P1: fortalecer (CTR/conteúdo/case)","dados apex+www somados"
"https://www.alefotografo.com.br/blog/categoria/foto-para-linkedin","https://www.alefotografo.com.br/blog/categoria/foto-para-linkedin","2","21","9.52%","4.19","BLOG","blog-editorial","P3","INTERNAL LINK para money page do mesmo cluster","dados apex+www somados"
"https://www.alefotografo.com.br/fotografo-corporativo-em/vila-mariana","https://www.alefotografo.com.br/fotografo-corporativo-em/vila-mariana","2","21","9.52%","9.81","LOCAL_PAGE","fotografo-corporativo","P1","P1: fortalecer (CTR/conteúdo/case)","dados apex+www somados"
"https://www.alefotografo.com.br/videos-para-empresas/ensaio-de-retratos-profissionais-ale-fotografo","https://www.alefotografo.com.br/videos-para-empresas/ensaio-de-retratos-profissionais-ale-fotografo","1","2458","0.04%","19.8","VIDEO_SERVICE","video-item-LEGADO","P2","P2: conteúdo + internal links","dados apex+www somados"
"https://www.alefotografo.com.br/blog/headhunter-o-que-e-o-que-faz-e-qual-seu-papel-no-mundo-corporativo","https://www.alefotografo.com.br/blog/headhunter-o-que-e-o-que-faz-e-qual-seu-papel-no-mundo-corporativo","1","743","0.13%","10.74","BLOG","blog-editorial","P3","INTERNAL LINK para money page do mesmo cluster","dados apex+www somados"
"https://www.alefotografo.com.br/blog/instituto-rauen","https://www.alefotografo.com.br/blog/instituto-rauen","1","703","0.14%","8.51","BLOG","blog-editorial","P3","INTERNAL LINK para money page do mesmo cluster","dados apex+www somados"
"https://www.alefotografo.com.br/blog/contratar-fotografos-pode-deixar-seu-evento-mais-divertido","https://www.alefotografo.com.br/blog/contratar-fotografos-pode-deixar-seu-evento-mais-divertido","1","684","0.15%","13.38","BLOG","blog-editorial","P3","INTERNAL LINK para money page do mesmo cluster","dados apex+www somados"
"https://www.alefotografo.com.br/videos/video-institucional-rocha-queiroz-advogados","https://www.alefotografo.com.br/videos/video-institucional-rocha-queiroz-advogados","1","559","0.18%","8.77","VIDEO_ITEM","video-item","P3","MONITOR","dados apex+www somados"
"https://www.alefotografo.com.br/blog/como-manter-sua-imagem-profissional-em-tempos-de-home-office","https://www.alefotografo.com.br/blog/como-manter-sua-imagem-profissional-em-tempos-de-home-office","1","445","0.22%","5.17","BLOG","blog-editorial","P3","INTERNAL LINK para money page do mesmo cluster","dados apex+www somados"
"https://www.alefotografo.com.br/blog/retratos-da-equipe-de-colaboradores","https://www.alefotografo.com.br/blog/retratos-da-equipe-de-colaboradores","1","370","0.27%","3.91","BLOG","blog-editorial","P3","INTERNAL LINK para money page do mesmo cluster","dados apex+www somados"
"https://www.alefotografo.com.br/blog/espaco-negativo-fotos-com-area-para-texto","https://www.alefotografo.com.br/blog/espaco-negativo-fotos-com-area-para-texto","1","262","0.38%","13.65","BLOG","blog-editorial","P3","INTERNAL LINK para money page do mesmo cluster","dados apex+www somados"
"https://www.alefotografo.com.br/eventos-corporativos","https://www.alefotografo.com.br/eventos-corporativos","1","205","0.49%","10.51","OTHER","eventos","P3","MONITOR","dados apex+www somados"
"https://www.alefotografo.com.br/videos-para-empresas/nitriflex-industria-quimica-de-polimeros-especiais-e-borrachas-nitrilicas","https://www.alefotografo.com.br/videos-para-empresas/nitriflex-industria-quimica-de-polimeros-especiais-e-borrachas-nitrilicas","1","212","0.47%","9.54","VIDEO_SERVICE","video-item-LEGADO","P1","P1: fortalecer (CTR/conteúdo/case)","dados apex+www somados"
"https://www.alefotografo.com.br/videos/ativa-logistica-unidade-barueri","https://www.alefotografo.com.br/videos/ativa-logistica-unidade-barueri","1","180","0.56%","10.49","VIDEO_ITEM","video-item","P3","MONITOR","dados apex+www somados"
"https://www.alefotografo.com.br/blog","https://www.alefotografo.com.br/blog","2","282","0.71%","10.96","BLOG","lugares-fotografar|edicao-apps","P3","INTERNAL LINK para money page do mesmo cluster","dados apex+www somados"
"https://www.alefotografo.com.br/videos-para-empresas/salomao-concursos-aulao-em-sao-paulo","https://www.alefotografo.com.br/videos-para-empresas/salomao-concursos-aulao-em-sao-paulo","1","155","0.65%","7.94","VIDEO_SERVICE","video-item-LEGADO","P1","P1: fortalecer (CTR/conteúdo/case)","dados apex+www somados"
"https://www.alefotografo.com.br/videos-para-empresas/curso-de-prestacao-de-contas-eleitorais-2026-com-professora-rita-producao-ale-fotografo","https://www.alefotografo.com.br/videos-para-empresas/curso-de-prestacao-de-contas-eleitorais-2026-com-professora-rita-producao-ale-fotografo","1","218","0.46%","7.1","VIDEO_SERVICE","video-item-LEGADO","P1","P1: fortalecer (CTR/conteúdo/case)","dados apex+www somados"
"https://www.alefotografo.com.br/fotografo-corporativo-em/avenida-paulista","https://www.alefotografo.com.br/fotografo-corporativo-em/avenida-paulista","1","112","0.89%","12.53","LOCAL_PAGE","fotografo-corporativo","P1","P1: fortalecer (CTR/conteúdo/case)","dados apex+www somados"
"https://www.alefotografo.com.br/videos-para-empresas/captar-a-energia-de-um-grande-evento-e-muito-mais-do-que-apertar-o-rec","https://www.alefotografo.com.br/videos-para-empresas/captar-a-energia-de-um-grande-evento-e-muito-mais-do-que-apertar-o-rec","1","99","1.01%","12.32","VIDEO_SERVICE","video-item-LEGADO","P1","P1: fortalecer (CTR/conteúdo/case)","dados apex+www somados"
"https://www.alefotografo.com.br/blog/calibracao-perfil-de-cor-monitores","https://www.alefotografo.com.br/blog/calibracao-perfil-de-cor-monitores","1","81","1.23%","9.73","BLOG","blog-editorial","P3","INTERNAL LINK para money page do mesmo cluster","dados apex+www somados"
"https://www.alefotografo.com.br/blog/direitos-uso-licenca-imagem-corporativa","https://www.alefotografo.com.br/blog/direitos-uso-licenca-imagem-corporativa","1","73","1.37%","6.85","BLOG","blog-editorial","P3","INTERNAL LINK para money page do mesmo cluster","dados apex+www somados"
"https://www.alefotografo.com.br/blog/produtividade-em-tempos-dificeis-tudo-o-que-voce-precisa-saber-para-se-tornar-mais-produtivo","https://www.alefotografo.com.br/blog/produtividade-em-tempos-dificeis-tudo-o-que-voce-precisa-saber-para-se-tornar-mais-produtivo","1","63","1.59%","7.68","BLOG","blog-editorial","P3","INTERNAL LINK para money page do mesmo cluster","dados apex+www somados"
"https://www.alefotografo.com.br/blog/tags","https://www.alefotografo.com.br/blog/tags","1","526","0.19%","5.67","BLOG","blog-editorial","P3","INTERNAL LINK para money page do mesmo cluster","dados apex+www somados"
"https://www.alefotografo.com.br/fotografo-corporativo-em/alphaville-barueri","https://www.alefotografo.com.br/fotografo-corporativo-em/alphaville-barueri","1","61","1.64%","6.16","LOCAL_PAGE","fotografo-corporativo","P1","P1: fortalecer (CTR/conteúdo/case)","dados apex+www somados"
"https://www.alefotografo.com.br/blog/fotografia-escritorios-contabilidade","https://www.alefotografo.com.br/blog/fotografia-escritorios-contabilidade","1","60","1.67%","4.88","BLOG","blog-editorial","P3","INTERNAL LINK para money page do mesmo cluster","dados apex+www somados"
"https://www.alefotografo.com.br/videos","https://www.alefotografo.com.br/videos","1","56","1.79%","9.77","VIDEO_HUB","video","P1","P1: fortalecer (CTR/conteúdo/case)","dados apex+www somados"
"https://www.alefotografo.com.br/fotografo-corporativo-em/centro-diadema","https://www.alefotografo.com.br/fotografo-corporativo-em/centro-diadema","1","52","1.92%","8.37","LOCAL_PAGE","fotografo-corporativo","P1","P1: fortalecer (CTR/conteúdo/case)","dados apex+www somados"
"https://www.alefotografo.com.br/fotografo-corporativo-em/santo-amaro","https://www.alefotografo.com.br/fotografo-corporativo-em/santo-amaro","1","50","2%","6.88","LOCAL_PAGE","fotografo-corporativo","P1","P1: fortalecer (CTR/conteúdo/case)","dados apex+www somados"
"https://www.alefotografo.com.br/fotografo-corporativo-em/santana","https://www.alefotografo.com.br/fotografo-corporativo-em/santana","1","41","2.44%","8.39","LOCAL_PAGE","fotografo-corporativo","P1","P1: fortalecer (CTR/conteúdo/case)","dados apex+www somados"
"https://www.alefotografo.com.br/fotografo-corporativo-em/moema","https://www.alefotografo.com.br/fotografo-corporativo-em/moema","1","40","2.5%","6.95","LOCAL_PAGE","fotografo-corporativo","P1","P1: fortalecer (CTR/conteúdo/case)","dados apex+www somados"
"https://www.alefotografo.com.br/fotografo-corporativo-em/vila-olimpia","https://www.alefotografo.com.br/fotografo-corporativo-em/vila-olimpia","1","39","2.56%","5.74","LOCAL_PAGE","fotografo-corporativo","P1","P1: fortalecer (CTR/conteúdo/case)","dados apex+www somados"
"https://www.alefotografo.com.br/videos-para-empresas/video-institucional-bmx-logistica","https://www.alefotografo.com.br/videos-para-empresas/video-institucional-bmx-logistica","1","222","0.45%","9.17","VIDEO_SERVICE","video-item-LEGADO","P1","P1: fortalecer (CTR/conteúdo/case)","dados apex+www somados"
"https://www.alefotografo.com.br/blog/shot-list-lista-de-fotos-sessao-corporativa","https://www.alefotografo.com.br/blog/shot-list-lista-de-fotos-sessao-corporativa","1","33","3.03%","6.6","BLOG","blog-editorial","P3","INTERNAL LINK para money page do mesmo cluster","dados apex+www somados"
"https://www.alefotografo.com.br/videos/flexfunds-solucoes-financeiras-inteligentes-para-empresas-video-institucional","https://www.alefotografo.com.br/videos/flexfunds-solucoes-financeiras-inteligentes-para-empresas-video-institucional","1","31","3.23%","9.3","VIDEO_ITEM","video-item","P3","MONITOR","dados apex+www somados"
"https://www.alefotografo.com.br/fotografo-corporativo/empreendimentos-imobiliarios","https://www.alefotografo.com.br/fotografo-corporativo/empreendimentos-imobiliarios","1","33","3.03%","6","MONEY","fotografo-corporativo","P1","P1: fortalecer (CTR/conteúdo/case)","dados apex+www somados"
"https://www.alefotografo.com.br/depoimentos","https://www.alefotografo.com.br/depoimentos","1","29","3.45%","5.93","SUPPORT","outros","P3","MONITOR","dados apex+www somados"
"https://www.alefotografo.com.br/blog/fotografia-fachada-arquitetura-sede-corporativa","https://www.alefotografo.com.br/blog/fotografia-fachada-arquitetura-sede-corporativa","1","23","4.35%","4.3","BLOG","blog-editorial","P3","INTERNAL LINK para money page do mesmo cluster","dados apex+www somados"
"https://www.alefotografo.com.br/blog/fotografia-divulgacao-eventos-inscricoes","https://www.alefotografo.com.br/blog/fotografia-divulgacao-eventos-inscricoes","1","22","4.55%","6.27","BLOG","blog-editorial","P3","INTERNAL LINK para money page do mesmo cluster","dados apex+www somados"
"https://www.alefotografo.com.br/blog/fotos-mudam-de-cor-na-impressao-cmyk","https://www.alefotografo.com.br/blog/fotos-mudam-de-cor-na-impressao-cmyk","1","16","6.25%","4.12","BLOG","blog-editorial","P3","INTERNAL LINK para money page do mesmo cluster","dados apex+www somados"
"https://www.alefotografo.com.br/fotografo-corporativo/fotos-de-paes","https://www.alefotografo.com.br/fotografo-corporativo/fotos-de-paes","1","32","3.13%","5.4","MONEY","fotografo-corporativo","P1","P1: fortalecer (CTR/conteúdo/case)","dados apex+www somados"
"https://www.alefotografo.com.br/blog/fotografia-integracao-pos-fusao-aquisicao","https://www.alefotografo.com.br/blog/fotografia-integracao-pos-fusao-aquisicao","1","15","6.67%","5.6","BLOG","blog-editorial","P3","INTERNAL LINK para money page do mesmo cluster","dados apex+www somados"
"https://www.alefotografo.com.br/videos-para-empresas/ibde-mendoza-iii-congresso-internacional","https://www.alefotografo.com.br/videos-para-empresas/ibde-mendoza-iii-congresso-internacional","1","14","7.14%","6.14","VIDEO_SERVICE","video-item-LEGADO","P1","P1: fortalecer (CTR/conteúdo/case)","dados apex+www somados"
"https://www.alefotografo.com.br/videos-para-empresas/11-forum-abradilan-2026","https://www.alefotografo.com.br/videos-para-empresas/11-forum-abradilan-2026","1","13","7.69%","6.85","VIDEO_SERVICE","video-item-LEGADO","P1","P1: fortalecer (CTR/conteúdo/case)","dados apex+www somados"
"https://www.alefotografo.com.br/videos-para-empresas/flexfunds-solucoes-financeiras-inteligentes-para-empresas-video-institucional","https://www.alefotografo.com.br/videos-para-empresas/flexfunds-solucoes-financeiras-inteligentes-para-empresas-video-institucional","1","29","3.45%","9.07","VIDEO_SERVICE","video-item-LEGADO","P1","P1: fortalecer (CTR/conteúdo/case)","dados apex+www somados"
"https://www.alefotografo.com.br/fotografo-corporativo/fotos-de-hamburguer","https://www.alefotografo.com.br/fotografo-corporativo/fotos-de-hamburguer","1","45","2.22%","6.62","MONEY","fotografo-corporativo","P1","P1: fortalecer (CTR/conteúdo/case)","dados apex+www somados"
"https://www.alefotografo.com.br/fotografo-corporativo/banco-de-imagem-corporativo","https://www.alefotografo.com.br/fotografo-corporativo/banco-de-imagem-corporativo","1","7","14.29%","4.14","MONEY","fotografo-corporativo","P1","P1: fortalecer (CTR/conteúdo/case)","dados apex+www somados"
"https://www.alefotografo.com.br/blog/storytelling-visual-fotografia-corporativa","https://www.alefotografo.com.br/blog/storytelling-visual-fotografia-corporativa","1","5","20%","5","BLOG","blog-editorial","P3","INTERNAL LINK para money page do mesmo cluster","dados apex+www somados"
"https://www.alefotografo.com.br/blog/tour-virtual-360-fotografia-imersiva","https://www.alefotografo.com.br/blog/tour-virtual-360-fotografia-imersiva","1","4","25%","6.25","BLOG","blog-editorial","P3","INTERNAL LINK para money page do mesmo cluster","dados apex+www somados"
"https://www.alefotografo.com.br/videos-para-empresas/sq-quimica-na-abrafati-show-2022","https://www.alefotografo.com.br/videos-para-empresas/sq-quimica-na-abrafati-show-2022","1","4","25%","8.5","VIDEO_SERVICE","video-item-LEGADO","P1","P1: fortalecer (CTR/conteúdo/case)","dados apex+www somados"
"https://www.alefotografo.com.br/blog/os-6-melhores-opps-para-editar-videos-pelo-celular","https://www.alefotografo.com.br/blog/os-6-melhores-opps-para-editar-videos-pelo-celular","1","1","100%","1","BLOG","blog-editorial","P3","INTERNAL LINK para money page do mesmo cluster","dados apex+www somados"
"https://www.alefotografo.com.br/videos-para-empresas/retrato-corporativo-ensaio-fotografico","https://www.alefotografo.com.br/videos-para-empresas/retrato-corporativo-ensaio-fotografico","0","2367","0%","16.18","VIDEO_SERVICE","video-item-LEGADO","P2","P2: conteúdo + internal links","dados apex+www somados"
"https://www.alefotografo.com.br/blog/linkedin-como-criar-um-perfil-campeao-e-bombar-na-rede-de-negocios","https://www.alefotografo.com.br/blog/linkedin-como-criar-um-perfil-campeao-e-bombar-na-rede-de-negocios","0","266","0%","8.24","BLOG","blog-editorial","P3","INTERNAL LINK para money page do mesmo cluster","dados apex+www somados"
"https://www.alefotografo.com.br/videos-para-empresas/sq-quimica-unidade-vinhedo","https://www.alefotografo.com.br/videos-para-empresas/sq-quimica-unidade-vinhedo","0","229","0%","7.14","VIDEO_SERVICE","video-item-LEGADO","P1","P1: fortalecer (CTR/conteúdo/case)","dados apex+www somados"
"https://www.alefotografo.com.br/videos-para-empresas/curso-de-prestacao-de-contas-eleitorais-com-a-professora-rita-goncalves","https://www.alefotografo.com.br/videos-para-empresas/curso-de-prestacao-de-contas-eleitorais-com-a-professora-rita-goncalves","0","193","0%","6.82","VIDEO_SERVICE","video-item-LEGADO","P1","P1: fortalecer (CTR/conteúdo/case)","dados apex+www somados"
"https://www.alefotografo.com.br/fotos-corporativas","https://www.alefotografo.com.br/fotos-corporativas","0","167","0%","19.9","MONEY","fotografo-corporativo","P2","P2: conteúdo + internal links","dados apex+www somados"
"https://www.alefotografo.com.br/videos/nitriflex-industria-quimica-de-polimeros-especiais-e-borrachas-nitrilicas","https://www.alefotografo.com.br/videos/nitriflex-industria-quimica-de-polimeros-especiais-e-borrachas-nitrilicas","0","159","0%","7.75","VIDEO_ITEM","video-item","P3","MONITOR","dados apex+www somados"
"https://www.alefotografo.com.br/videos/ibis-botucatu-video-manifesto","https://www.alefotografo.com.br/videos/ibis-botucatu-video-manifesto","0","142","0%","10.89","VIDEO_ITEM","video-item","P3","MONITOR","dados apex+www somados"
"https://www.alefotografo.com.br/blog/conheca-as-melhores-praticas-para-bares-e-restaurantes-superarem-os-desafios-do-setor","https://www.alefotografo.com.br/blog/conheca-as-melhores-praticas-para-bares-e-restaurantes-superarem-os-desafios-do-setor","0","138","0%","8.35","BLOG","blog-editorial","P3","INTERNAL LINK para money page do mesmo cluster","dados apex+www somados"
"https://www.alefotografo.com.br/fotos-profissionais-medicos","https://www.alefotografo.com.br/fotos-profissionais-medicos","0","130","0%","11.42","MONEY","saude","P1","P1: fortalecer (CTR/conteúdo/case)","dados apex+www somados"
"https://www.alefotografo.com.br/videos-para-empresas/renove-mudancas","https://www.alefotografo.com.br/videos-para-empresas/renove-mudancas","0","126","0%","10.9","VIDEO_SERVICE","video-item-LEGADO","P1","P1: fortalecer (CTR/conteúdo/case)","dados apex+www somados"
"https://www.alefotografo.com.br/blog/como-se-preparar-para-ensaio-fotografico-corporativo","https://www.alefotografo.com.br/blog/como-se-preparar-para-ensaio-fotografico-corporativo","0","117","0%","8.85","BLOG","blog-editorial","P3","INTERNAL LINK para money page do mesmo cluster","dados apex+www somados"
"https://www.alefotografo.com.br/videos/video-institucional-bmx-logistica","https://www.alefotografo.com.br/videos/video-institucional-bmx-logistica","0","90","0%","8.18","VIDEO_ITEM","video-item","P3","MONITOR","dados apex+www somados"
"https://www.alefotografo.com.br/sobre","https://www.alefotografo.com.br/sobre","0","100","0%","7.82","SUPPORT","outros","P3","MONITOR","dados apex+www somados"
"https://www.alefotografo.com.br/blog/o-que-e-imagem-pessoal-e-por-que-ela-importa-para-profissionais","https://www.alefotografo.com.br/blog/o-que-e-imagem-pessoal-e-por-que-ela-importa-para-profissionais","0","70","0%","8.49","BLOG","blog-editorial","P3","INTERNAL LINK para money page do mesmo cluster","dados apex+www somados"
"https://www.alefotografo.com.br/videos/sq-quimica-unidade-vinhedo","https://www.alefotografo.com.br/videos/sq-quimica-unidade-vinhedo","0","63","0%","6.98","VIDEO_ITEM","video-item","P3","MONITOR","dados apex+www somados"
"https://www.alefotografo.com.br/fotografo-corporativo-em/centro-sao-caetano","https://www.alefotografo.com.br/fotografo-corporativo-em/centro-sao-caetano","0","63","0%","9","LOCAL_PAGE","fotografo-corporativo","P1","P1: fortalecer (CTR/conteúdo/case)","dados apex+www somados"
"https://www.alefotografo.com.br/fotografo-corporativo/fotografia-industrial","https://www.alefotografo.com.br/fotografo-corporativo/fotografia-industrial","0","62","0%","21.6","MONEY","industria","P2","P2: conteúdo + internal links","dados apex+www somados"
"https://www.alefotografo.com.br/quem-e-o-ale","https://www.alefotografo.com.br/quem-e-o-ale","0","72","0%","7.13","SUPPORT","outros","P3","MONITOR","dados apex+www somados"
"https://www.alefotografo.com.br/videos-para-empresas/ativa-log","https://www.alefotografo.com.br/videos-para-empresas/ativa-log","0","67","0%","9.66","VIDEO_SERVICE","video-item-LEGADO","P1","P1: fortalecer (CTR/conteúdo/case)","dados apex+www somados"
"https://www.alefotografo.com.br/foto-profissional","https://www.alefotografo.com.br/foto-profissional","0","59","0%","14.83","MONEY","foto-profissional","P3","INVESTIGAR: intencao capturada por home/blog (59 impr na pagina) — NAO mexer title/meta ate dimensao query+page","dados apex+www somados"
"https://www.alefotografo.com.br/fotografia-executiva","https://www.alefotografo.com.br/fotografia-executiva","0","49","0%","8.96","MONEY","retrato-executivo","P1","P1: fortalecer (CTR/conteúdo/case)","dados apex+www somados"
"https://www.alefotografo.com.br/videos/renove-mudancas","https://www.alefotografo.com.br/videos/renove-mudancas","0","45","0%","8.76","VIDEO_ITEM","video-item","P3","MONITOR","dados apex+www somados"
"https://www.alefotografo.com.br/fotografo-corporativo-em/republica","https://www.alefotografo.com.br/fotografo-corporativo-em/republica","0","43","0%","9.79","LOCAL_PAGE","fotografo-corporativo","P1","P1: fortalecer (CTR/conteúdo/case)","dados apex+www somados"
"https://www.alefotografo.com.br/fotografo-corporativo-em/rudge-ramos","https://www.alefotografo.com.br/fotografo-corporativo-em/rudge-ramos","0","39","0%","9.3","LOCAL_PAGE","fotografo-corporativo","P1","P1: fortalecer (CTR/conteúdo/case)","dados apex+www somados"
"https://www.alefotografo.com.br/blog/categoria/fotografo-de-gastronomia","https://www.alefotografo.com.br/blog/categoria/fotografo-de-gastronomia","0","39","0%","10.46","BLOG","blog-editorial","P3","INTERNAL LINK para money page do mesmo cluster","dados apex+www somados"
"https://www.alefotografo.com.br/videos-para-empresas","https://www.alefotografo.com.br/videos-para-empresas","0","44","0%","11.81","VIDEO_SERVICE","outros","P1","P1: fortalecer (CTR/conteúdo/case)","dados apex+www somados"
"https://www.alefotografo.com.br/portfolio","https://www.alefotografo.com.br/portfolio","0","38","0%","5.87","PORTFOLIO","outros","P3","MONITOR","dados apex+www somados"
"https://www.alefotografo.com.br/fotografo-corporativo-em/tatuape","https://www.alefotografo.com.br/fotografo-corporativo-em/tatuape","0","37","0%","6.57","LOCAL_PAGE","fotografo-corporativo","P1","P1: fortalecer (CTR/conteúdo/case)","dados apex+www somados"
"https://www.alefotografo.com.br/videos-para-empresas/teaser-de-melhores-momentos-do-kick-off-bom-pra-credito","https://www.alefotografo.com.br/videos-para-empresas/teaser-de-melhores-momentos-do-kick-off-bom-pra-credito","0","38","0%","8.16","VIDEO_SERVICE","video-item-LEGADO","P1","P1: fortalecer (CTR/conteúdo/case)","dados apex+www somados"
"https://www.alefotografo.com.br/fotografo-de-feira-de-negocios","https://www.alefotografo.com.br/fotografo-de-feira-de-negocios","0","35","0%","19.6","MONEY","feiras-stands","P2","P2: conteúdo + internal links","dados apex+www somados"
"https://www.alefotografo.com.br/blog/foto-e-video-juntos-producao-integrada","https://www.alefotografo.com.br/blog/foto-e-video-juntos-producao-integrada","0","33","0%","7.7","BLOG","blog-editorial","P3","INTERNAL LINK para money page do mesmo cluster","dados apex+www somados"
"https://www.alefotografo.com.br/fotografo-corporativo-em/vila-madalena","https://www.alefotografo.com.br/fotografo-corporativo-em/vila-madalena","0","33","0%","8.61","LOCAL_PAGE","fotografo-corporativo","P1","P1: fortalecer (CTR/conteúdo/case)","dados apex+www somados"
"https://www.alefotografo.com.br/videos-para-empresas/fiorde-logistica-solucoes-logisticas-integradas-para-empresas","https://www.alefotografo.com.br/videos-para-empresas/fiorde-logistica-solucoes-logisticas-integradas-para-empresas","0","46","0%","11.26","VIDEO_SERVICE","video-item-LEGADO","P1","P1: fortalecer (CTR/conteúdo/case)","dados apex+www somados"
"https://www.alefotografo.com.br/faq","https://www.alefotografo.com.br/faq","0","30","0%","5.63","SUPPORT","direitos-uso","P3","MONITOR","dados apex+www somados"
"https://www.alefotografo.com.br/videos/ibis-jau-evento-experiencia-e-producao-audiovisual-ale-fotografo","https://www.alefotografo.com.br/videos/ibis-jau-evento-experiencia-e-producao-audiovisual-ale-fotografo","0","30","0%","7.23","VIDEO_ITEM","video-item","P3","MONITOR","dados apex+www somados"
"https://www.alefotografo.com.br/videos-para-empresas/sq-quimica-34-premio-sitivesp-de-fornecedor-do-ano","https://www.alefotografo.com.br/videos-para-empresas/sq-quimica-34-premio-sitivesp-de-fornecedor-do-ano","0","29","0%","10.14","VIDEO_SERVICE","video-item-LEGADO","P1","P1: fortalecer (CTR/conteúdo/case)","dados apex+www somados"
"https://www.alefotografo.com.br/fotografo-corporativo-em/agua-branca","https://www.alefotografo.com.br/fotografo-corporativo-em/agua-branca","0","25","0%","8.4","LOCAL_PAGE","fotografo-corporativo","P1","P1: fortalecer (CTR/conteúdo/case)","dados apex+www somados"
"https://www.alefotografo.com.br/videos-para-empresas/teaser-ibis-botucatu-sp","https://www.alefotografo.com.br/videos-para-empresas/teaser-ibis-botucatu-sp","0","25","0%","8.88","VIDEO_SERVICE","video-item-LEGADO","P1","P1: fortalecer (CTR/conteúdo/case)","dados apex+www somados"
"https://www.alefotografo.com.br/videos/fiorde-logistica-solucoes-logisticas-integradas-para-empresas","https://www.alefotografo.com.br/videos/fiorde-logistica-solucoes-logisticas-integradas-para-empresas","0","25","0%","8.92","VIDEO_ITEM","video-item","P3","MONITOR","dados apex+www somados"
"https://www.alefotografo.com.br/fotografo-corporativo-em/cerqueira-cesar","https://www.alefotografo.com.br/fotografo-corporativo-em/cerqueira-cesar","0","24","0%","35","LOCAL_PAGE","fotografo-corporativo","P3","P3: monitorar","dados apex+www somados"
"https://www.alefotografo.com.br/fotografo-corporativo/fotografo-profissional-em-sao-paulo","https://www.alefotografo.com.br/fotografo-corporativo/fotografo-profissional-em-sao-paulo","0","26","0%","35.81","MONEY","fotografo-corporativo","P3","P3: monitorar","dados apex+www somados"
"https://www.alefotografo.com.br/videos/procooler-na-febrava-cobertura-profissional-de-feiras-e-eventos-corporativos","https://www.alefotografo.com.br/videos/procooler-na-febrava-cobertura-profissional-de-feiras-e-eventos-corporativos","0","23","0%","13.48","VIDEO_ITEM","video-item","P3","MONITOR","dados apex+www somados"
"https://www.alefotografo.com.br/fotografo-corporativo/fotografo-festa-de-confraternizacao","https://www.alefotografo.com.br/fotografo-corporativo/fotografo-festa-de-confraternizacao","0","25","0%","36.96","MONEY","eventos","P3","P3: monitorar","dados apex+www somados"
"https://www.alefotografo.com.br/blog/luz-escritorio-fotos-internas-corporativas","https://www.alefotografo.com.br/blog/luz-escritorio-fotos-internas-corporativas","0","22","0%","26.68","BLOG","blog-editorial","P3","INTERNAL LINK para money page do mesmo cluster","dados apex+www somados"
"https://www.alefotografo.com.br/videos/ensaio-de-retratos-profissionais-ale-fotografo","https://www.alefotografo.com.br/videos/ensaio-de-retratos-profissionais-ale-fotografo","0","21","0%","9.5","VIDEO_ITEM","video-item","P3","MONITOR","dados apex+www somados"
"https://www.alefotografo.com.br/fotografo-corporativo-em/lapa","https://www.alefotografo.com.br/fotografo-corporativo-em/lapa","0","20","0%","9.45","LOCAL_PAGE","fotografo-corporativo","P1","P1: fortalecer (CTR/conteúdo/case)","dados apex+www somados"
"https://www.alefotografo.com.br/videos-para-empresas/encontro-farmarcas-2022","https://www.alefotografo.com.br/videos-para-empresas/encontro-farmarcas-2022","0","21","0%","5.72","VIDEO_SERVICE","video-item-LEGADO","P1","P1: fortalecer (CTR/conteúdo/case)","dados apex+www somados"
"https://www.alefotografo.com.br/videos/ativa-log-estrutura-operacao-e-eficiencia-logistica","https://www.alefotografo.com.br/videos/ativa-log-estrutura-operacao-e-eficiencia-logistica","0","18","0%","6.6","VIDEO_ITEM","video-item","P3","MONITOR","dados apex+www somados"
"https://www.alefotografo.com.br/videos/ativa-logistica-30-anos","https://www.alefotografo.com.br/videos/ativa-logistica-30-anos","0","18","0%","7.67","VIDEO_ITEM","video-item","P3","MONITOR","dados apex+www somados"
"https://www.alefotografo.com.br/fotografo-corporativo-em/brooklin","https://www.alefotografo.com.br/fotografo-corporativo-em/brooklin","0","18","0%","8.44","LOCAL_PAGE","fotografo-corporativo","P1","P1: fortalecer (CTR/conteúdo/case)","dados apex+www somados"
"https://www.alefotografo.com.br/fotografo-corporativo-em/berrini","https://www.alefotografo.com.br/fotografo-corporativo-em/berrini","0","17","0%","6.94","LOCAL_PAGE","fotografo-corporativo","P1","P1: fortalecer (CTR/conteúdo/case)","dados apex+www somados"
"https://www.alefotografo.com.br/blog/selecao-aprovacao-fotos-corporativas","https://www.alefotografo.com.br/blog/selecao-aprovacao-fotos-corporativas","0","16","0%","5.88","BLOG","blog-editorial","P3","INTERNAL LINK para money page do mesmo cluster","dados apex+www somados"
"https://www.alefotografo.com.br/videos/copapharma-coquetel-de-lancamento","https://www.alefotografo.com.br/videos/copapharma-coquetel-de-lancamento","0","15","0%","7.47","VIDEO_ITEM","video-item","P3","MONITOR","dados apex+www somados"
"https://www.alefotografo.com.br/videos-para-empresas/onemba","https://www.alefotografo.com.br/videos-para-empresas/onemba","0","14","0%","5.71","VIDEO_SERVICE","video-item-LEGADO","P1","P1: fortalecer (CTR/conteúdo/case)","dados apex+www somados"
"https://www.alefotografo.com.br/blog/fotografia-conselho-administracao-board","https://www.alefotografo.com.br/blog/fotografia-conselho-administracao-board","0","14","0%","6.86","BLOG","blog-editorial","P3","INTERNAL LINK para money page do mesmo cluster","dados apex+www somados"
"https://www.alefotografo.com.br/blog/quanto-custa-sessao-fotos-corporativas","https://www.alefotografo.com.br/blog/quanto-custa-sessao-fotos-corporativas","0","14","0%","8.5","BLOG","blog-editorial","P3","INTERNAL LINK para money page do mesmo cluster","dados apex+www somados"
"https://www.alefotografo.com.br/servicos","https://www.alefotografo.com.br/servicos","0","13","0%","3.62","OTHER","outros","P3","MONITOR","dados apex+www somados"
"https://www.alefotografo.com.br/videos-para-empresas/convencao-de-vendas-2023-tecnisa","https://www.alefotografo.com.br/videos-para-empresas/convencao-de-vendas-2023-tecnisa","0","14","0%","7.14","VIDEO_SERVICE","video-item-LEGADO","P1","P1: fortalecer (CTR/conteúdo/case)","dados apex+www somados"
"https://www.alefotografo.com.br/videos/galena-35-anos","https://www.alefotografo.com.br/videos/galena-35-anos","0","13","0%","7.46","VIDEO_ITEM","video-item","P3","MONITOR","dados apex+www somados"
"https://www.alefotografo.com.br/videos-para-empresas/encontro-farmarcas-2023","https://www.alefotografo.com.br/videos-para-empresas/encontro-farmarcas-2023","0","13","0%","12.31","VIDEO_SERVICE","video-item-LEGADO","P1","P1: fortalecer (CTR/conteúdo/case)","dados apex+www somados"
"https://www.alefotografo.com.br/blog/fotografia-premiacoes-cerimonias-corporativas","https://www.alefotografo.com.br/blog/fotografia-premiacoes-cerimonias-corporativas","0","12","0%","4.42","BLOG","blog-editorial","P3","INTERNAL LINK para money page do mesmo cluster","dados apex+www somados"
"https://www.alefotografo.com.br/blog/pos-producao-retoque-profissional-nao-e-filtro","https://www.alefotografo.com.br/blog/pos-producao-retoque-profissional-nao-e-filtro","0","12","0%","4.42","BLOG","blog-editorial","P3","INTERNAL LINK para money page do mesmo cluster","dados apex+www somados"
"https://www.alefotografo.com.br/blog/fotografia-campanhas-seguranca-epi-prevencao","https://www.alefotografo.com.br/blog/fotografia-campanhas-seguranca-epi-prevencao","0","12","0%","4.67","BLOG","blog-editorial","P3","INTERNAL LINK para money page do mesmo cluster","dados apex+www somados"
"https://www.alefotografo.com.br/blog/fotografia-estande-feiras-eventos-setor","https://www.alefotografo.com.br/blog/fotografia-estande-feiras-eventos-setor","0","12","0%","5","BLOG","blog-editorial","P3","INTERNAL LINK para money page do mesmo cluster","dados apex+www somados"
"https://www.alefotografo.com.br/videos/depoimento-de-cliente-hausy-robotton-producao-ale-fotografo","https://www.alefotografo.com.br/videos/depoimento-de-cliente-hausy-robotton-producao-ale-fotografo","0","12","0%","6.17","VIDEO_ITEM","video-item","P3","MONITOR","dados apex+www somados"
"https://www.alefotografo.com.br/videos/11-forum-abradilan-2026","https://www.alefotografo.com.br/videos/11-forum-abradilan-2026","0","12","0%","7.42","VIDEO_ITEM","video-item","P3","MONITOR","dados apex+www somados"
"https://www.alefotografo.com.br/videos/g-tech-na-conexao-farma-2023-inovacao-tecnologia-e-solucoes-para-a-saude","https://www.alefotografo.com.br/videos/g-tech-na-conexao-farma-2023-inovacao-tecnologia-e-solucoes-para-a-saude","0","12","0%","8.25","VIDEO_ITEM","video-item","P3","MONITOR","dados apex+www somados"
"https://www.alefotografo.com.br/fotografo-corporativo-em/itaim-bibi","https://www.alefotografo.com.br/fotografo-corporativo-em/itaim-bibi","0","12","0%","8.33","LOCAL_PAGE","fotografo-corporativo","P1","P1: fortalecer (CTR/conteúdo/case)","dados apex+www somados"
"https://www.alefotografo.com.br/videos-para-empresas/categoria/video-melhores-momentos-de-eventos","https://www.alefotografo.com.br/videos-para-empresas/categoria/video-melhores-momentos-de-eventos","0","12","0%","11.67","VIDEO_SERVICE","video-item-LEGADO","P1","P1: fortalecer (CTR/conteúdo/case)","dados apex+www somados"
"https://www.alefotografo.com.br/blog/como-escolher-fotografo-corporativo","https://www.alefotografo.com.br/blog/como-escolher-fotografo-corporativo","0","12","0%","12.42","BLOG","blog-editorial","P3","INTERNAL LINK para money page do mesmo cluster","dados apex+www somados"
"https://www.alefotografo.com.br/fotografo-corporativo-em","https://www.alefotografo.com.br/fotografo-corporativo-em","0","11","0%","3.36","MONEY","fotografo-corporativo","P3","P3: monitorar","dados apex+www somados"
"https://www.alefotografo.com.br/videos/curso-de-prestacao-de-contas-eleitorais-2026-com-professora-rita-producao-ale-fotografo","https://www.alefotografo.com.br/videos/curso-de-prestacao-de-contas-eleitorais-2026-com-professora-rita-producao-ale-fotografo","0","11","0%","5.36","VIDEO_ITEM","video-item","P3","MONITOR","dados apex+www somados"
"https://www.alefotografo.com.br/blog/fotografia-bastidores-behind-the-scenes-redes","https://www.alefotografo.com.br/blog/fotografia-bastidores-behind-the-scenes-redes","0","11","0%","5.45","BLOG","blog-editorial","P3","INTERNAL LINK para money page do mesmo cluster","dados apex+www somados"
"https://www.alefotografo.com.br/fotografo-empresarial","https://www.alefotografo.com.br/fotografo-empresarial","0","11","0%","5.73","MONEY","fotografo-corporativo","P1","P1: fortalecer (CTR/conteúdo/case)","dados apex+www somados"
"https://www.alefotografo.com.br/blog/fotografia-instituicoes-ensino-educacao-corporativa","https://www.alefotografo.com.br/blog/fotografia-instituicoes-ensino-educacao-corporativa","0","11","0%","6.45","BLOG","blog-editorial","P3","INTERNAL LINK para money page do mesmo cluster","dados apex+www somados"
"https://www.alefotografo.com.br/blog/headshots-equipe-escala-50-colaboradores-um-dia","https://www.alefotografo.com.br/blog/headshots-equipe-escala-50-colaboradores-um-dia","0","11","0%","6.55","BLOG","blog-editorial","P3","INTERNAL LINK para money page do mesmo cluster","dados apex+www somados"
"https://www.alefotografo.com.br/videos/video-manifesto-empreendimento-estrutura-e-proposito","https://www.alefotografo.com.br/videos/video-manifesto-empreendimento-estrutura-e-proposito","0","11","0%","6.82","VIDEO_ITEM","video-item","P3","MONITOR","dados apex+www somados"
"https://www.alefotografo.com.br/videos/salomao-concursos-aulao-em-sao-paulo","https://www.alefotografo.com.br/videos/salomao-concursos-aulao-em-sao-paulo","0","11","0%","8.9","VIDEO_ITEM","video-item","P3","MONITOR","dados apex+www somados"
"https://www.alefotografo.com.br/videos-para-empresas/festa-de-confraternizacao-2022-tecnisa","https://www.alefotografo.com.br/videos-para-empresas/festa-de-confraternizacao-2022-tecnisa","0","12","0%","8.34","VIDEO_SERVICE","video-item-LEGADO","P1","P1: fortalecer (CTR/conteúdo/case)","dados apex+www somados"
"https://www.alefotografo.com.br/blog/fotografia-produtos-digitais-software-mockup","https://www.alefotografo.com.br/blog/fotografia-produtos-digitais-software-mockup","0","11","0%","10.45","BLOG","blog-editorial","P3","INTERNAL LINK para money page do mesmo cluster","dados apex+www somados"
"https://www.alefotografo.com.br/videos/ibde-rio2026","https://www.alefotografo.com.br/videos/ibde-rio2026","0","11","0%","11","VIDEO_ITEM","video-item","P3","MONITOR","dados apex+www somados"
"https://www.alefotografo.com.br/videos-para-empresas/categoria/video-de-eventos-corporativos","https://www.alefotografo.com.br/videos-para-empresas/categoria/video-de-eventos-corporativos","0","12","0%","14.33","VIDEO_SERVICE","video-item-LEGADO","P1","P1: fortalecer (CTR/conteúdo/case)","dados apex+www somados"
"https://www.alefotografo.com.br/blog/psicologia-des-cores-e-fotografia-saiba-como-elas-interagem","https://www.alefotografo.com.br/blog/psicologia-des-cores-e-fotografia-saiba-como-elas-interagem","0","10","0%","1","BLOG","blog-editorial","P3","INTERNAL LINK para money page do mesmo cluster","dados apex+www somados"
"https://www.alefotografo.com.br/videos-para-empresas/9faznegocios","https://www.alefotografo.com.br/videos-para-empresas/9faznegocios","0","17","0%","11.3","VIDEO_SERVICE","video-item-LEGADO","P1","P1: fortalecer (CTR/conteúdo/case)","dados apex+www somados"
"https://www.alefotografo.com.br/fotografo-corporativo-em/jardim-paulistano","https://www.alefotografo.com.br/fotografo-corporativo-em/jardim-paulistano","0","10","0%","18.9","LOCAL_PAGE","fotografo-corporativo","P2","P2: conteúdo + internal links","dados apex+www somados"
"https://www.alefotografo.com.br/blog/categoria/retratos-corporativos","https://www.alefotografo.com.br/blog/categoria/retratos-corporativos","0","10","0%","20.9","BLOG","blog-editorial","P3","INTERNAL LINK para money page do mesmo cluster","dados apex+www somados"
"https://www.alefotografo.com.br/blog/fotografia-pitch-deck-apresentacoes-investidores","https://www.alefotografo.com.br/blog/fotografia-pitch-deck-apresentacoes-investidores","0","9","0%","4.11","BLOG","blog-editorial","P3","INTERNAL LINK para money page do mesmo cluster","dados apex+www somados"
"https://www.alefotografo.com.br/videos/professora-rita-curso-de-prestacao-de-contas-eleitorais-2024","https://www.alefotografo.com.br/videos/professora-rita-curso-de-prestacao-de-contas-eleitorais-2024","0","9","0%","5.78","VIDEO_ITEM","video-item","P3","MONITOR","dados apex+www somados"
"https://www.alefotografo.com.br/videos/faz-negocios-3","https://www.alefotografo.com.br/videos/faz-negocios-3","0","9","0%","6.33","VIDEO_ITEM","video-item","P3","MONITOR","dados apex+www somados"
"https://www.alefotografo.com.br/blog/categoria/estudio-fotografico","https://www.alefotografo.com.br/blog/categoria/estudio-fotografico","0","12","0%","3.58","BLOG","blog-editorial","P3","INTERNAL LINK para money page do mesmo cluster","dados apex+www somados"
"https://www.alefotografo.com.br/blog/fotografia-criativos-anuncio-performance","https://www.alefotografo.com.br/blog/fotografia-criativos-anuncio-performance","0","8","0%","3.75","BLOG","blog-editorial","P3","INTERNAL LINK para money page do mesmo cluster","dados apex+www somados"
"https://www.alefotografo.com.br/videos/sq-quimica-34-premio-sitivesp-de-fornecedor-do-ano","https://www.alefotografo.com.br/videos/sq-quimica-34-premio-sitivesp-de-fornecedor-do-ano","0","8","0%","5.12","VIDEO_ITEM","video-item","P3","MONITOR","dados apex+www somados"
"https://www.alefotografo.com.br/blog/digitalizacao-restauracao-acervo-historico-empresa","https://www.alefotografo.com.br/blog/digitalizacao-restauracao-acervo-historico-empresa","0","8","0%","6.75","BLOG","blog-editorial","P3","INTERNAL LINK para money page do mesmo cluster","dados apex+www somados"
"https://www.alefotografo.com.br/blog/categoria/fotos-aereas","https://www.alefotografo.com.br/blog/categoria/fotos-aereas","0","8","0%","6.88","BLOG","blog-editorial","P3","INTERNAL LINK para money page do mesmo cluster","dados apex+www somados"
"https://www.alefotografo.com.br/blog/fotografia-certificacoes-conformidade-qualidade","https://www.alefotografo.com.br/blog/fotografia-certificacoes-conformidade-qualidade","0","7","0%","3.71","BLOG","blog-editorial","P3","INTERNAL LINK para money page do mesmo cluster","dados apex+www somados"
"https://www.alefotografo.com.br/videos/unipac-50-anos","https://www.alefotografo.com.br/videos/unipac-50-anos","0","7","0%","5.57","VIDEO_ITEM","video-item","P3","MONITOR","dados apex+www somados"
"https://www.alefotografo.com.br/blog/fotografia-cultura-organizacional","https://www.alefotografo.com.br/blog/fotografia-cultura-organizacional","0","7","0%","6","BLOG","blog-editorial","P3","INTERNAL LINK para money page do mesmo cluster","dados apex+www somados"
"https://www.alefotografo.com.br/videos/video-corporativo-do-11o-forum-abradilan-2026-cobertura-de-evento-empresarial","https://www.alefotografo.com.br/videos/video-corporativo-do-11o-forum-abradilan-2026-cobertura-de-evento-empresarial","0","7","0%","6.86","VIDEO_ITEM","video-item","P3","MONITOR","dados apex+www somados"
"https://www.alefotografo.com.br/blog/fotografia-franquias-padronizacao-imagem","https://www.alefotografo.com.br/blog/fotografia-franquias-padronizacao-imagem","0","7","0%","9.29","BLOG","blog-editorial","P3","INTERNAL LINK para money page do mesmo cluster","dados apex+www somados"
"https://www.alefotografo.com.br/loja/ensaio-vip","https://www.alefotografo.com.br/loja/ensaio-vip","0","10","0%","10.5","LEGACY","ensaio","P3","INDEX CONVERGENCE (redirect ativo — monitorar)","dados apex+www somados"
"https://www.alefotografo.com.br/fotografo-corporativo-em/vila-assuncao-santo-andre","https://www.alefotografo.com.br/fotografo-corporativo-em/vila-assuncao-santo-andre","0","7","0%","13.29","LOCAL_PAGE","fotografo-corporativo","P1","P1: fortalecer (CTR/conteúdo/case)","dados apex+www somados"
"https://www.alefotografo.com.br/fotografo-corporativo-em/cidade-moncoes","https://www.alefotografo.com.br/fotografo-corporativo-em/cidade-moncoes","0","7","0%","14.14","LOCAL_PAGE","fotografo-corporativo","P1","P1: fortalecer (CTR/conteúdo/case)","dados apex+www somados"
"https://www.alefotografo.com.br/videos/15-convencao-abradilan-barcelo-bavaro-palace-punta-cana-01-a-06-nov-2022","https://www.alefotografo.com.br/videos/15-convencao-abradilan-barcelo-bavaro-palace-punta-cana-01-a-06-nov-2022","0","7","0%","25.43","VIDEO_ITEM","video-item","P3","MONITOR","dados apex+www somados"
"https://www.alefotografo.com.br/blog/7-dicas-para-voce-nunca-mais-errar-na-apar%C3%AAncia-ao-tirar-fotos-profissionais","https://www.alefotografo.com.br/blog/7-dicas-para-voce-nunca-mais-errar-na-apar%C3%AAncia-ao-tirar-fotos-profissionais","0","6","0%","1","BLOG","blog-editorial","P3","INTERNAL LINK para money page do mesmo cluster","dados apex+www somados"
"https://www.alefotografo.com.br/blog/jpeg-ou-png-vantagens-e-desvantagens-dois-formatos-de-imagens","https://www.alefotografo.com.br/blog/jpeg-ou-png-vantagens-e-desvantagens-dois-formatos-de-imagens","0","6","0%","1","BLOG","blog-editorial","P3","INTERNAL LINK para money page do mesmo cluster","dados apex+www somados"
"https://www.alefotografo.com.br/videos/sipat-2022-foseco","https://www.alefotografo.com.br/videos/sipat-2022-foseco","0","6","0%","5","VIDEO_ITEM","video-item","P3","MONITOR","dados apex+www somados"
"https://www.alefotografo.com.br/videos-para-empresas/jantar-febrafar-2022","https://www.alefotografo.com.br/videos-para-empresas/jantar-febrafar-2022","0","8","0%","5.25","VIDEO_SERVICE","video-item-LEGADO","P1","P1: fortalecer (CTR/conteúdo/case)","dados apex+www somados"
"https://www.alefotografo.com.br/blog/fotografia-laboratorios-industria-farmaceutica","https://www.alefotografo.com.br/blog/fotografia-laboratorios-industria-farmaceutica","0","6","0%","6.67","BLOG","blog-editorial","P3","INTERNAL LINK para money page do mesmo cluster","dados apex+www somados"
"https://www.alefotografo.com.br/videos-para-empresas/procooler-na-febrava-cobertura-profissional-de-feiras-e-eventos-corporativos","https://www.alefotografo.com.br/videos-para-empresas/procooler-na-febrava-cobertura-profissional-de-feiras-e-eventos-corporativos","0","6","0%","6.83","VIDEO_SERVICE","video-item-LEGADO","P1","P1: fortalecer (CTR/conteúdo/case)","dados apex+www somados"
"https://www.alefotografo.com.br/blog/custo-real-contratar-fotografia-menor-preco","https://www.alefotografo.com.br/blog/custo-real-contratar-fotografia-menor-preco","0","6","0%","7.5","BLOG","blog-editorial","P3","INTERNAL LINK para money page do mesmo cluster","dados apex+www somados"
"https://www.alefotografo.com.br/videos/video-corporativo-fcw-premio-almirante-alvaro-alberto","https://www.alefotografo.com.br/videos/video-corporativo-fcw-premio-almirante-alvaro-alberto","0","6","0%","8.67","VIDEO_ITEM","video-item","P3","MONITOR","dados apex+www somados"
"https://www.alefotografo.com.br/blog/fotografia-coworking-espacos-compartilhados","https://www.alefotografo.com.br/blog/fotografia-coworking-espacos-compartilhados","0","6","0%","8.83","BLOG","blog-editorial","P3","INTERNAL LINK para money page do mesmo cluster","dados apex+www somados"
"https://www.alefotografo.com.br/videos-para-empresas/ativa-logistica-30-anos","https://www.alefotografo.com.br/videos-para-empresas/ativa-logistica-30-anos","0","9","0%","8.78","VIDEO_SERVICE","video-item-LEGADO","P1","P1: fortalecer (CTR/conteúdo/case)","dados apex+www somados"
"https://www.alefotografo.com.br/blog/os-6-melhores-editores-para-editar-videos-pelo-celular","https://www.alefotografo.com.br/blog/os-6-melhores-editores-para-editar-videos-pelo-celular","0","5","0%","1","BLOG","blog-editorial","P3","INTERNAL LINK para money page do mesmo cluster","dados apex+www somados"
"https://www.alefotografo.com.br/blog/fotografia-bancos-fintechs-instituicoes-financeiras","https://www.alefotografo.com.br/blog/fotografia-bancos-fintechs-instituicoes-financeiras","0","5","0%","4.8","BLOG","blog-editorial","P3","INTERNAL LINK para money page do mesmo cluster","dados apex+www somados"
"https://www.alefotografo.com.br/blog/fotografia-despesa-ou-investimento-orcamento","https://www.alefotografo.com.br/blog/fotografia-despesa-ou-investimento-orcamento","0","5","0%","4.8","BLOG","blog-editorial","P3","INTERNAL LINK para money page do mesmo cluster","dados apex+www somados"
"https://www.alefotografo.com.br/videos-para-empresas/lobtec-35-anos","https://www.alefotografo.com.br/videos-para-empresas/lobtec-35-anos","0","11","0%","5.54","VIDEO_SERVICE","video-item-LEGADO","P1","P1: fortalecer (CTR/conteúdo/case)","dados apex+www somados"
"https://www.alefotografo.com.br/blog/rebranding-fotografia-nova-identidade","https://www.alefotografo.com.br/blog/rebranding-fotografia-nova-identidade","0","5","0%","6.4","BLOG","blog-editorial","P3","INTERNAL LINK para money page do mesmo cluster","dados apex+www somados"
"https://www.alefotografo.com.br/videos-para-empresas/22-forum-de-comprasive-university","https://www.alefotografo.com.br/videos-para-empresas/22-forum-de-comprasive-university","0","7","0%","6.14","VIDEO_SERVICE","video-item-LEGADO","P1","P1: fortalecer (CTR/conteúdo/case)","dados apex+www somados"
"https://www.alefotografo.com.br/videos/galena-celebra","https://www.alefotografo.com.br/videos/galena-celebra","0","5","0%","7","VIDEO_ITEM","video-item","P3","MONITOR","dados apex+www somados"
"https://www.alefotografo.com.br/videos-para-empresas/fincon-o-primeiro-encontro-da-comunicacao-financeira","https://www.alefotografo.com.br/videos-para-empresas/fincon-o-primeiro-encontro-da-comunicacao-financeira","0","5","0%","7.6","VIDEO_SERVICE","video-item-LEGADO","P1","P1: fortalecer (CTR/conteúdo/case)","dados apex+www somados"
"https://www.alefotografo.com.br/videos/sq-quimica-na-fce-pharma-cobertura-profissional-de-feira-de-negocios-com-fotogra","https://www.alefotografo.com.br/videos/sq-quimica-na-fce-pharma-cobertura-profissional-de-feira-de-negocios-com-fotogra","0","5","0%","8.4","VIDEO_ITEM","video-item","P3","MONITOR","dados apex+www somados"
"https://www.alefotografo.com.br/blog/fotografia-acoes-sociais-esg-impacto","https://www.alefotografo.com.br/blog/fotografia-acoes-sociais-esg-impacto","0","5","0%","8.8","BLOG","blog-editorial","P3","INTERNAL LINK para money page do mesmo cluster","dados apex+www somados"
"https://www.alefotografo.com.br/videos-para-empresas/7-forum-abradilan","https://www.alefotografo.com.br/videos-para-empresas/7-forum-abradilan","0","5","0%","15.2","VIDEO_SERVICE","video-item-LEGADO","P2","P2: conteúdo + internal links","dados apex+www somados"
"https://www.alefotografo.com.br/blog/food-styling-7-dicas-de-fotos-de-culinaria-para-voce-turbinar-suas-vendas","https://www.alefotografo.com.br/blog/food-styling-7-dicas-de-fotos-de-culinaria-para-voce-turbinar-suas-vendas","0","4","0%","1","BLOG","blog-editorial","P3","INTERNAL LINK para money page do mesmo cluster","dados apex+www somados"
"https://www.alefotografo.com.br/blog/10-lugares-em-sao-pau-lo-para-tirar-boas-fotos","https://www.alefotografo.com.br/blog/10-lugares-em-sao-pau-lo-para-tirar-boas-fotos","0","4","0%","4","BLOG","blog-editorial","P3","INTERNAL LINK para money page do mesmo cluster","dados apex+www somados"
"https://www.alefotografo.com.br/blog/fotografia-visita-tecnica-clientes-planta","https://www.alefotografo.com.br/blog/fotografia-visita-tecnica-clientes-planta","0","4","0%","4","BLOG","blog-editorial","P3","INTERNAL LINK para money page do mesmo cluster","dados apex+www somados"
"https://www.alefotografo.com.br/blog/retratos-executivos-linkedin-guia-definitivo","https://www.alefotografo.com.br/blog/retratos-executivos-linkedin-guia-definitivo","0","4","0%","4","BLOG","blog-editorial","P3","INTERNAL LINK para money page do mesmo cluster","dados apex+www somados"
"https://www.alefotografo.com.br/videos/ativa-logistiva-video-do-programa-de-sustentabilidade","https://www.alefotografo.com.br/videos/ativa-logistiva-video-do-programa-de-sustentabilidade","0","4","0%","6","VIDEO_ITEM","video-item","P3","MONITOR","dados apex+www somados"
"https://www.alefotografo.com.br/blog/com-que-frequencia-atualizar-fotos-da-empresa","https://www.alefotografo.com.br/blog/com-que-frequencia-atualizar-fotos-da-empresa","0","4","0%","6.25","BLOG","blog-editorial","P3","INTERNAL LINK para money page do mesmo cluster","dados apex+www somados"
"https://www.alefotografo.com.br/videos-para-empresas/professora-rita-curso-de-prestacao-de-contas-eleitorais-2024","https://www.alefotografo.com.br/videos-para-empresas/professora-rita-curso-de-prestacao-de-contas-eleitorais-2024","0","7","0%","6.86","VIDEO_SERVICE","video-item-LEGADO","P1","P1: fortalecer (CTR/conteúdo/case)","dados apex+www somados"
"https://www.alefotografo.com.br/videos-para-empresas/video-corporativo-fcw-premio-almirante-alvaro-alberto","https://www.alefotografo.com.br/videos-para-empresas/video-corporativo-fcw-premio-almirante-alvaro-alberto","0","4","0%","6.25","VIDEO_SERVICE","video-item-LEGADO","P1","P1: fortalecer (CTR/conteúdo/case)","dados apex+www somados"
"https://www.alefotografo.com.br/videos/retrato-corporativo-ensaio-fotografico","https://www.alefotografo.com.br/videos/retrato-corporativo-ensaio-fotografico","0","4","0%","6.75","VIDEO_ITEM","video-item","P3","MONITOR","dados apex+www somados"
"https://www.alefotografo.com.br/blog/categoria/videos-corporativo","https://www.alefotografo.com.br/blog/categoria/videos-corporativo","0","4","0%","7","BLOG","blog-editorial","P3","INTERNAL LINK para money page do mesmo cluster","dados apex+www somados"
"https://www.alefotografo.com.br/videos/ativa-log","https://www.alefotografo.com.br/videos/ativa-log","0","4","0%","9.5","VIDEO_ITEM","video-item","P3","MONITOR","dados apex+www somados"
"https://www.alefotografo.com.br/videos-para-empresas/unipac-50-anos","https://www.alefotografo.com.br/videos-para-empresas/unipac-50-anos","0","14","0%","8.07","VIDEO_SERVICE","video-item-LEGADO","P1","P1: fortalecer (CTR/conteúdo/case)","dados apex+www somados"
"https://www.alefotografo.com.br/videos-para-empresas/onemba-class-2023-sao-paulo","https://www.alefotografo.com.br/videos-para-empresas/onemba-class-2023-sao-paulo","0","4","0%","10.25","VIDEO_SERVICE","video-item-LEGADO","P1","P1: fortalecer (CTR/conteúdo/case)","dados apex+www somados"
"https://www.alefotografo.com.br/fotografo-corporativo-em/baeta-neves","https://www.alefotografo.com.br/fotografo-corporativo-em/baeta-neves","0","4","0%","25.25","LOCAL_PAGE","fotografo-corporativo","P2","P2: conteúdo + internal links","dados apex+www somados"
"https://www.alefotografo.com.br/fotografo-corporativo/fotografo-de-retratos-profissionais","https://www.alefotografo.com.br/fotografo-corporativo/fotografo-de-retratos-profissionais","0","4","0%","30.25","MONEY","retrato-executivo","P3","P3: monitorar","dados apex+www somados"
"https://www.alefotografo.com.br/fotografo-corporativo/categoria/retrato-corporativo","https://www.alefotografo.com.br/fotografo-corporativo/categoria/retrato-corporativo","0","3","0%","1","MONEY","retrato-executivo","P3","P3: monitorar","dados apex+www somados"
"https://www.alefotografo.com.br/blog/seu-icloud-esta-cheio-5-dicas-para-voc%C3%AA-ganhar-mais-armazenamento-para-suas-fotos-e-videos","https://www.alefotografo.com.br/blog/seu-icloud-esta-cheio-5-dicas-para-voc%C3%AA-ganhar-mais-armazenamento-para-suas-fotos-e-videos","0","3","0%","1","BLOG","blog-editorial","P3","INTERNAL LINK para money page do mesmo cluster","dados apex+www somados"
"https://www.alefotografo.com.br/blog/seu-icloud-esta-esta-cheio-5-dicas-para-voce-ganhar-mais-armazenamento-para-suas-fotos-e-videos","https://www.alefotografo.com.br/blog/seu-icloud-esta-esta-cheio-5-dicas-para-voce-ganhar-mais-armazenamento-para-suas-fotos-e-videos","0","3","0%","1","BLOG","blog-editorial","P3","INTERNAL LINK para money page do mesmo cluster","dados apex+www somados"
"https://www.alefotografo.com.br/videos/retratos-profissionais-em-estudio","https://www.alefotografo.com.br/videos/retratos-profissionais-em-estudio","0","3","0%","3.33","VIDEO_ITEM","video-item","P3","MONITOR","dados apex+www somados"
"https://www.alefotografo.com.br/fotografo-corporativo/categoria/foto-para-linkedin","https://www.alefotografo.com.br/fotografo-corporativo/categoria/foto-para-linkedin","0","5","0%","5","MONEY","linkedin","P1","P1: fortalecer (CTR/conteúdo/case)","dados apex+www somados"
"https://www.alefotografo.com.br/videos-para-empresas/encontro-de-craques-germed-1","https://www.alefotografo.com.br/videos-para-empresas/encontro-de-craques-germed-1","0","3","0%","4.67","VIDEO_SERVICE","video-item-LEGADO","P1","P1: fortalecer (CTR/conteúdo/case)","dados apex+www somados"
"https://www.alefotografo.com.br/blog/packshot-fundo-branco-ecommerce-b2b","https://www.alefotografo.com.br/blog/packshot-fundo-branco-ecommerce-b2b","0","3","0%","5","BLOG","blog-editorial","P3","INTERNAL LINK para money page do mesmo cluster","dados apex+www somados"
"https://www.alefotografo.com.br/videos-para-empresas/ativa-logistiva-video-do-programa-de-sustentabilidade","https://www.alefotografo.com.br/videos-para-empresas/ativa-logistiva-video-do-programa-de-sustentabilidade","0","4","0%","15.25","VIDEO_SERVICE","video-item-LEGADO","P2","P2: conteúdo + internal links","dados apex+www somados"
"https://www.alefotografo.com.br/videos-para-empresas/sipat-2022-foseco","https://www.alefotografo.com.br/videos-para-empresas/sipat-2022-foseco","0","3","0%","5","VIDEO_SERVICE","video-item-LEGADO","P1","P1: fortalecer (CTR/conteúdo/case)","dados apex+www somados"
"https://www.alefotografo.com.br/videos/9faznegocios","https://www.alefotografo.com.br/videos/9faznegocios","0","3","0%","5","VIDEO_ITEM","video-item","P3","MONITOR","dados apex+www somados"
"https://www.alefotografo.com.br/videos/onemba","https://www.alefotografo.com.br/videos/onemba","0","4","0%","5.25","VIDEO_ITEM","video-item","P3","MONITOR","dados apex+www somados"
"https://www.alefotografo.com.br/blog/11-ideias-para-o-plano-de-fundo-de-seo-retrato-profissional","https://www.alefotografo.com.br/blog/11-ideias-para-o-plano-de-fundo-de-seo-retrato-profissional","0","3","0%","5.67","BLOG","blog-editorial","P3","INTERNAL LINK para money page do mesmo cluster","dados apex+www somados"
"https://www.alefotografo.com.br/videos-para-empresas/galena-35-anos","https://www.alefotografo.com.br/videos-para-empresas/galena-35-anos","0","3","0%","5.67","VIDEO_SERVICE","video-item-LEGADO","P1","P1: fortalecer (CTR/conteúdo/case)","dados apex+www somados"
"https://www.alefotografo.com.br/blog/fotografia-press-kit-assessoria-imprensa","https://www.alefotografo.com.br/blog/fotografia-press-kit-assessoria-imprensa","0","3","0%","6","BLOG","blog-editorial","P3","INTERNAL LINK para money page do mesmo cluster","dados apex+www somados"
"https://www.alefotografo.com.br/videos-para-empresas/sq-quimica-na-fce-pharma-cobertura-profissional-em-video-para-feiras-e-eventos-corporativos","https://www.alefotografo.com.br/videos-para-empresas/sq-quimica-na-fce-pharma-cobertura-profissional-em-video-para-feiras-e-eventos-corporativos","0","3","0%","6.33","VIDEO_SERVICE","video-item-LEGADO","P1","P1: fortalecer (CTR/conteúdo/case)","dados apex+www somados"
"https://www.alefotografo.com.br/blog/fotografia-conceitual-corporativa-abstrato","https://www.alefotografo.com.br/blog/fotografia-conceitual-corporativa-abstrato","0","3","0%","6.67","BLOG","blog-editorial","P3","INTERNAL LINK para money page do mesmo cluster","dados apex+www somados"
"https://www.alefotografo.com.br/blog/fotografia-escritorios-advocacia","https://www.alefotografo.com.br/blog/fotografia-escritorios-advocacia","0","4","0%","5.5","BLOG","blog-editorial","P3","INTERNAL LINK para money page do mesmo cluster","dados apex+www somados"
"https://www.alefotografo.com.br/loja/retrato-profissional-pacote-ouro-10-fotos-finais-o-fotografo-alexandre-machado-vai-ate-voce-com-estudio-movel-temos-8-enderecos-disponiveis","https://www.alefotografo.com.br/loja/retrato-profissional-pacote-ouro-10-fotos-finais-o-fotografo-alexandre-machado-vai-ate-voce-com-estudio-movel-temos-8-enderecos-disponiveis","0","3","0%","7","LEGACY","retrato-executivo","P3","INDEX CONVERGENCE (redirect ativo — monitorar)","dados apex+www somados"
"https://www.alefotografo.com.br/videos-para-empresas/women-in-tech-brasil","https://www.alefotografo.com.br/videos-para-empresas/women-in-tech-brasil","0","5","0%","8.4","VIDEO_SERVICE","video-item-LEGADO","P1","P1: fortalecer (CTR/conteúdo/case)","dados apex+www somados"
"https://www.alefotografo.com.br/blog/quanto-tempo-leva-projeto-fotografia-corporativa","https://www.alefotografo.com.br/blog/quanto-tempo-leva-projeto-fotografia-corporativa","0","3","0%","8","BLOG","blog-editorial","P3","INTERNAL LINK para money page do mesmo cluster","dados apex+www somados"
"https://www.alefotografo.com.br/videos/22-forum-de-comprasive-university","https://www.alefotografo.com.br/videos/22-forum-de-comprasive-university","0","3","0%","8","VIDEO_ITEM","video-item","P3","MONITOR","dados apex+www somados"
"https://www.alefotografo.com.br/videos/tecnisa-almoco-com-fornecedores","https://www.alefotografo.com.br/videos/tecnisa-almoco-com-fornecedores","0","3","0%","8","VIDEO_ITEM","video-item","P3","MONITOR","dados apex+www somados"
"https://www.alefotografo.com.br/blog/seo-de-imagens-fotos-site-corporativo","https://www.alefotografo.com.br/blog/seo-de-imagens-fotos-site-corporativo","0","3","0%","8.67","BLOG","blog-editorial","P3","INTERNAL LINK para money page do mesmo cluster","dados apex+www somados"
"https://www.alefotografo.com.br/videos/curso-de-prestacao-de-contas-eleitorais-2026-turma-sao-paulo","https://www.alefotografo.com.br/videos/curso-de-prestacao-de-contas-eleitorais-2026-turma-sao-paulo","0","3","0%","8.67","VIDEO_ITEM","video-item","P3","MONITOR","dados apex+www somados"
"https://www.alefotografo.com.br/fotografo-corporativo/fotografo-festa-da-firma","https://www.alefotografo.com.br/fotografo-corporativo/fotografo-festa-da-firma","0","6","0%","7","MONEY","fotografo-corporativo","P1","P1: fortalecer (CTR/conteúdo/case)","dados apex+www somados"
"https://www.alefotografo.com.br/blog/fotografia-medica-clinicas-hospitais","https://www.alefotografo.com.br/blog/fotografia-medica-clinicas-hospitais","0","3","0%","18","BLOG","blog-editorial","P3","INTERNAL LINK para money page do mesmo cluster","dados apex+www somados"
"https://www.alefotografo.com.br/fotografo-corporativo/categoria/feira-de-negocios","https://www.alefotografo.com.br/fotografo-corporativo/categoria/feira-de-negocios","0","3","0%","31.33","MONEY","feiras-stands","P3","P3: monitorar","dados apex+www somados"
"https://www.alefotografo.com.br/blog/10-lugares-em-sao-paulo-para-tirar-buenas-fotos","https://www.alefotografo.com.br/blog/10-lugares-em-sao-paulo-para-tirar-buenas-fotos","0","2","0%","1","BLOG","blog-editorial","P3","INTERNAL LINK para money page do mesmo cluster","dados apex+www somados"
"https://www.alefotografo.com.br/blog/jpeg-ou-png-vantagens-e-disvantagens-dos-dois-formatos-de-imagens","https://www.alefotografo.com.br/blog/jpeg-ou-png-vantagens-e-disvantagens-dos-dois-formatos-de-imagens","0","2","0%","1","BLOG","blog-editorial","P3","INTERNAL LINK para money page do mesmo cluster","dados apex+www somados"
"https://www.alefotografo.com.br/blog/jpeg-vs-png-vantagens-e-desvantagens-dos-dois-formatos-de-imagens","https://www.alefotografo.com.br/blog/jpeg-vs-png-vantagens-e-desvantagens-dos-dois-formatos-de-imagens","0","2","0%","1","BLOG","blog-editorial","P3","INTERNAL LINK para money page do mesmo cluster","dados apex+www somados"
"https://www.alefotografo.com.br/blog/networking-como-criar-uma-boa-rede-de-contatos-profissionais-para-voce-e-empresas","https://www.alefotografo.com.br/blog/networking-como-criar-uma-boa-rede-de-contatos-profissionais-para-voce-e-empresas","0","2","0%","1","BLOG","blog-editorial","P3","INTERNAL LINK para money page do mesmo cluster","dados apex+www somados"
"https://www.alefotografo.com.br/blog/os-6-melhores-aplicativos-para-editar-videdos-pelo-celular","https://www.alefotografo.com.br/blog/os-6-melhores-aplicativos-para-editar-videdos-pelo-celular","0","2","0%","1","BLOG","blog-editorial","P3","INTERNAL LINK para money page do mesmo cluster","dados apex+www somados"
"https://www.alefotografo.com.br/blog/psicologia-das-cores-e-saiba-como-elas-interagem","https://www.alefotografo.com.br/blog/psicologia-das-cores-e-saiba-como-elas-interagem","0","2","0%","1","BLOG","blog-editorial","P3","INTERNAL LINK para money page do mesmo cluster","dados apex+www somados"
"https://www.alefotografo.com.br/blog/seu-icloud-esta-cheio-5-dicas-para-voce-ganhar-mais-arma-%E2%80%A6","https://www.alefotografo.com.br/blog/seu-icloud-esta-cheio-5-dicas-para-voce-ganhar-mais-arma-%E2%80%A6","0","2","0%","1","BLOG","blog-editorial","P3","INTERNAL LINK para money page do mesmo cluster","dados apex+www somados"
"https://www.alefotografo.com.br/blog/seu-icloud-esta-cheio-5-dicas-para-voce-ganhar-mais-armazenamento-para-suas-videos","https://www.alefotografo.com.br/blog/seu-icloud-esta-cheio-5-dicas-para-voce-ganhar-mais-armazenamento-para-suas-videos","0","2","0%","1","BLOG","blog-editorial","P3","INTERNAL LINK para money page do mesmo cluster","dados apex+www somados"
"https://www.alefotografo.com.br/blog/10-lugares-em-sao-paulo-tirar-boas-fotos","https://www.alefotografo.com.br/blog/10-lugares-em-sao-paulo-tirar-boas-fotos","0","2","0%","1.5","BLOG","blog-editorial","P3","INTERNAL LINK para money page do mesmo cluster","dados apex+www somados"
"https://www.alefotografo.com.br/blog/11-ideias-for-o-plano-de-fundo-de-seu-retrato-profissional","https://www.alefotografo.com.br/blog/11-ideias-for-o-plano-de-fundo-de-seu-retrato-profissional","0","2","0%","1.5","BLOG","blog-editorial","P3","INTERNAL LINK para money page do mesmo cluster","dados apex+www somados"
"https://www.alefotografo.com.br/blog/10-lugares-em-sao-pulo-para-tirar-boas-fotos","https://www.alefotografo.com.br/blog/10-lugares-em-sao-pulo-para-tirar-boas-fotos","0","2","0%","2","BLOG","blog-editorial","P3","INTERNAL LINK para money page do mesmo cluster","dados apex+www somados"
"https://www.alefotografo.com.br/fotografo-corporativo/","https://www.alefotografo.com.br/fotografo-corporativo/","0","2","0%","2","MONEY","fotografo-corporativo","P3","P3: monitorar","dados apex+www somados"
"https://www.alefotografo.com.br/blog/retrato-executivo-lideranca-feminina","https://www.alefotografo.com.br/blog/retrato-executivo-lideranca-feminina","0","2","0%","2.5","BLOG","blog-editorial","P3","INTERNAL LINK para money page do mesmo cluster","dados apex+www somados"
"https://www.alefotografo.com.br/blog/como-medir-retorno-fotografia-corporativa","https://www.alefotografo.com.br/blog/como-medir-retorno-fotografia-corporativa","0","2","0%","3","BLOG","blog-editorial","P3","INTERNAL LINK para money page do mesmo cluster","dados apex+www somados"
"https://www.alefotografo.com.br/videos-para-empresas/categoria/feiras-e-stands","https://www.alefotografo.com.br/videos-para-empresas/categoria/feiras-e-stands","0","2","0%","4","VIDEO_SERVICE","video-item-LEGADO","P1","P1: fortalecer (CTR/conteúdo/case)","dados apex+www somados"
"https://www.alefotografo.com.br/videos-para-empresas/video-escritorio-rocha-e-queiroz","https://www.alefotografo.com.br/videos-para-empresas/video-escritorio-rocha-e-queiroz","0","2","0%","4","VIDEO_SERVICE","video-item-LEGADO","P1","P1: fortalecer (CTR/conteúdo/case)","dados apex+www somados"
"https://www.alefotografo.com.br/fotografo-corporativo/fotografo-de-grupos-times-e-equipes","https://www.alefotografo.com.br/fotografo-corporativo/fotografo-de-grupos-times-e-equipes","0","2","0%","5.5","MONEY","fotografo-corporativo","P1","P1: fortalecer (CTR/conteúdo/case)","dados apex+www somados"
"https://www.alefotografo.com.br/fotografo-corporativo/banco-de-imagens-para-escolas","https://www.alefotografo.com.br/fotografo-corporativo/banco-de-imagens-para-escolas","0","5","0%","8","MONEY","banco-de-imagens","P1","P1: fortalecer (CTR/conteúdo/case)","dados apex+www somados"
"https://www.alefotografo.com.br/videos-para-empresas/galena-celebra","https://www.alefotografo.com.br/videos-para-empresas/galena-celebra","0","4","0%","6","VIDEO_SERVICE","video-item-LEGADO","P1","P1: fortalecer (CTR/conteúdo/case)","dados apex+www somados"
"https://www.alefotografo.com.br/videos/convencao-de-vendas-2023-tecnisa","https://www.alefotografo.com.br/videos/convencao-de-vendas-2023-tecnisa","0","2","0%","6.5","VIDEO_ITEM","video-item","P3","MONITOR","dados apex+www somados"
"https://www.alefotografo.com.br/videos/genesis-inteligencia-artificial-na-feira-hospitalar","https://www.alefotografo.com.br/videos/genesis-inteligencia-artificial-na-feira-hospitalar","0","2","0%","6.5","VIDEO_ITEM","video-item","P3","MONITOR","dados apex+www somados"
"https://www.alefotografo.com.br/videos/i-congresso-brasileiro-de-direito-da-empresa-no-novo-futebol-ibde","https://www.alefotografo.com.br/videos/i-congresso-brasileiro-de-direito-da-empresa-no-novo-futebol-ibde","0","2","0%","7.5","VIDEO_ITEM","video-item","P3","MONITOR","dados apex+www somados"
"https://www.alefotografo.com.br/fotografo-corporativo/categoria/fotografia-de-culinaria","https://www.alefotografo.com.br/fotografo-corporativo/categoria/fotografia-de-culinaria","0","2","0%","9.5","MONEY","gastronomia","P1","P1: fortalecer (CTR/conteúdo/case)","dados apex+www somados"
"https://www.alefotografo.com.br/videos-para-empresas/video-corporativo-feira-hospitalar-genesis-inteligencia-artificial","https://www.alefotografo.com.br/videos-para-empresas/video-corporativo-feira-hospitalar-genesis-inteligencia-artificial","0","2","0%","11","VIDEO_SERVICE","video-item-LEGADO","P1","P1: fortalecer (CTR/conteúdo/case)","dados apex+www somados"
"https://www.alefotografo.com.br/videos/encontro-farmarcas-2022","https://www.alefotografo.com.br/videos/encontro-farmarcas-2022","0","2","0%","11","VIDEO_ITEM","video-item","P3","MONITOR","dados apex+www somados"
"https://www.alefotografo.com.br/blog/10-Lugares-em-Sao-Paulo-para-tirar-boas-fotos","https://www.alefotografo.com.br/blog/10-Lugares-em-Sao-Paulo-para-tirar-boas-fotos","0","1","0%","1","BLOG","blog-editorial","P3","INTERNAL LINK para money page do mesmo cluster","dados apex+www somados"
"https://www.alefotografo.com.br/blog/10-lugares-em-sao-pablo-para-tirar-boas-fotos","https://www.alefotografo.com.br/blog/10-lugares-em-sao-pablo-para-tirar-boas-fotos","0","1","0%","1","BLOG","blog-editorial","P3","INTERNAL LINK para money page do mesmo cluster","dados apex+www somados"
"https://www.alefotografo.com.br/blog/10-lugares-em-sao-sao-paulo-para-tirar-boas-fotos","https://www.alefotografo.com.br/blog/10-lugares-em-sao-sao-paulo-para-tirar-boas-fotos","0","1","0%","1","BLOG","blog-editorial","P3","INTERNAL LINK para money page do mesmo cluster","dados apex+www somados"
"https://www.alefotografo.com.br/blog/11-ideias-le-fundo-de-seu-retrato-profissional","https://www.alefotografo.com.br/blog/11-ideias-le-fundo-de-seu-retrato-profissional","0","1","0%","1","BLOG","blog-editorial","P3","INTERNAL LINK para money page do mesmo cluster","dados apex+www somados"
"https://www.alefotografo.com.br/blog/11-ideias-para-o-plano-de-fundo-de-retrato-profissional","https://www.alefotografo.com.br/blog/11-ideias-para-o-plano-de-fundo-de-retrato-profissional","0","1","0%","1","BLOG","blog-editorial","P3","INTERNAL LINK para money page do mesmo cluster","dados apex+www somados"
"https://www.alefotografo.com.br/blog/5-melhores-poses-para-retrato-corporativo","https://www.alefotografo.com.br/blog/5-melhores-poses-para-retrato-corporativo","0","1","0%","1","BLOG","blog-editorial","P3","INTERNAL LINK para money page do mesmo cluster","dados apex+www somados"
"https://www.alefotografo.com.br/blog/7-dicas-para-nunca-mais-errar-na-aparencia-ao-tirar-fotos-profissionais","https://www.alefotografo.com.br/blog/7-dicas-para-nunca-mais-errar-na-aparencia-ao-tirar-fotos-profissionais","0","1","0%","1","BLOG","blog-editorial","P3","INTERNAL LINK para money page do mesmo cluster","dados apex+www somados"
"https://www.alefotografo.com.br/blog/7-dicas-para-voc%C3%AA-nunca-mais-errar-na-aparencia-ao-tirar-fotos-profissionais","https://www.alefotografo.com.br/blog/7-dicas-para-voc%C3%AA-nunca-mais-errar-na-aparencia-ao-tirar-fotos-profissionais","0","1","0%","1","BLOG","blog-editorial","P3","INTERNAL LINK para money page do mesmo cluster","dados apex+www somados"
"https://www.alefotografo.com.br/blog/7-dicas-para-voce-nar-mais-errar-na-aparencia-ao-tirar-fotos-profissionais","https://www.alefotografo.com.br/blog/7-dicas-para-voce-nar-mais-errar-na-aparencia-ao-tirar-fotos-profissionais","0","1","0%","1","BLOG","blog-editorial","P3","INTERNAL LINK para money page do mesmo cluster","dados apex+www somados"
"https://www.alefotografo.com.br/blog/7-dicas-para-voce-nunca-mais-errar-na-aparencia-alistar","https://www.alefotografo.com.br/blog/7-dicas-para-voce-nunca-mais-errar-na-aparencia-alistar","0","1","0%","1","BLOG","blog-editorial","P3","INTERNAL LINK para money page do mesmo cluster","dados apex+www somados"
"https://www.alefotografo.com.br/blog/7-dicas-para-voce-nunca-mais-errar-na-aparencia-ao-tirar-expressao-facial-para-fotos","https://www.alefotografo.com.br/blog/7-dicas-para-voce-nunca-mais-errar-na-aparencia-ao-tirar-expressao-facial-para-fotos","0","1","0%","1","BLOG","blog-editorial","P3","INTERNAL LINK para money page do mesmo cluster","dados apex+www somados"
"https://www.alefotografo.com.br/blog/7-dicas-para-voce-nunca-mais-errar-na-appearance-ao-tirar-fotos-profissionais","https://www.alefotografo.com.br/blog/7-dicas-para-voce-nunca-mais-errar-na-appearance-ao-tirar-fotos-profissionais","0","1","0%","1","BLOG","blog-editorial","P3","INTERNAL LINK para money page do mesmo cluster","dados apex+www somados"
"https://www.alefotografo.com.br/blog/7-lugares-incriveis-para-tirar-fotografias-profissionais-em-sao-paulo","https://www.alefotografo.com.br/blog/7-lugares-incriveis-para-tirar-fotografias-profissionais-em-sao-paulo","0","1","0%","1","BLOG","blog-editorial","P3","INTERNAL LINK para money page do mesmo cluster","dados apex+www somados"
"https://www.alefotografo.com.br/blog/7-lugares-incriveis-para-tirar-fotos-profissionais-in-sao-paulo","https://www.alefotografo.com.br/blog/7-lugares-incriveis-para-tirar-fotos-profissionais-in-sao-paulo","0","1","0%","1","BLOG","blog-editorial","P3","INTERNAL LINK para money page do mesmo cluster","dados apex+www somados"
"https://www.alefotografo.com.br/blog/7-lugares-incriveis-para-tirar-fotos-profissionais-sao-paulo","https://www.alefotografo.com.br/blog/7-lugares-incriveis-para-tirar-fotos-profissionais-sao-paulo","0","1","0%","1","BLOG","blog-editorial","P3","INTERNAL LINK para money page do mesmo cluster","dados apex+www somados"
"https://www.alefotografo.com.br/blog/7-lugares-incriveis-para-tirar-profissionais-em-sao-paulo","https://www.alefotografo.com.br/blog/7-lugares-incriveis-para-tirar-profissionais-em-sao-paulo","0","1","0%","1","BLOG","blog-editorial","P3","INTERNAL LINK para money page do mesmo cluster","dados apex+www somados"
"https://www.alefotografo.com.br/blog/dress-code-corporativo-o-what-vestir-numa-sessao-de-fotos-profissionais","https://www.alefotografo.com.br/blog/dress-code-corporativo-o-what-vestir-numa-sessao-de-fotos-profissionais","0","1","0%","1","BLOG","blog-editorial","P3","INTERNAL LINK para money page do mesmo cluster","dados apex+www somados"
"https://www.alefotografo.com.br/blog/dress-code-o-que-vestir-numa-sessao-de-fotos-profissionais","https://www.alefotografo.com.br/blog/dress-code-o-que-vestir-numa-sessao-de-fotos-profissionais","0","1","0%","1","BLOG","blog-editorial","P3","INTERNAL LINK para money page do mesmo cluster","dados apex+www somados"
"https://www.alefotografo.com.br/blog/engenharia-de-cardapio-7-techniques-incriveis-para-aumentar-suas-vendas","https://www.alefotografo.com.br/blog/engenharia-de-cardapio-7-techniques-incriveis-para-aumentar-suas-vendas","0","1","0%","1","BLOG","blog-editorial","P3","INTERNAL LINK para money page do mesmo cluster","dados apex+www somados"
"https://www.alefotografo.com.br/blog/food-styling-7-dicas-de-fotos-comida-para-voce-turbinar-suas-vendas","https://www.alefotografo.com.br/blog/food-styling-7-dicas-de-fotos-comida-para-voce-turbinar-suas-vendas","0","1","0%","1","BLOG","blog-editorial","P3","INTERNAL LINK para money page do mesmo cluster","dados apex+www somados"
"https://www.alefotografo.com.br/blog/fotografo-explica-porque-sua-empresa-de-ve-obter-fotos-tiradas-com-drones","https://www.alefotografo.com.br/blog/fotografo-explica-porque-sua-empresa-de-ve-obter-fotos-tiradas-com-drones","0","1","0%","1","BLOG","blog-editorial","P3","INTERNAL LINK para money page do mesmo cluster","dados apex+www somados"
"https://www.alefotografo.com.br/blog/jpeg-ou-png-qual-formato-usar-em-cada-caso","https://www.alefotografo.com.br/blog/jpeg-ou-png-qual-formato-usar-em-cada-caso","0","1","0%","1","BLOG","blog-editorial","P3","INTERNAL LINK para money page do mesmo cluster","dados apex+www somados"
"https://www.alefotografo.com.br/blog/o-que-torna-uma-fotografia-colorida-emocionalmente-atraente","https://www.alefotografo.com.br/blog/o-que-torna-uma-fotografia-colorida-emocionalmente-atraente","0","1","0%","1","BLOG","blog-editorial","P3","INTERNAL LINK para money page do mesmo cluster","dados apex+www somados"
"https://www.alefotografo.com.br/blog/os-6-melhores-aplicativos-for-editar-videos-pelo-celular","https://www.alefotografo.com.br/blog/os-6-melhores-aplicativos-for-editar-videos-pelo-celular","0","1","0%","1","BLOG","blog-editorial","P3","INTERNAL LINK para money page do mesmo cluster","dados apex+www somados"
"https://www.alefotografo.com.br/blog/os-6-melhores-aplicativos-para-deos-pelo-celular","https://www.alefotografo.com.br/blog/os-6-melhores-aplicativos-para-deos-pelo-celular","0","1","0%","1","BLOG","blog-editorial","P3","INTERNAL LINK para money page do mesmo cluster","dados apex+www somados"
"https://www.alefotografo.com.br/blog/os-6-melhores-aplicativos-para-editar-v%C3%ADdeo-pelo-celular","https://www.alefotografo.com.br/blog/os-6-melhores-aplicativos-para-editar-v%C3%ADdeo-pelo-celular","0","1","0%","1","BLOG","blog-editorial","P3","INTERNAL LINK para money page do mesmo cluster","dados apex+www somados"
"https://www.alefotografo.com.br/blog/os-6-melhores-aplicativos-para-editar-v%C3%ADdeos-pelo-celular","https://www.alefotografo.com.br/blog/os-6-melhores-aplicativos-para-editar-v%C3%ADdeos-pelo-celular","0","1","0%","1","BLOG","blog-editorial","P3","INTERNAL LINK para money page do mesmo cluster","dados apex+www somados"
"https://www.alefotografo.com.br/blog/os-6-melhores-aplicativos-para-editar-vi-deos-pelo-celular","https://www.alefotografo.com.br/blog/os-6-melhores-aplicativos-para-editar-vi-deos-pelo-celular","0","1","0%","1","BLOG","blog-editorial","P3","INTERNAL LINK para money page do mesmo cluster","dados apex+www somados"
"https://www.alefotografo.com.br/blog/os-6-melhores-aplicativos-para-editar-viagens-pelo-celular","https://www.alefotografo.com.br/blog/os-6-melhores-aplicativos-para-editar-viagens-pelo-celular","0","1","0%","1","BLOG","blog-editorial","P3","INTERNAL LINK para money page do mesmo cluster","dados apex+www somados"
"https://www.alefotografo.com.br/blog/os-6-melhores-aplicativos-para-editar-videos-baixar-no-celular","https://www.alefotografo.com.br/blog/os-6-melhores-aplicativos-para-editar-videos-baixar-no-celular","0","1","0%","1","BLOG","blog-editorial","P3","INTERNAL LINK para money page do mesmo cluster","dados apex+www somados"
"https://www.alefotografo.com.br/blog/os-6-melhores-aplicativos-para-editar-videos-celular","https://www.alefotografo.com.br/blog/os-6-melhores-aplicativos-para-editar-videos-celular","0","1","0%","1","BLOG","blog-editorial","P3","INTERNAL LINK para money page do mesmo cluster","dados apex+www somados"
"https://www.alefotografo.com.br/blog/os-6-melhores-aplicativos-por-celular","https://www.alefotografo.com.br/blog/os-6-melhores-aplicativos-por-celular","0","1","0%","1","BLOG","blog-editorial","P3","INTERNAL LINK para money page do mesmo cluster","dados apex+www somados"
"https://www.alefotografo.com.br/blog/os-6-melhores-apps-para-editar-videos-pelo-celular","https://www.alefotografo.com.br/blog/os-6-melhores-apps-para-editar-videos-pelo-celular","0","1","0%","1","BLOG","blog-editorial","P3","INTERNAL LINK para money page do mesmo cluster","dados apex+www somados"
"https://www.alefotografo.com.br/blog/os-6-melhores-apps-para-gravar-e-editar-videos-no-iphone-en-2025","https://www.alefotografo.com.br/blog/os-6-melhores-apps-para-gravar-e-editar-videos-no-iphone-en-2025","0","1","0%","1","BLOG","blog-editorial","P3","INTERNAL LINK para money page do mesmo cluster","dados apex+www somados"
"https://www.alefotografo.com.br/blog/os-6-motivos-para-editar-videos","https://www.alefotografo.com.br/blog/os-6-motivos-para-editar-videos","0","1","0%","1","BLOG","blog-editorial","P3","INTERNAL LINK para money page do mesmo cluster","dados apex+www somados"
"https://www.alefotografo.com.br/blog/os-os-6-melhores-aplicativos-para-editar-videos-pelo-celular","https://www.alefotografo.com.br/blog/os-os-6-melhores-aplicativos-para-editar-videos-pelo-celular","0","1","0%","1","BLOG","blog-editorial","P3","INTERNAL LINK para money page do mesmo cluster","dados apex+www somados"
"https://www.alefotografo.com.br/blog/posicionamento-de-imagem-profissional-o-que-e-como-aplicar","https://www.alefotografo.com.br/blog/posicionamento-de-imagem-profissional-o-que-e-como-aplicar","0","1","0%","1","BLOG","blog-editorial","P3","INTERNAL LINK para money page do mesmo cluster","dados apex+www somados"
"https://www.alefotografo.com.br/blog/posicionamento-de-imagem-profissional-o-que-e-e-aplicar","https://www.alefotografo.com.br/blog/posicionamento-de-imagem-profissional-o-que-e-e-aplicar","0","1","0%","1","BLOG","blog-editorial","P3","INTERNAL LINK para money page do mesmo cluster","dados apex+www somados"
"https://www.alefotografo.com.br/blog/produto-evolui-imagem-desatualizada-catalogo","https://www.alefotografo.com.br/blog/produto-evolui-imagem-desatualizada-catalogo","0","1","0%","1","BLOG","blog-editorial","P3","INTERNAL LINK para money page do mesmo cluster","dados apex+www somados"
"https://www.alefotografo.com.br/blog/psicologia-das-cores-che-saiba-como-elas-interagem","https://www.alefotografo.com.br/blog/psicologia-das-cores-che-saiba-como-elas-interagem","0","1","0%","1","BLOG","blog-editorial","P3","INTERNAL LINK para money page do mesmo cluster","dados apex+www somados"
"https://www.alefotografo.com.br/blog/psicologia-das-cores-e-fotografia-saiba-como-chegar-la","https://www.alefotografo.com.br/blog/psicologia-das-cores-e-fotografia-saiba-como-chegar-la","0","1","0%","1","BLOG","blog-editorial","P3","INTERNAL LINK para money page do mesmo cluster","dados apex+www somados"
"https://www.alefotografo.com.br/blog/psicologia-das-cores-e-fotografia-saiba-como-elasticam-interagem/","https://www.alefotografo.com.br/blog/psicologia-das-cores-e-fotografia-saiba-como-elasticam-interagem/","0","1","0%","1","BLOG","blog-editorial","P3","INTERNAL LINK para money page do mesmo cluster","dados apex+www somados"
"https://www.alefotografo.com.br/blog/psicologia-das-cores-e-fotografia-saiba-como-ele-interagem","https://www.alefotografo.com.br/blog/psicologia-das-cores-e-fotografia-saiba-como-ele-interagem","0","1","0%","1","BLOG","blog-editorial","P3","INTERNAL LINK para money page do mesmo cluster","dados apex+www somados"
"https://www.alefotografo.com.br/blog/psicologia-das-cores-e-fotografia-saiba-como-endas-interagem","https://www.alefotografo.com.br/blog/psicologia-das-cores-e-fotografia-saiba-como-endas-interagem","0","1","0%","1","BLOG","blog-editorial","P3","INTERNAL LINK para money page do mesmo cluster","dados apex+www somados"
"https://www.alefotografo.com.br/blog/psicologia-das-cores-e-gra-como-elas-interagem","https://www.alefotografo.com.br/blog/psicologia-das-cores-e-gra-como-elas-interagem","0","1","0%","1","BLOG","blog-editorial","P3","INTERNAL LINK para money page do mesmo cluster","dados apex+www somados"
"https://www.alefotografo.com.br/blog/retrato-ambientado-o-retrato-executivo-que-conta-o-que-voce-faz","https://www.alefotografo.com.br/blog/retrato-ambientado-o-retrato-executivo-que-conta-o-que-voce-faz","0","1","0%","1","BLOG","blog-editorial","P3","INTERNAL LINK para money page do mesmo cluster","dados apex+www somados"
"https://www.alefotografo.com.br/blog/saiba-quais-sao-os-melhores-de-postagem-nas-redes-social","https://www.alefotografo.com.br/blog/saiba-quais-sao-os-melhores-de-postagem-nas-redes-social","0","1","0%","1","BLOG","blog-editorial","P3","INTERNAL LINK para money page do mesmo cluster","dados apex+www somados"
"https://www.alefotografo.com.br/blog/saivas-quais-sao-os-melhores-de-postagem-nas-redes-sociais","https://www.alefotografo.com.br/blog/saivas-quais-sao-os-melhores-de-postagem-nas-redes-sociais","0","1","0%","1","BLOG","blog-editorial","P3","INTERNAL LINK para money page do mesmo cluster","dados apex+www somados"
"https://www.alefotografo.com.br/blog/seu-icloud-est%C3%A1-cheio-5-dicas-para-voce-ganhar-mais-armazenamento-para-suas-fotos-e-videos","https://www.alefotografo.com.br/blog/seu-icloud-est%C3%A1-cheio-5-dicas-para-voce-ganhar-mais-armazenamento-para-suas-fotos-e-videos","0","1","0%","1","BLOG","blog-editorial","P3","INTERNAL LINK para money page do mesmo cluster","dados apex+www somados"
"https://www.alefotografo.com.br/blog/seu-icloud-esta-cheia-5-dicas-para-ganhar-mais-armazenamento-para-suas-fotos-e-videos","https://www.alefotografo.com.br/blog/seu-icloud-esta-cheia-5-dicas-para-ganhar-mais-armazenamento-para-suas-fotos-e-videos","0","1","0%","1","BLOG","blog-editorial","P3","INTERNAL LINK para money page do mesmo cluster","dados apex+www somados"
"https://www.alefotografo.com.br/blog/seu-icloud-esta-cheio-5-dicas-para-que-voce-ganha-mais-armazenamento-para-suas-fotos-e-videos","https://www.alefotografo.com.br/blog/seu-icloud-esta-cheio-5-dicas-para-que-voce-ganha-mais-armazenamento-para-suas-fotos-e-videos","0","1","0%","1","BLOG","blog-editorial","P3","INTERNAL LINK para money page do mesmo cluster","dados apex+www somados"
"https://www.alefotografo.com.br/blog/seu-icloud-esta-cheio-5-dicas-para-u-ganhar-mais-armazenamento-para-suas-fotos-e-videos","https://www.alefotografo.com.br/blog/seu-icloud-esta-cheio-5-dicas-para-u-ganhar-mais-armazenamento-para-suas-fotos-e-videos","0","1","0%","1","BLOG","blog-editorial","P3","INTERNAL LINK para money page do mesmo cluster","dados apex+www somados"
"https://www.alefotografo.com.br/blog/seu-icloud-esta-cheio-5-dicas-para-v-ganhar-mais-armazenamento-para-suas-fotos-e-videos","https://www.alefotografo.com.br/blog/seu-icloud-esta-cheio-5-dicas-para-v-ganhar-mais-armazenamento-para-suas-fotos-e-videos","0","1","0%","1","BLOG","blog-editorial","P3","INTERNAL LINK para money page do mesmo cluster","dados apex+www somados"
"https://www.alefotografo.com.br/blog/seu-icloud-esta-cheio-5-dicas-para-voce-gainhar-mais-armazenamento-para-suas-fotos-e-videos","https://www.alefotografo.com.br/blog/seu-icloud-esta-cheio-5-dicas-para-voce-gainhar-mais-armazenamento-para-suas-fotos-e-videos","0","1","0%","1","BLOG","blog-editorial","P3","INTERNAL LINK para money page do mesmo cluster","dados apex+www somados"
"https://www.alefotografo.com.br/blog/seu-icloud-esta-cheio-5-dicas-para-voce-ganhar-mais-arma","https://www.alefotografo.com.br/blog/seu-icloud-esta-cheio-5-dicas-para-voce-ganhar-mais-arma","0","1","0%","1","BLOG","blog-editorial","P3","INTERNAL LINK para money page do mesmo cluster","dados apex+www somados"
"https://www.alefotografo.com.br/blog/seu-icloud-esta-cheio-5-dicas-para-voce-ganhar-mais-armazenamento-para-s-videos","https://www.alefotografo.com.br/blog/seu-icloud-esta-cheio-5-dicas-para-voce-ganhar-mais-armazenamento-para-s-videos","0","1","0%","1","BLOG","blog-editorial","P3","INTERNAL LINK para money page do mesmo cluster","dados apex+www somados"
"https://www.alefotografo.com.br/blog/seu-icloud-esta-cheio-5-dicas-para-voce-ganhar-mais-armazenamento-para-suas-fotos-videos","https://www.alefotografo.com.br/blog/seu-icloud-esta-cheio-5-dicas-para-voce-ganhar-mais-armazenamento-para-suas-fotos-videos","0","1","0%","1","BLOG","blog-editorial","P3","INTERNAL LINK para money page do mesmo cluster","dados apex+www somados"
"https://www.alefotografo.com.br/blog/seu-icloud-esta-cheio-5-dicas-para-vos-ganhar-mais-armazenamento-para-suas-fotos-e-videos","https://www.alefotografo.com.br/blog/seu-icloud-esta-cheio-5-dicas-para-vos-ganhar-mais-armazenamento-para-suas-fotos-e-videos","0","1","0%","1","BLOG","blog-editorial","P3","INTERNAL LINK para money page do mesmo cluster","dados apex+www somados"
"https://www.alefotografo.com.br/blog/seu-icloud-esta-cheio-5-dicas-para-vosse-ganhar-mais-armazenamento-para-suas-fotos-e-videos","https://www.alefotografo.com.br/blog/seu-icloud-esta-cheio-5-dicas-para-vosse-ganhar-mais-armazenamento-para-suas-fotos-e-videos","0","1","0%","1","BLOG","blog-editorial","P3","INTERNAL LINK para money page do mesmo cluster","dados apex+www somados"
"https://www.alefotografo.com.br/blog/seu-icloud-esta-cheio-5-dicas-para-vous-ganhar-mais-armazenamento-para-suas-fotos-e-videos","https://www.alefotografo.com.br/blog/seu-icloud-esta-cheio-5-dicas-para-vous-ganhar-mais-armazenamento-para-suas-fotos-e-videos","0","1","0%","1","BLOG","blog-editorial","P3","INTERNAL LINK para money page do mesmo cluster","dados apex+www somados"
"https://www.alefotografo.com.br/foto-profissional-linkedin","https://www.alefotografo.com.br/foto-profissional-linkedin","0","1","0%","1","MONEY","linkedin","P3","P3: monitorar","dados apex+www somados"
"https://www.alefotografo.com.br/fotografo-corporativo/categoria/fotografia-institucional","https://www.alefotografo.com.br/fotografo-corporativo/categoria/fotografia-institucional","0","1","0%","1","MONEY","fotografo-corporativo","P3","P3: monitorar","dados apex+www somados"
"https://www.alefotografo.com.br/fotografo-corporativo/ensaio-fotografico-para-redes-social","https://www.alefotografo.com.br/fotografo-corporativo/ensaio-fotografico-para-redes-social","0","1","0%","1","MONEY","fotografo-corporativo","P3","P3: monitorar","dados apex+www somados"
"https://www.alefotografo.com.br/videos-para-empresas/retratos-profissionais-em-estudio","https://www.alefotografo.com.br/videos-para-empresas/retratos-profissionais-em-estudio","0","1","0%","1","VIDEO_SERVICE","video-item-LEGADO","P3","P3: monitorar","dados apex+www somados"
"https://www.alefotografo.com.br/blog/7-dicas-para-voce-nunca-mais-errar-na-appearance-ao-tirar-fotos-profissionais/","https://www.alefotografo.com.br/blog/7-dicas-para-voce-nunca-mais-errar-na-appearance-ao-tirar-fotos-profissionais/","0","1","0%","2","BLOG","blog-editorial","P3","INTERNAL LINK para money page do mesmo cluster","dados apex+www somados"
"https://www.alefotografo.com.br/blog/7-lugares-incriveis-para-tirar-fotos-em-sao-paulo","https://www.alefotografo.com.br/blog/7-lugares-incriveis-para-tirar-fotos-em-sao-paulo","0","1","0%","2","BLOG","blog-editorial","P3","INTERNAL LINK para money page do mesmo cluster","dados apex+www somados"
"https://www.alefotografo.com.br/fotografo-corporativo/categoria/dentistas","https://www.alefotografo.com.br/fotografo-corporativo/categoria/dentistas","0","2","0%","2.5","MONEY","saude","P3","P3: monitorar","dados apex+www somados"
"https://www.alefotografo.com.br/videos-para-empresas/categoria/apresentacao-de-servicos","https://www.alefotografo.com.br/videos-para-empresas/categoria/apresentacao-de-servicos","0","3","0%","7.67","VIDEO_SERVICE","video-item-LEGADO","P1","P1: fortalecer (CTR/conteúdo/case)","dados apex+www somados"
"https://www.alefotografo.com.br/videos/beauty-fair-2026-3o-dia-tendencias-lancamentos-os-melhores-momentos-da-feira","https://www.alefotografo.com.br/videos/beauty-fair-2026-3o-dia-tendencias-lancamentos-os-melhores-momentos-da-feira","0","1","0%","2","VIDEO_ITEM","video-item","P3","MONITOR","dados apex+www somados"
"https://www.alefotografo.com.br/blog/imagem-do-ceo-ativo-da-empresa","https://www.alefotografo.com.br/blog/imagem-do-ceo-ativo-da-empresa","0","1","0%","3","BLOG","blog-editorial","P3","INTERNAL LINK para money page do mesmo cluster","dados apex+www somados"
"https://www.alefotografo.com.br/videos/onemba-class-2023-sao-paulo","https://www.alefotografo.com.br/videos/onemba-class-2023-sao-paulo","0","1","0%","3","VIDEO_ITEM","video-item","P3","MONITOR","dados apex+www somados"
"https://www.alefotografo.com.br/blog/fotografo-corporativo-especializacao-importa","https://www.alefotografo.com.br/blog/fotografo-corporativo-especializacao-importa","0","1","0%","4","BLOG","blog-editorial","P3","INTERNAL LINK para money page do mesmo cluster","dados apex+www somados"
"https://www.alefotografo.com.br/fotografo-corporativo/categoria/banco-de-imagens","https://www.alefotografo.com.br/fotografo-corporativo/categoria/banco-de-imagens","0","1","0%","4","MONEY","banco-de-imagens","P1","P1: fortalecer (CTR/conteúdo/case)","dados apex+www somados"
"https://www.alefotografo.com.br/videos/unitec-video-institucional","https://www.alefotografo.com.br/videos/unitec-video-institucional","0","1","0%","4","VIDEO_ITEM","video-item","P3","MONITOR","dados apex+www somados"
"https://www.alefotografo.com.br/blog/manual-de-uso-de-imagem-corporativa","https://www.alefotografo.com.br/blog/manual-de-uso-de-imagem-corporativa","0","1","0%","5","BLOG","blog-editorial","P3","INTERNAL LINK para money page do mesmo cluster","dados apex+www somados"
"https://www.alefotografo.com.br/videos-para-empresas/ibde-rio2026","https://www.alefotografo.com.br/videos-para-empresas/ibde-rio2026","0","2","0%","6","VIDEO_SERVICE","video-item-LEGADO","P1","P1: fortalecer (CTR/conteúdo/case)","dados apex+www somados"
"https://www.alefotografo.com.br/videos-para-empresas/passion-for-excellence-latam-sales-meeting-2021-convatec","https://www.alefotografo.com.br/videos-para-empresas/passion-for-excellence-latam-sales-meeting-2021-convatec","0","1","0%","5","VIDEO_SERVICE","video-item-LEGADO","P1","P1: fortalecer (CTR/conteúdo/case)","dados apex+www somados"
"https://www.alefotografo.com.br/blog/categoria/fotografo","https://www.alefotografo.com.br/blog/categoria/fotografo","0","1","0%","6","BLOG","blog-editorial","P3","INTERNAL LINK para money page do mesmo cluster","dados apex+www somados"
"https://www.alefotografo.com.br/blog/vagas-poucos-candidatos-qualificados-imagem","https://www.alefotografo.com.br/blog/vagas-poucos-candidatos-qualificados-imagem","0","1","0%","6","BLOG","blog-editorial","P3","INTERNAL LINK para money page do mesmo cluster","dados apex+www somados"
"https://www.alefotografo.com.br/fotografo-corporativo/categoria/foto-lembranca","https://www.alefotografo.com.br/fotografo-corporativo/categoria/foto-lembranca","0","1","0%","6","MONEY","fotografo-corporativo","P1","P1: fortalecer (CTR/conteúdo/case)","dados apex+www somados"
"https://www.alefotografo.com.br/videos-para-empresas/ativa-logistica","https://www.alefotografo.com.br/videos-para-empresas/ativa-logistica","0","1","0%","6","VIDEO_SERVICE","video-item-LEGADO","P1","P1: fortalecer (CTR/conteúdo/case)","dados apex+www somados"
"https://www.alefotografo.com.br/videos-para-empresas/gpa-aliados","https://www.alefotografo.com.br/videos-para-empresas/gpa-aliados","0","1","0%","6","VIDEO_SERVICE","video-item-LEGADO","P1","P1: fortalecer (CTR/conteúdo/case)","dados apex+www somados"
"https://www.alefotografo.com.br/blog/10-lugares-en-sao-paulo-para-tirar-boas-fotos","https://www.alefotografo.com.br/blog/10-lugares-en-sao-paulo-para-tirar-boas-fotos","0","1","0%","7","BLOG","blog-editorial","P3","INTERNAL LINK para money page do mesmo cluster","dados apex+www somados"
"https://www.alefotografo.com.br/blog/onde-publicar-suas-fotos-pontos-de-contato","https://www.alefotografo.com.br/blog/onde-publicar-suas-fotos-pontos-de-contato","0","1","0%","7","BLOG","blog-editorial","P3","INTERNAL LINK para money page do mesmo cluster","dados apex+www somados"
"https://www.alefotografo.com.br/videos/encontro-farmarcas-2023","https://www.alefotografo.com.br/videos/encontro-farmarcas-2023","0","1","0%","7","VIDEO_ITEM","video-item","P3","MONITOR","dados apex+www somados"
"https://www.alefotografo.com.br/blog/gargalo-marketing-falta-de-imagem-propria","https://www.alefotografo.com.br/blog/gargalo-marketing-falta-de-imagem-propria","0","1","0%","8","BLOG","blog-editorial","P3","INTERNAL LINK para money page do mesmo cluster","dados apex+www somados"
"https://www.alefotografo.com.br/blog/portfolio-visual-projetos-entregues-concorrencias","https://www.alefotografo.com.br/blog/portfolio-visual-projetos-entregues-concorrencias","0","1","0%","8","BLOG","blog-editorial","P3","INTERNAL LINK para money page do mesmo cluster","dados apex+www somados"
"https://www.alefotografo.com.br/videos-para-empresas/15-convencao-abradilan-barcelo-bavaro-palace-punta-cana-01-a-06-nov-2022","https://www.alefotografo.com.br/videos-para-empresas/15-convencao-abradilan-barcelo-bavaro-palace-punta-cana-01-a-06-nov-2022","0","1","0%","8","VIDEO_SERVICE","video-item-LEGADO","P1","P1: fortalecer (CTR/conteúdo/case)","dados apex+www somados"
"https://www.alefotografo.com.br/videos-para-empresas/microbiota-brasil-2026-destaques-do-2-dia-cobertura-profissional-do-congresso","https://www.alefotografo.com.br/videos-para-empresas/microbiota-brasil-2026-destaques-do-2-dia-cobertura-profissional-do-congresso","0","1","0%","8","VIDEO_SERVICE","video-item-LEGADO","P1","P1: fortalecer (CTR/conteúdo/case)","dados apex+www somados"
"https://www.alefotografo.com.br/videos/teaser-ibis-botucatu-sp","https://www.alefotografo.com.br/videos/teaser-ibis-botucatu-sp","0","1","0%","8","VIDEO_ITEM","video-item","P3","MONITOR","dados apex+www somados"
"https://www.alefotografo.com.br/videos-para-empresas/9-forum-abradilan","https://www.alefotografo.com.br/videos-para-empresas/9-forum-abradilan","0","1","0%","9","VIDEO_SERVICE","video-item-LEGADO","P1","P1: fortalecer (CTR/conteúdo/case)","dados apex+www somados"
"https://www.alefotografo.com.br/videos-para-empresas/categoria/video-institucional","https://www.alefotografo.com.br/videos-para-empresas/categoria/video-institucional","0","1","0%","9","VIDEO_SERVICE","video-item-LEGADO","P1","P1: fortalecer (CTR/conteúdo/case)","dados apex+www somados"
"https://www.alefotografo.com.br/videos-para-empresas/ibis-botucatu-video-manifesto","https://www.alefotografo.com.br/videos-para-empresas/ibis-botucatu-video-manifesto","0","1","0%","9","VIDEO_SERVICE","video-item-LEGADO","P1","P1: fortalecer (CTR/conteúdo/case)","dados apex+www somados"
"https://www.alefotografo.com.br/blog/categoria/dica-de-fotografia","https://www.alefotografo.com.br/blog/categoria/dica-de-fotografia","0","1","0%","10","BLOG","blog-editorial","P3","INTERNAL LINK para money page do mesmo cluster","dados apex+www somados"
"https://www.alefotografo.com.br/blog/categoria/foto-de-equipe","https://www.alefotografo.com.br/blog/categoria/foto-de-equipe","0","1","0%","10","BLOG","blog-editorial","P3","INTERNAL LINK para money page do mesmo cluster","dados apex+www somados"
"https://www.alefotografo.com.br/blog/dicas-de-cursos-e-aulas-online-para-voce-se-inspirar-e-capacitar","https://www.alefotografo.com.br/blog/dicas-de-cursos-e-aulas-online-para-voce-se-inspirar-e-capacitar","0","1","0%","10","BLOG","blog-editorial","P3","INTERNAL LINK para money page do mesmo cluster","dados apex+www somados"
"https://www.alefotografo.com.br/blog/foto-funciona-em-miniatura-tela-pequena","https://www.alefotografo.com.br/blog/foto-funciona-em-miniatura-tela-pequena","0","1","0%","10","BLOG","blog-editorial","P3","INTERNAL LINK para money page do mesmo cluster","dados apex+www somados"
"https://www.alefotografo.com.br/blog/fotografia-produto-corporativo-lancamento","https://www.alefotografo.com.br/blog/fotografia-produto-corporativo-lancamento","0","1","0%","10","BLOG","blog-editorial","P3","INTERNAL LINK para money page do mesmo cluster","dados apex+www somados"
"https://www.alefotografo.com.br/videos-para-empresas/video-de-boas-festas-da-ativalog","https://www.alefotografo.com.br/videos-para-empresas/video-de-boas-festas-da-ativalog","0","1","0%","10","VIDEO_SERVICE","video-item-LEGADO","P1","P1: fortalecer (CTR/conteúdo/case)","dados apex+www somados"
"https://www.alefotografo.com.br/videos/jantar-febrafar-2022","https://www.alefotografo.com.br/videos/jantar-febrafar-2022","0","1","0%","10","VIDEO_ITEM","video-item","P3","MONITOR","dados apex+www somados"
"https://www.alefotografo.com.br/blog/categoria/video-aereo-com-drone","https://www.alefotografo.com.br/blog/categoria/video-aereo-com-drone","0","1","0%","16","BLOG","blog-editorial","P3","INTERNAL LINK para money page do mesmo cluster","dados apex+www somados"
"https://www.alefotografo.com.br/videos/sitivesp-80-anos","https://www.alefotografo.com.br/videos/sitivesp-80-anos","0","1","0%","19","VIDEO_ITEM","video-item","P3","MONITOR","dados apex+www somados"
"https://www.alefotografo.com.br/videos-para-empresas/categoria/eventos-corporativos","https://www.alefotografo.com.br/videos-para-empresas/categoria/eventos-corporativos","0","1","0%","31","VIDEO_SERVICE","video-item-LEGADO","P3","P3: monitorar","dados apex+www somados"
"https://www.alefotografo.com.br/video-institucional","https://www.alefotografo.com.br/video-institucional","0","1","0%","32","VIDEO_SERVICE","fotografo-corporativo","P3","P3: monitorar","dados apex+www somados"
