"url_original_gsc","normalized_url","apex_host","clicks","impressions","ctr","position","page_type"
"https://www.alefotografo.com.br/blog/10-lugares-em-sao-paulo-para-tirar-boas-fotos","https://www.alefotografo.com.br/blog/10-lugares-em-sao-paulo-para-tirar-boas-fotos","NAO","2014","52767","3.82%","4.91","BLOG"
"https://www.alefotografo.com.br/blog/os-6-melhores-aplicativos-para-editar-videos-pelo-celular","https://www.alefotografo.com.br/blog/os-6-melhores-aplicativos-para-editar-videos-pelo-celular","NAO","1561","405831","0.38%","7.44","BLOG"
"https://www.alefotografo.com.br/blog/fotografo-5-poses-para-retrato-corporativo","https://www.alefotografo.com.br/blog/fotografo-5-poses-para-retrato-corporativo","NAO","807","162466","0.5%","5.3","BLOG"
"https://www.alefotografo.com.br/blog/linguagem-corporal-na-fotografia-de-retratos","https://www.alefotografo.com.br/blog/linguagem-corporal-na-fotografia-de-retratos","NAO","322","34902","0.92%","6.98","BLOG"
"https://www.alefotografo.com.br/","https://www.alefotografo.com.br/","NAO","312","24620","1.27%","11.98","HOME"
"https://www.alefotografo.com.br/blog/11-ideias-para-o-plano-de-fundo-de-seu-retrato-profissional","https://www.alefotografo.com.br/blog/11-ideias-para-o-plano-de-fundo-de-seu-retrato-profissional","NAO","302","72827","0.41%","5.86","BLOG"
"https://www.alefotografo.com.br/blog/seu-icloud-esta-cheio-5-dicas-para-voce-ganhar-mais-armazenamento-para-suas-fotos-e-videos","https://www.alefotografo.com.br/blog/seu-icloud-esta-cheio-5-dicas-para-voce-ganhar-mais-armazenamento-para-suas-fotos-e-videos","NAO","300","144210","0.21%","8.3","BLOG"
"https://www.alefotografo.com.br/blog/psicologia-das-cores-e-fotografia-saiba-como-elas-interagem","https://www.alefotografo.com.br/blog/psicologia-das-cores-e-fotografia-saiba-como-elas-interagem","NAO","298","72933","0.41%","3.93","BLOG"
"https://www.alefotografo.com.br/blog/dress-code-corporativo-o-que-vestir-numa-sessao-de-fotos-profissionais","https://www.alefotografo.com.br/blog/dress-code-corporativo-o-que-vestir-numa-sessao-de-fotos-profissionais","NAO","255","30110","0.85%","4.76","BLOG"
"https://www.alefotografo.com.br/blog/direitos-autorais-na-fotografia-e-nos-retratos-como-funciona-1","https://www.alefotografo.com.br/blog/direitos-autorais-na-fotografia-e-nos-retratos-como-funciona-1","NAO","237","32154","0.74%","6.87","BLOG"
"https://www.alefotografo.com.br/blog/7-lugares-incriveis-para-tirar-fotos-profissionais-em-sao-paulo","https://www.alefotografo.com.br/blog/7-lugares-incriveis-para-tirar-fotos-profissionais-em-sao-paulo","NAO","203","15846","1.28%","7.56","BLOG"
"https://www.alefotografo.com.br/blog/7-dicas-para-voce-nunca-mais-errar-na-aparencia-ao-tirar-fotos-profissionais","https://www.alefotografo.com.br/blog/7-dicas-para-voce-nunca-mais-errar-na-aparencia-ao-tirar-fotos-profissionais","NAO","197","34110","0.58%","6.36","BLOG"
"https://www.alefotografo.com.br/blog/7-erros-que-voce-deve-evitar-na-foto-de-perfil-no-linkedin","https://www.alefotografo.com.br/blog/7-erros-que-voce-deve-evitar-na-foto-de-perfil-no-linkedin","NAO","191","80419","0.24%","1.96","BLOG"
"https://www.alefotografo.com.br/blog/decifrando-o-dress-code-masculino","https://www.alefotografo.com.br/blog/decifrando-o-dress-code-masculino","NAO","144","97566","0.15%","5.2","BLOG"
"https://www.alefotografo.com.br/fotografo-corporativo/foto-impressa-na-hora","https://www.alefotografo.com.br/fotografo-corporativo/foto-impressa-na-hora","NAO","138","6720","2.05%","7.53","MONEY"
"https://www.alefotografo.com.br/blog/jpeg-ou-png-vantagens-e-desvantagens-dos-dois-formatos-de-imagens","https://www.alefotografo.com.br/blog/jpeg-ou-png-vantagens-e-desvantagens-dos-dois-formatos-de-imagens","NAO","113","87697","0.13%","6.93","BLOG"
"https://www.alefotografo.com.br/blog/food-styling-7-dicas-de-fotos-de-comida-para-voce-turbinar-suas-vendas","https://www.alefotografo.com.br/blog/food-styling-7-dicas-de-fotos-de-comida-para-voce-turbinar-suas-vendas","NAO","105","29641","0.35%","2.43","BLOG"
"https://www.alefotografo.com.br/fotografo-corporativo/fotografia-para-escritorios-de-advocacia","https://www.alefotografo.com.br/fotografo-corporativo/fotografia-para-escritorios-de-advocacia","NAO","103","12848","0.8%","4.72","MONEY"
"https://www.alefotografo.com.br/fotografo-corporativo/fotografo-de-eventos-corporativos","https://www.alefotografo.com.br/fotografo-corporativo/fotografo-de-eventos-corporativos","NAO","102","5488","1.86%","10.37","MONEY"
"https://www.alefotografo.com.br/fotografo-corporativo/fotos-profissionais-para-medicos","https://www.alefotografo.com.br/fotografo-corporativo/fotos-profissionais-para-medicos","NAO","100","9021","1.11%","3.94","MONEY"
"https://www.alefotografo.com.br/fotografo-corporativo/ensaio-feminino","https://www.alefotografo.com.br/fotografo-corporativo/ensaio-feminino","NAO","81","19923","0.41%","3.63","MONEY"
"https://alefotografo.com.br/fotografo-corporativo/fotografia-corporativa-em-sao-paulo","https://www.alefotografo.com.br/fotografo-corporativo/fotografia-corporativa-em-sao-paulo","SIM","75","6453","1.16%","14.46","MONEY"
"https://www.alefotografo.com.br/blog/adobe-lightroom-como-tratar-fotos-de-maneira-profissional","https://www.alefotografo.com.br/blog/adobe-lightroom-como-tratar-fotos-de-maneira-profissional","NAO","62","11132","0.56%","9.96","BLOG"
"https://www.alefotografo.com.br/fotografo-corporativo/ensaio-fotografico-para-redes-sociais","https://www.alefotografo.com.br/fotografo-corporativo/ensaio-fotografico-para-redes-sociais","NAO","62","3973","1.56%","7.84","MONEY"
"https://alefotografo.com.br/fotografo-corporativo/ensaio-fotografico-para-dentistas","https://www.alefotografo.com.br/fotografo-corporativo/ensaio-fotografico-para-dentistas","SIM","59","4014","1.47%","5.46","MONEY"
"https://www.alefotografo.com.br/blog/saiba-quais-sao-os-melhores-de-postagem-nas-redes-sociais","https://www.alefotografo.com.br/blog/saiba-quais-sao-os-melhores-de-postagem-nas-redes-sociais","NAO","57","88617","0.06%","8.2","BLOG"
"https://www.alefotografo.com.br/blog/a-sua-foto-de-perfil-pode-representar-mais-do-que-voce-imagina","https://www.alefotografo.com.br/blog/a-sua-foto-de-perfil-pode-representar-mais-do-que-voce-imagina","NAO","47","21088","0.22%","7.55","BLOG"
"https://www.alefotografo.com.br/fotografo-corporativo/retratos-de-medicas","https://www.alefotografo.com.br/fotografo-corporativo/retratos-de-medicas","NAO","46","1447","3.18%","6.54","MONEY"
"https://www.alefotografo.com.br/blog/fotografia-em-preto-e-branco-como-tirar-fotos-lindas","https://www.alefotografo.com.br/blog/fotografia-em-preto-e-branco-como-tirar-fotos-lindas","NAO","38","14916","0.25%","5.98","BLOG"
"https://www.alefotografo.com.br/blog/posicionamento-e-reposicionamento-de-imagem-voce-sabe-qual-a-diferenca","https://www.alefotografo.com.br/blog/posicionamento-e-reposicionamento-de-imagem-voce-sabe-qual-a-diferenca","NAO","29","9408","0.31%","5.92","BLOG"
"https://www.alefotografo.com.br/blog/como-explorar-a-foto-de-capa-do-seu-perfil-no-linkedin","https://www.alefotografo.com.br/blog/como-explorar-a-foto-de-capa-do-seu-perfil-no-linkedin","NAO","28","8344","0.34%","8.55","BLOG"
"https://www.alefotografo.com.br/fotografo-corporativo/retrato-corporativo","https://www.alefotografo.com.br/fotografo-corporativo/retrato-corporativo","NAO","26","3225","0.81%","19.1","MONEY"
"https://www.alefotografo.com.br/blog/posicionamento-de-imagem-profissional-o-que-e-e-como-aplicar","https://www.alefotografo.com.br/blog/posicionamento-de-imagem-profissional-o-que-e-e-como-aplicar","NAO","25","3294","0.76%","5.38","BLOG"
"https://www.alefotografo.com.br/fotografo-corporativo/categoria/foto-para-linkedin","https://www.alefotografo.com.br/fotografo-corporativo/categoria/foto-para-linkedin","NAO","19","1821","1.04%","7.83","MONEY"
"https://www.alefotografo.com.br/blog/engenharia-de-cardapio-7-tecnicas-incriveis-para-aumentar-suas-vendas","https://www.alefotografo.com.br/blog/engenharia-de-cardapio-7-tecnicas-incriveis-para-aumentar-suas-vendas","NAO","18","1611","1.12%","7.2","BLOG"
"https://www.alefotografo.com.br/videos-para-empresas/video-institucional-rocha-queiroz-advogados","https://www.alefotografo.com.br/videos-para-empresas/video-institucional-rocha-queiroz-advogados","NAO","17","3591","0.47%","9.19","VIDEO_SERVICE"
"https://www.alefotografo.com.br/fotografo-corporativo/fotos-para-clinicas-medicas","https://www.alefotografo.com.br/fotografo-corporativo/fotos-para-clinicas-medicas","NAO","17","3112","0.55%","3.97","MONEY"
"https://www.alefotografo.com.br/blog/fotos-de-comida-tudo-o-que-voce-precisa-saber-para-tornar-pratos-visivelmente-atraentes","https://www.alefotografo.com.br/blog/fotos-de-comida-tudo-o-que-voce-precisa-saber-para-tornar-pratos-visivelmente-atraentes","NAO","17","2933","0.58%","10.49","BLOG"
"https://www.alefotografo.com.br/fotografo-corporativo/fotografo-feiras-stands","https://www.alefotografo.com.br/fotografo-corporativo/fotografo-feiras-stands","NAO","17","1340","1.27%","9.44","MONEY"
"https://www.alefotografo.com.br/blog/youtube-live-como-fazer-uma-transmissao-ao-vivo-e-divulgar-sua-empresa","https://www.alefotografo.com.br/blog/youtube-live-como-fazer-uma-transmissao-ao-vivo-e-divulgar-sua-empresa","NAO","16","3632","0.44%","7.94","BLOG"
"https://www.alefotografo.com.br/loja/pacote-ouro-10-retratos-profissionais-construcao-de-imagem-profissional","https://www.alefotografo.com.br/loja/pacote-ouro-10-retratos-profissionais-construcao-de-imagem-profissional","NAO","15","1946","0.77%","17.75","LEGACY"
"https://www.alefotografo.com.br/blog/10-dicas-para-ter-um-ambiente-agradavel-para-o-seu-evento-fotografia-de-evento","https://www.alefotografo.com.br/blog/10-dicas-para-ter-um-ambiente-agradavel-para-o-seu-evento-fotografia-de-evento","NAO","14","1396","0.01%","6.48","BLOG"
"https://www.alefotografo.com.br/blog/blazer-inspiracao-e-tendencia","https://www.alefotografo.com.br/blog/blazer-inspiracao-e-tendencia","NAO","12","4477","0.27%","6.69","BLOG"
"https://www.alefotografo.com.br/blog/banco-de-imagens-a-importancia-de-desenvolver-um-para-sua-empresa","https://www.alefotografo.com.br/blog/banco-de-imagens-a-importancia-de-desenvolver-um-para-sua-empresa","NAO","11","5961","0.18%","7.17","BLOG"
"https://www.alefotografo.com.br/blog/clinica-par","https://www.alefotografo.com.br/blog/clinica-par","NAO","11","1166","0.94%","6.7","BLOG"
"https://www.alefotografo.com.br/blog/comportamento-do-consumidor-como-a-fotografia-pode-ser-usada-para-influenciar-beneficamente","https://www.alefotografo.com.br/blog/comportamento-do-consumidor-como-a-fotografia-pode-ser-usada-para-influenciar-beneficamente","NAO","11","987","1.11%","5.23","BLOG"
"https://www.alefotografo.com.br/loja/pacote-diamante-20-retratos-profissionais-construcao-de-imagem-profissional","https://www.alefotografo.com.br/loja/pacote-diamante-20-retratos-profissionais-construcao-de-imagem-profissional","NAO","11","444","2.48%","13.36","LEGACY"
"https://www.alefotografo.com.br/blog/adobe-photoshop-deixe-seus-projetos-mais-ageis-usando-os-principais-atalhos-do-teclado","https://www.alefotografo.com.br/blog/adobe-photoshop-deixe-seus-projetos-mais-ageis-usando-os-principais-atalhos-do-teclado","NAO","10","3005","0.33%","16.13","BLOG"
"https://www.alefotografo.com.br/loja","https://www.alefotografo.com.br/loja","NAO","9","1226","0.73%","36.04","LEGACY"
"https://www.alefotografo.com.br/fotografo-corporativo/totem-fotografico-totem-mania","https://www.alefotografo.com.br/fotografo-corporativo/totem-fotografico-totem-mania","NAO","9","759","1.19%","9.19","MONEY"
"https://alefotografo.com.br/fotografo-corporativo/fotografo-de-arquitetura-e-interiores","https://www.alefotografo.com.br/fotografo-corporativo/fotografo-de-arquitetura-e-interiores","SIM","9","375","2.4%","15.97","MONEY"
"https://alefotografo.com.br/fotografo-corporativo/banco-de-imagens-para-empresas","https://www.alefotografo.com.br/fotografo-corporativo/banco-de-imagens-para-empresas","SIM","8","1921","0.42%","17.84","MONEY"
"https://alefotografo.com.br/fotografo-corporativo/fotografia-industrial-em-sp","https://www.alefotografo.com.br/fotografo-corporativo/fotografia-industrial-em-sp","SIM","8","313","2.56%","11.13","MONEY"
"https://www.alefotografo.com.br/blog/fotografo-dica-como-a-luz-pode-transformar-suas-fotos","https://www.alefotografo.com.br/blog/fotografo-dica-como-a-luz-pode-transformar-suas-fotos","NAO","7","3889","0.18%","7.1","BLOG"
"https://www.alefotografo.com.br/blog/a-importancia-do-retrato-corporativo-para-influenciadores-digitais-1","https://www.alefotografo.com.br/blog/a-importancia-do-retrato-corporativo-para-influenciadores-digitais-1","NAO","7","2089","0.34%","18.58","BLOG"
"https://www.alefotografo.com.br/blog/networking-como-criar-uma-boa-rede-de-contatos-profissionais-para-voce-e-sua-empresa","https://www.alefotografo.com.br/blog/networking-como-criar-uma-boa-rede-de-contatos-profissionais-para-voce-e-sua-empresa","NAO","6","5435","0.11%","9.8","BLOG"
"https://www.alefotografo.com.br/videos-para-empresas/ativa-logistica-unidade-barueri","https://www.alefotografo.com.br/videos-para-empresas/ativa-logistica-unidade-barueri","NAO","6","4170","0.14%","15.44","VIDEO_SERVICE"
"https://www.alefotografo.com.br/blog/7-dicas-para-maximizar-seu-perfil-no-linkedin","https://www.alefotografo.com.br/blog/7-dicas-para-maximizar-seu-perfil-no-linkedin","NAO","6","1030","0.58%","8.87","BLOG"
"https://www.alefotografo.com.br/videos-para-empresas/ensaio-de-retratos-profissionais-ale-fotografo","https://www.alefotografo.com.br/videos-para-empresas/ensaio-de-retratos-profissionais-ale-fotografo","NAO","5","3170","0.16%","18.86","VIDEO_SERVICE"
"https://www.alefotografo.com.br/blog/linkedin-e-emprego-7-dicas-de-como-usar-essa-rede-social-para-conseguir-um","https://www.alefotografo.com.br/blog/linkedin-e-emprego-7-dicas-de-como-usar-essa-rede-social-para-conseguir-um","NAO","5","2194","0.23%","8.25","BLOG"
"https://www.alefotografo.com.br/blog/fotografo-da-dica-de-como-a-fotografia-de-comidas-e-bebidas-pode-te-ajudar","https://www.alefotografo.com.br/blog/fotografo-da-dica-de-como-a-fotografia-de-comidas-e-bebidas-pode-te-ajudar","NAO","5","1482","0.34%","2.73","BLOG"
"https://www.alefotografo.com.br/blog/fotografo-da-dicas-para-fotografar-comida","https://www.alefotografo.com.br/blog/fotografo-da-dicas-para-fotografar-comida","NAO","5","907","0.55%","8.13","BLOG"
"https://alefotografo.com.br/blog/como-criar-conteudo-envolvente-para-suas-redes-sociais-a-partir-do-seu-proprio-banco-de-imagens","https://www.alefotografo.com.br/blog/como-criar-conteudo-envolvente-para-suas-redes-sociais-a-partir-do-seu-proprio-banco-de-imagens","SIM","5","521","0.96%","6.44","BLOG"
"https://www.alefotografo.com.br/fotografo-corporativo/fotografia-de-logistica","https://www.alefotografo.com.br/fotografo-corporativo/fotografia-de-logistica","NAO","5","508","0.98%","11.22","MONEY"
"https://www.alefotografo.com.br/contato","https://www.alefotografo.com.br/contato","NAO","5","313","1.6%","5.42","SUPPORT"
"https://alefotografo.com.br/fotografo-corporativo/fotografo-de-drinks-coqueteis","https://www.alefotografo.com.br/fotografo-corporativo/fotografo-de-drinks-coqueteis","SIM","5","158","3.16%","6.77","MONEY"
"https://alefotografo.com.br/blog/fotografia-em-preto-e-branco-como-tirar-fotos-lindas","https://www.alefotografo.com.br/blog/fotografia-em-preto-e-branco-como-tirar-fotos-lindas","SIM","4","2820","0.14%","6.13","BLOG"
"https://www.alefotografo.com.br/videos-para-empresas/ativa-logistica-apresenta-o-seu-centro-de-distribuicao-em-itapevi","https://www.alefotografo.com.br/videos-para-empresas/ativa-logistica-apresenta-o-seu-centro-de-distribuicao-em-itapevi","NAO","4","1827","0.22%","8.72","VIDEO_SERVICE"
"https://www.alefotografo.com.br/blog/dicas-fotografo-saia-do-fundo-branco-agora-1","https://www.alefotografo.com.br/blog/dicas-fotografo-saia-do-fundo-branco-agora-1","NAO","4","1657","0.24%","6.12","BLOG"
"https://www.alefotografo.com.br/blog/12-dicas-de-como-planejar-sua-festa-de-confraternizacao-fotografo-de-eventos","https://www.alefotografo.com.br/blog/12-dicas-de-como-planejar-sua-festa-de-confraternizacao-fotografo-de-eventos","NAO","4","1646","0.24%","8.63","BLOG"
"https://www.alefotografo.com.br/blog/personal-branding-como-estabelecer-sua-marca-pessoal","https://www.alefotografo.com.br/blog/personal-branding-como-estabelecer-sua-marca-pessoal","NAO","4","958","0.42%","11.28","BLOG"
"https://www.alefotografo.com.br/blog/fotografo-da-dicas-de-3-formas-de-destacar-seus-eventos","https://www.alefotografo.com.br/blog/fotografo-da-dicas-de-3-formas-de-destacar-seus-eventos","NAO","4","938","0.43%","7.39","BLOG"
"https://alefotografo.com.br/fotografo-corporativo/retratos-de-medicos","https://www.alefotografo.com.br/fotografo-corporativo/retratos-de-medicos","SIM","4","665","0.6%","6.14","MONEY"
"https://alefotografo.com.br/fotografo-corporativo/fotografo-de-retratos-corporativos","https://www.alefotografo.com.br/fotografo-corporativo/fotografo-de-retratos-corporativos","SIM","4","608","0.66%","44.77","MONEY"
"https://www.alefotografo.com.br/blog/fotografo-de-retrato-corporativo","https://www.alefotografo.com.br/blog/fotografo-de-retrato-corporativo","NAO","4","432","0.93%","22.9","BLOG"
"https://www.alefotografo.com.br/blog/profissional-liberal-conheca-7-dicas-para-superar-os-desafios-na-carreira","https://www.alefotografo.com.br/blog/profissional-liberal-conheca-7-dicas-para-superar-os-desafios-na-carreira","NAO","4","419","0.95%","6.54","BLOG"
"https://www.alefotografo.com.br/blog/categoria/fotos-de-ambientes","https://www.alefotografo.com.br/blog/categoria/fotos-de-ambientes","NAO","4","65","6.15%","10.95","BLOG"
"https://www.alefotografo.com.br/blog/5-fatores-que-influenciam-o-seu-perfil-no-linkedin-fotografo-alexandre-machado","https://www.alefotografo.com.br/blog/5-fatores-que-influenciam-o-seu-perfil-no-linkedin-fotografo-alexandre-machado","NAO","3","3855","0.08%","4.67","BLOG"
"https://www.alefotografo.com.br/blog/contratar-fotografos-pode-deixar-seu-evento-mais-divertido","https://www.alefotografo.com.br/blog/contratar-fotografos-pode-deixar-seu-evento-mais-divertido","NAO","3","705","0.43%","12.89","BLOG"
"https://www.alefotografo.com.br/blog/instituto-rauen","https://www.alefotografo.com.br/blog/instituto-rauen","NAO","3","690","0.43%","8.61","BLOG"
"https://www.alefotografo.com.br/blog/fotografo-explica-porque-sua-empresa-deve-obter-fotos-tiradas-com-drones","https://www.alefotografo.com.br/blog/fotografo-explica-porque-sua-empresa-deve-obter-fotos-tiradas-com-drones","NAO","3","530","0.57%","5.63","BLOG"
"https://www.alefotografo.com.br/loja/pacote-prata-5-retratos-profissionais-tratamento-profissional-de-imagem","https://www.alefotografo.com.br/loja/pacote-prata-5-retratos-profissionais-tratamento-profissional-de-imagem","NAO","3","308","0.97%","18.41","LEGACY"
"https://www.alefotografo.com.br/blog/categoria/fotografo-de-eventos-corporativos","https://www.alefotografo.com.br/blog/categoria/fotografo-de-eventos-corporativos","NAO","3","136","2.21%","11.52","BLOG"
"https://www.alefotografo.com.br/blog/mindfulness-saiba-o-que-e-e-como-essa-tecnica-pode-ajudar-voce-em-sua-vida-pessoal-e-profissional","https://www.alefotografo.com.br/blog/mindfulness-saiba-o-que-e-e-como-essa-tecnica-pode-ajudar-voce-em-sua-vida-pessoal-e-profissional","NAO","3","110","2.73%","12.37","BLOG"
"https://alefotografo.com.br/fotografo-corporativo/fotos-para-restaurantes","https://www.alefotografo.com.br/fotografo-corporativo/fotos-para-restaurantes","SIM","3","70","4.29%","8.84","MONEY"
"https://www.alefotografo.com.br/blog/categoria/foto-para-linkedin?per_page=12","https://www.alefotografo.com.br/blog/categoria/foto-para-linkedin","NAO","3","46","6.52%","4.7","BLOG"
"https://www.alefotografo.com.br/blog/fotografo-ensina-que-foto-profissional-aparece-14-vezes-mais-do-que-uma-foto-amadora-no-linkedin","https://www.alefotografo.com.br/blog/fotografo-ensina-que-foto-profissional-aparece-14-vezes-mais-do-que-uma-foto-amadora-no-linkedin","NAO","2","3034","0.07%","4.6","BLOG"
"https://www.alefotografo.com.br/blog/sua-empresa-funciona-sem-voce-aprenda-a-profissionalizar-a-gestao-para-que-ela-continue-a-existir-sem-voce","https://www.alefotografo.com.br/blog/sua-empresa-funciona-sem-voce-aprenda-a-profissionalizar-a-gestao-para-que-ela-continue-a-existir-sem-voce","NAO","2","877","0.23%","7.9","BLOG"
"https://alefotografo.com.br/fotografo-corporativo/fotografia-institucional-em-saopaulo","https://www.alefotografo.com.br/fotografo-corporativo/fotografia-institucional-em-saopaulo","SIM","2","815","0.25%","17.5","MONEY"
"https://www.alefotografo.com.br/blog/categoria/foto-para-linkedin","https://www.alefotografo.com.br/blog/categoria/foto-para-linkedin","NAO","2","636","0.31%","9.5","BLOG"
"https://www.alefotografo.com.br/loja/pacote-influencer","https://www.alefotografo.com.br/loja/pacote-influencer","NAO","2","320","0.62%","12.49","LEGACY"
"https://www.alefotografo.com.br/blog/uso-de-drones-e-eventos-corporativos-tem-feito-toda-a-diferenca","https://www.alefotografo.com.br/blog/uso-de-drones-e-eventos-corporativos-tem-feito-toda-a-diferenca","NAO","2","255","0.78%","8.65","BLOG"
"https://www.alefotografo.com.br/videos-para-empresas/salomao-concursos-aulao-em-sao-paulo","https://www.alefotografo.com.br/videos-para-empresas/salomao-concursos-aulao-em-sao-paulo","NAO","2","196","1.02%","7.61","VIDEO_SERVICE"
"https://www.alefotografo.com.br/videos-para-empresas/categoria/video-institucional-de-advocacia","https://www.alefotografo.com.br/videos-para-empresas/categoria/video-institucional-de-advocacia","NAO","2","69","2.9%","7.7","VIDEO_SERVICE"
"https://www.alefotografo.com.br/blog/tags?tag=fotografia de clinica de 
psicologia","https://www.alefotografo.com.br/blog/tags","NAO","2","37","5.41%","8.16","BLOG"
"https://www.alefotografo.com.br/videos-para-empresas/retrato-corporativo-ensaio-fotografico","https://www.alefotografo.com.br/videos-para-empresas/retrato-corporativo-ensaio-fotografico","NAO","1","3446","0.03%","15.38","VIDEO_SERVICE"
"https://www.alefotografo.com.br/blog/headhunter-o-que-e-o-que-faz-e-qual-seu-papel-no-mundo-corporativo","https://www.alefotografo.com.br/blog/headhunter-o-que-e-o-que-faz-e-qual-seu-papel-no-mundo-corporativo","NAO","1","781","0.13%","10.64","BLOG"
"https://www.alefotografo.com.br/blog/como-manter-sua-imagem-profissional-em-tempos-de-home-office","https://www.alefotografo.com.br/blog/como-manter-sua-imagem-profissional-em-tempos-de-home-office","NAO","1","420","0.24%","4.74","BLOG"
"https://www.alefotografo.com.br/fotografo-corporativo","https://www.alefotografo.com.br/fotografo-corporativo","NAO","1","299","0.33%","35.15","MONEY"
"https://www.alefotografo.com.br/videos-para-empresas/curso-de-prestacao-de-contas-eleitorais-com-a-professora-rita-goncalves","https://www.alefotografo.com.br/videos-para-empresas/curso-de-prestacao-de-contas-eleitorais-com-a-professora-rita-goncalves","NAO","1","249","0.4%","6.88","VIDEO_SERVICE"
"https://www.alefotografo.com.br/videos-para-empresas/renove-mudancas","https://www.alefotografo.com.br/videos-para-empresas/renove-mudancas","NAO","1","170","0.59%","9.48","VIDEO_SERVICE"
"https://www.alefotografo.com.br/blog/conheca-as-melhores-praticas-para-bares-e-restaurantes-superarem-os-desafios-do-setor","https://www.alefotografo.com.br/blog/conheca-as-melhores-praticas-para-bares-e-restaurantes-superarem-os-desafios-do-setor","NAO","1","128","0.78%","8.68","BLOG"
"https://www.alefotografo.com.br/videos-para-empresas/nitriflex-industria-quimica-de-polimeros-especiais-e-borrachas-nitrilicas","https://www.alefotografo.com.br/videos-para-empresas/nitriflex-industria-quimica-de-polimeros-especiais-e-borrachas-nitrilicas","NAO","1","126","0.79%","9.25","VIDEO_SERVICE"
"https://www.alefotografo.com.br/fotografo-corporativo/categoria/retrato-corporativo","https://www.alefotografo.com.br/fotografo-corporativo/categoria/retrato-corporativo","NAO","1","101","0.99%","21.18","MONEY"
"https://www.alefotografo.com.br/videos-para-empresas/captar-a-energia-de-um-grande-evento-e-muito-mais-do-que-apertar-o-rec","https://www.alefotografo.com.br/videos-para-empresas/captar-a-energia-de-um-grande-evento-e-muito-mais-do-que-apertar-o-rec","NAO","1","95","1.05%","12.61","VIDEO_SERVICE"
"https://www.alefotografo.com.br/videos-para-empresas/curso-de-prestacao-de-contas-eleitorais-2026-com-professora-rita-producao-ale-fotografo","https://www.alefotografo.com.br/videos-para-empresas/curso-de-prestacao-de-contas-eleitorais-2026-com-professora-rita-producao-ale-fotografo","NAO","1","93","1.08%","7.28","VIDEO_SERVICE"
"https://alefotografo.com.br/blog/tags?tag=ensaio fotografico masculino","https://www.alefotografo.com.br/blog/tags","SIM","1","92","1.09%","6.7","BLOG"
"https://www.alefotografo.com.br/videos-para-empresas","https://www.alefotografo.com.br/videos-para-empresas","NAO","1","79","1.27%","10.42","VIDEO_SERVICE"
"https://www.alefotografo.com.br/blog/fotografia-em-preto-e-branco-como-tirar-fotos-lindas?per_page=234?option%3Dcom_content&amp;view=category&amp;id=1&amp;layout=blog&amp;Itemid=50","https://www.alefotografo.com.br/blog/fotografia-em-preto-e-branco-como-tirar-fotos-lindas","NAO","1","62","1.61%","7.23","BLOG"
"https://alefotografo.com.br/videos-para-empresas/video-institucional-bmx-logistica","https://www.alefotografo.com.br/videos-para-empresas/video-institucional-bmx-logistica","SIM","1","51","1.96%","8.41","VIDEO_SERVICE"
"https://www.alefotografo.com.br/videos-para-empresas/categoria/video-teaser-de-festa-de-confraternizacao","https://www.alefotografo.com.br/videos-para-empresas/categoria/video-teaser-de-festa-de-confraternizacao","NAO","1","50","0.02%","6.92","VIDEO_SERVICE"
"https://www.alefotografo.com.br/blog/categoria/fotos-para-cardapio","https://www.alefotografo.com.br/blog/categoria/fotos-para-cardapio","NAO","1","47","2.13%","8.53","BLOG"
"https://www.alefotografo.com.br/fotografo-corporativo/categoria/fotografo-de-eventos-corporativos","https://www.alefotografo.com.br/fotografo-corporativo/categoria/fotografo-de-eventos-corporativos","NAO","1","46","2.17%","27.57","MONEY"
"https://www.alefotografo.com.br/blog","https://www.alefotografo.com.br/blog","NAO","1","41","2.44%","6.51","BLOG"
"https://alefotografo.com.br/videos-para-empresas/video-manifesto-empreendimento-estrutura-e-proposito","https://www.alefotografo.com.br/videos-para-empresas/video-manifesto-empreendimento-estrutura-e-proposito","SIM","1","40","2.5%","7.5","VIDEO_SERVICE"
"https://www.alefotografo.com.br/videos-para-empresas/video-manifesto-empreendimento-estrutura-e-proposito?per_page=182?option%3Dcom_content&amp;view=category&amp;id=1&amp;layout=blog&amp;Itemid=50","https://www.alefotografo.com.br/videos-para-empresas/video-manifesto-empreendimento-estrutura-e-proposito","NAO","1","39","2.56%","7.41","VIDEO_SERVICE"
"https://www.alefotografo.com.br/videos-para-empresas/video-institucional-bmx-logistica?fb_comment_id=1362610897157528_1371776049574346?utm_source%3Dpost&amp;utm_medium=site?option%3Dcom_content&amp;view=category&amp;id=1&amp;layout=blog&amp;Itemid=50","https://www.alefotografo.com.br/videos-para-empresas/video-institucional-bmx-logistica","NAO","1","38","2.63%","8.53","VIDEO_SERVICE"
"https://www.alefotografo.com.br/videos-para-empresas/categoria/video-de-eventos-corporativos","https://www.alefotografo.com.br/videos-para-empresas/categoria/video-de-eventos-corporativos","NAO","1","27","3.7%","18.81","VIDEO_SERVICE"
"https://www.alefotografo.com.br/blog?per_page=65","https://www.alefotografo.com.br/blog","NAO","1","19","5.26%","10.95","BLOG"
"https://www.alefotografo.com.br/fotografo-corporativo/fotos-de-paes?per_page=72?utm_source%3Dpost&amp;utm_medium=site?option%3Dcom_content&amp;view=category&amp;id=1&amp;layout=blog&amp;Itemid=50","https://www.alefotografo.com.br/fotografo-corporativo/fotos-de-paes","NAO","1","17","5.88%","5.53","MONEY"
"https://www.alefotografo.com.br/fotografo-corporativo/banco-de-imagem-corporativo","https://www.alefotografo.com.br/fotografo-corporativo/banco-de-imagem-corporativo","NAO","1","17","5.88%","9.12","MONEY"
"https://www.alefotografo.com.br/blog/7-lugares-incriveis-para-tirar-fotos-profissionais-em-sao-paulo?per_page=325?option%3Dcom_content&amp;view=category&amp;id=1&amp;layout=blog&amp;Itemid=50","https://www.alefotografo.com.br/blog/7-lugares-incriveis-para-tirar-fotos-profissionais-em-sao-paulo","NAO","1","16","6.25%","7.6","BLOG"
"https://www.alefotografo.com.br/videos-para-empresas/11-forum-abradilan-2026","https://www.alefotografo.com.br/videos-para-empresas/11-forum-abradilan-2026","NAO","1","13","7.69%","7","VIDEO_SERVICE"
"https://www.alefotografo.com.br/fotografo-corporativo/fotografia-corporativa-em-sao-paulo?per_page=60?option%3Dcom_content&amp;view=category&amp;id=1&amp;layout=blog&amp;Itemid=50","https://www.alefotografo.com.br/fotografo-corporativo/fotografia-corporativa-em-sao-paulo","NAO","1","11","9.09%","6","MONEY"
"https://www.alefotografo.com.br/videos-para-empresas/flexfunds-solucoes-financeiras-inteligentes-para-empresas-video-institucional?per_page=48?option%3Dcom_content&amp;view=category&amp;id=1&amp;layout=blog&amp;Itemid=50","https://www.alefotografo.com.br/videos-para-empresas/flexfunds-solucoes-financeiras-inteligentes-para-empresas-video-institucional","NAO","1","8","12.5%","5.12","VIDEO_SERVICE"
"https://www.alefotografo.com.br/fotografo-corporativo/fotografo-festa-da-firma","https://www.alefotografo.com.br/fotografo-corporativo/fotografo-festa-da-firma","NAO","1","7","14.29%","34.29","MONEY"
"https://www.alefotografo.com.br/fotografo-corporativo/fotos-de-hamburguer?per_page=39?utm_source%3Dpost&amp;utm_medium=site?option%3Dcom_content&amp;view=category&amp;id=1&amp;layout=blog&amp;Itemid=50","https://www.alefotografo.com.br/fotografo-corporativo/fotos-de-hamburguer","NAO","1","6","16.67%","3.83","MONEY"
"https://www.alefotografo.com.br/blog/fotografia-em-preto-e-branco-como-tirar-fotos-lindas?per_page=60?utm_source%3Dpost&amp;utm_medium=site?option%3Dcom_content&amp;view=category&amp;id=1&amp;layout=blog&amp;Itemid=50","https://www.alefotografo.com.br/blog/fotografia-em-preto-e-branco-como-tirar-fotos-lindas","NAO","1","5","0.2%","4.6","BLOG"
"https://alefotografo.com.br/","https://www.alefotografo.com.br/","SIM","1","4","0.25%","1.5","HOME"
"https://www.alefotografo.com.br/fotografo-corporativo/fotos-para-restaurantes?per_page=26?option%3Dcom_content&amp;view=category&amp;id=1&amp;layout=blog&amp;Itemid=50","https://www.alefotografo.com.br/fotografo-corporativo/fotos-para-restaurantes","NAO","1","4","0.25%","5.75","MONEY"
"https://www.alefotografo.com.br/videos-para-empresas/categoria/feiras-e-stands","https://www.alefotografo.com.br/videos-para-empresas/categoria/feiras-e-stands","NAO","1","4","0.25%","15.75","VIDEO_SERVICE"
"https://www.alefotografo.com.br/videos-para-empresas/15-convencao-abradilan-barcelo-bavaro-palace-punta-cana-01-a-06-nov-2022","https://www.alefotografo.com.br/videos-para-empresas/15-convencao-abradilan-barcelo-bavaro-palace-punta-cana-01-a-06-nov-2022","NAO","1","2","0.5%","4","VIDEO_SERVICE"
"https://alefotografo.com.br/fotografo-corporativo/retratos-de-medicas","https://www.alefotografo.com.br/fotografo-corporativo/retratos-de-medicas","SIM","1","1","1%","1","MONEY"
"https://www.alefotografo.com.br/blog/retratos-da-equipe-de-colaboradores","https://www.alefotografo.com.br/blog/retratos-da-equipe-de-colaboradores","NAO","0","404","0%","4.6","BLOG"
"https://www.alefotografo.com.br/videos-para-empresas/sq-quimica-unidade-vinhedo","https://www.alefotografo.com.br/videos-para-empresas/sq-quimica-unidade-vinhedo","NAO","0","243","0%","7.14","VIDEO_SERVICE"
"https://www.alefotografo.com.br/blog/tags?tag=Fotografia institucional","https://www.alefotografo.com.br/blog/tags","NAO","0","235","0%","1.65","BLOG"
"https://www.alefotografo.com.br/blog/linkedin-como-criar-um-perfil-campeao-e-bombar-na-rede-de-negocios","https://www.alefotografo.com.br/blog/linkedin-como-criar-um-perfil-campeao-e-bombar-na-rede-de-negocios","NAO","0","187","0%","7.1","BLOG"
"https://www.alefotografo.com.br/blog/categoria/retratos-corporativos","https://www.alefotografo.com.br/blog/categoria/retratos-corporativos","NAO","0","180","0%","27.31","BLOG"
"https://www.alefotografo.com.br/blog/tags?tag=Fotografo Empresarial","https://www.alefotografo.com.br/blog/tags","NAO","0","176","0%","1.71","BLOG"
"https://www.alefotografo.com.br/blog/jpeg-ou-png-vantagens-e-desvantagens-dos-dois-formatos-de-imagens?per_page=117?utm_source%3Dpost&amp;utm_medium=site?option%3Dcom_content&amp;view=category&amp;id=1&amp;layout=blog&amp;Itemid=50","https://www.alefotografo.com.br/blog/jpeg-ou-png-vantagens-e-desvantagens-dos-dois-formatos-de-imagens","NAO","0","157","0%","8.78","BLOG"
"https://www.alefotografo.com.br/videos-para-empresas/video-institucional-bmx-logistica","https://www.alefotografo.com.br/videos-para-empresas/video-institucional-bmx-logistica","NAO","0","133","0%","9.28","VIDEO_SERVICE"
"https://www.alefotografo.com.br/blog/entenda-qual-a-importancia-da-identidade-visual-para-o-seu-negocio","https://www.alefotografo.com.br/blog/entenda-qual-a-importancia-da-identidade-visual-para-o-seu-negocio","NAO","0","117","0%","8.23","BLOG"
"https://www.alefotografo.com.br/fotografo-corporativo/categoria/banco-de-imagens","https://www.alefotografo.com.br/fotografo-corporativo/categoria/banco-de-imagens","NAO","0","116","0%","6.78","MONEY"
"https://www.alefotografo.com.br/blog/categoria/estudio-fotografico","https://www.alefotografo.com.br/blog/categoria/estudio-fotografico","NAO","0","96","0%","10.86","BLOG"
"https://www.alefotografo.com.br/fotografo-corporativo/categoria/fotografia-institucional","https://www.alefotografo.com.br/fotografo-corporativo/categoria/fotografia-institucional","NAO","0","92","0%","15.65","MONEY"
"https://www.alefotografo.com.br/videos-para-empresas/curso-de-prestacao-de-contas-eleitorais-2026-com-professora-rita-producao-ale-fotografo?per_page=182?option%3Dcom_content&amp;view=category&amp;id=1&amp;layout=blog&amp;Itemid=50","https://www.alefotografo.com.br/videos-para-empresas/curso-de-prestacao-de-contas-eleitorais-2026-com-professora-rita-producao-ale-fotografo","NAO","0","72","0%","6.67","VIDEO_SERVICE"
"https://www.alefotografo.com.br/blog/produtividade-em-tempos-dificeis-tudo-o-que-voce-precisa-saber-para-se-tornar-mais-produtivo","https://www.alefotografo.com.br/blog/produtividade-em-tempos-dificeis-tudo-o-que-voce-precisa-saber-para-se-tornar-mais-produtivo","NAO","0","71","0%","6.68","BLOG"
"https://www.alefotografo.com.br/blog/jpeg-ou-png-vantagens-e-desvantagens-dos-dois-formatos-de-imagens?per_page=36?utm_source%3Dpost&amp;utm_medium=site?option%3Dcom_content&amp;view=category&amp;id=1&amp;layout=blog&amp;Itemid=50","https://www.alefotografo.com.br/blog/jpeg-ou-png-vantagens-e-desvantagens-dos-dois-formatos-de-imagens","NAO","0","63","0%","8.84","BLOG"
"https://www.alefotografo.com.br/blog/categoria/marketing-fotografia","https://www.alefotografo.com.br/blog/categoria/marketing-fotografia","NAO","0","60","0%","10.25","BLOG"
"https://www.alefotografo.com.br/blog/categoria/fotografo-de-gastronomia","https://www.alefotografo.com.br/blog/categoria/fotografo-de-gastronomia","NAO","0","59","0%","10.68","BLOG"
"https://www.alefotografo.com.br/videos-para-empresas/ativa-log","https://www.alefotografo.com.br/videos-para-empresas/ativa-log","NAO","0","57","0%","9.7","VIDEO_SERVICE"
"https://www.alefotografo.com.br/blog?per_page=5","https://www.alefotografo.com.br/blog","NAO","0","51","0%","8.2","BLOG"
"https://www.alefotografo.com.br/blog/fotografia-em-preto-e-branco-como-tirar-fotos-lindas?per_page=91?utm_source%3Dpost&amp;utm_medium=site?option%3Dcom_content&amp;view=category&amp;id=1&amp;layout=blog&amp;Itemid=50","https://www.alefotografo.com.br/blog/fotografia-em-preto-e-branco-como-tirar-fotos-lindas","NAO","0","49","0%","6.14","BLOG"
"https://alefotografo.com.br/blog/linguagem-corporal-na-fotografia-de-retratos","https://www.alefotografo.com.br/blog/linguagem-corporal-na-fotografia-de-retratos","SIM","0","49","0%","8.1","BLOG"
"https://www.alefotografo.com.br/blog/categoria/fotografo-aereo","https://www.alefotografo.com.br/blog/categoria/fotografo-aereo","NAO","0","48","0%","8.6","BLOG"
"https://www.alefotografo.com.br/videos-para-empresas/teaser-de-melhores-momentos-do-kick-off-bom-pra-credito","https://www.alefotografo.com.br/videos-para-empresas/teaser-de-melhores-momentos-do-kick-off-bom-pra-credito","NAO","0","47","0%","8.96","VIDEO_SERVICE"
"https://www.alefotografo.com.br/videos-para-empresas/teaser-ibis-botucatu-sp","https://www.alefotografo.com.br/videos-para-empresas/teaser-ibis-botucatu-sp","NAO","0","46","0%","8.46","VIDEO_SERVICE"
"https://www.alefotografo.com.br/blog/tags?tag=fotografo de eventos 
corporativos em SP","https://www.alefotografo.com.br/blog/tags","NAO","0","44","0%","17.89","BLOG"
"https://www.alefotografo.com.br/videos-para-empresas/categoria/video-melhores-momentos-de-eventos","https://www.alefotografo.com.br/videos-para-empresas/categoria/video-melhores-momentos-de-eventos","NAO","0","36","0%","10.39","VIDEO_SERVICE"
"https://www.alefotografo.com.br/depoimentos","https://www.alefotografo.com.br/depoimentos","NAO","0","35","0%","5.86","SUPPORT"
"https://www.alefotografo.com.br/fotografo-corporativo/categoria/feira-de-negocios","https://www.alefotografo.com.br/fotografo-corporativo/categoria/feira-de-negocios","NAO","0","31","0%","16.6","MONEY"
"https://www.alefotografo.com.br/videos-para-empresas/nitriflex-industria-quimica-de-polimeros-especiais-e-borrachas-nitrilicas?per_page=182?option%3Dcom_content&amp;view=category&amp;id=1&amp;layout=blog&amp;Itemid=50","https://www.alefotografo.com.br/videos-para-empresas/nitriflex-industria-quimica-de-polimeros-especiais-e-borrachas-nitrilicas","NAO","0","30","0%","9.67","VIDEO_SERVICE"
"https://www.alefotografo.com.br/blog?per_page=36","https://www.alefotografo.com.br/blog","NAO","0","29","0%","5.41","BLOG"
"https://www.alefotografo.com.br/videos-para-empresas/sq-quimica-34-premio-sitivesp-de-fornecedor-do-ano","https://www.alefotografo.com.br/videos-para-empresas/sq-quimica-34-premio-sitivesp-de-fornecedor-do-ano","NAO","0","29","0%","9.9","VIDEO_SERVICE"
"https://www.alefotografo.com.br/blog/tags?tag=fotografo","https://www.alefotografo.com.br/blog/tags","NAO","0","28","0%","8.82","BLOG"
"https://www.alefotografo.com.br/blog/os-6-melhores-aplicativos-para-editar-videos-pelo-celular?per_page=36?utm_source%3Dpost&amp;utm_medium=site?option%3Dcom_content&amp;view=category&amp;id=1&amp;layout=blog&amp;Itemid=50","https://www.alefotografo.com.br/blog/os-6-melhores-aplicativos-para-editar-videos-pelo-celular","NAO","0","25","0%","7.92","BLOG"
"https://www.alefotografo.com.br/videos-para-empresas/fiorde-logistica-solucoes-logisticas-integradas-para-empresas","https://www.alefotografo.com.br/videos-para-empresas/fiorde-logistica-solucoes-logisticas-integradas-para-empresas","NAO","0","25","0%","12.16","VIDEO_SERVICE"
"https://www.alefotografo.com.br/videos-para-empresas/convencao-de-vendas-2023-tecnisa","https://www.alefotografo.com.br/videos-para-empresas/convencao-de-vendas-2023-tecnisa","NAO","0","22","0%","6.82","VIDEO_SERVICE"
"https://www.alefotografo.com.br/blog/tags?tag=foto de perfil para linkedIn","https://www.alefotografo.com.br/blog/tags","NAO","0","22","0%","7.59","BLOG"
"https://www.alefotografo.com.br/videos-para-empresas/ativa-log?fb_comment_id=1362610897157528_1371776049574346?utm_source%3Dpost&amp;utm_medium=site?option%3Dcom_content&amp;view=category&amp;id=1&amp;layout=blog&amp;Itemid=50","https://www.alefotografo.com.br/videos-para-empresas/ativa-log","NAO","0","21","0%","7.48","VIDEO_SERVICE"
"https://www.alefotografo.com.br/videos-para-empresas/categoria/video-corporativo","https://www.alefotografo.com.br/videos-para-empresas/categoria/video-corporativo","NAO","0","21","0%","8.81","VIDEO_SERVICE"
"https://www.alefotografo.com.br/blog/tags?tag=Fotografo Corporativo","https://www.alefotografo.com.br/blog/tags","NAO","0","21","0%","27.43","BLOG"
"https://www.alefotografo.com.br/blog/a-sua-foto-de-perfil-pode-representar-mais-do-que-voce-imagina?per_page=24?utm_source%3Dpost&amp;utm_medium=site?option%3Dcom_content&amp;view=category&amp;id=1&amp;layout=blog&amp;Itemid=50","https://www.alefotografo.com.br/blog/a-sua-foto-de-perfil-pode-representar-mais-do-que-voce-imagina","NAO","0","20","0%","7.5","BLOG"
"https://www.alefotografo.com.br/blog/tags?tag=retrato de executivos","https://www.alefotografo.com.br/blog/tags","NAO","0","19","0%","4.58","BLOG"
"https://www.alefotografo.com.br/fotografo-corporativo/categoria/clinica-medica","https://www.alefotografo.com.br/fotografo-corporativo/categoria/clinica-medica","NAO","0","19","0%","7.21","MONEY"
"https://www.alefotografo.com.br/blog?per_page=39","https://www.alefotografo.com.br/blog","NAO","0","19","0%","7.63","BLOG"
"https://www.alefotografo.com.br/videos-para-empresas/festa-de-confraternizacao-2022-tecnisa","https://www.alefotografo.com.br/videos-para-empresas/festa-de-confraternizacao-2022-tecnisa","NAO","0","18","0%","8.33","VIDEO_SERVICE"
"https://www.alefotografo.com.br/videos-para-empresas/encontro-farmarcas-2023","https://www.alefotografo.com.br/videos-para-empresas/encontro-farmarcas-2023","NAO","0","18","0%","11.22","VIDEO_SERVICE"
"https://www.alefotografo.com.br/blog?per_page=48","https://www.alefotografo.com.br/blog","NAO","0","18","0%","55.44","BLOG"
"https://www.alefotografo.com.br/videos-para-empresas/encontro-farmarcas-2022","https://www.alefotografo.com.br/videos-para-empresas/encontro-farmarcas-2022","NAO","0","17","0%","5.6","VIDEO_SERVICE"
"https://www.alefotografo.com.br/blog/tags?tag=Fot%C3%B3grafo Profissional","https://www.alefotografo.com.br/blog/tags","NAO","0","17","0%","11.65","BLOG"
"https://www.alefotografo.com.br/blog/tags?tag=retrato corporativo","https://www.alefotografo.com.br/blog/tags","NAO","0","16","0%","9.81","BLOG"
"https://www.alefotografo.com.br/videos-para-empresas/curso-de-prestacao-de-contas-eleitorais-2026-com-professora-rita-producao-ale-fotografo?utm_source=post&amp;utm_medium=site?utm_source%3Dpost-eventos&amp;utm_medium=blog&amp;utm_campaign=blog?utm_source%3Dpost&amp;utm_medium=site?utm_source%3Dblog&amp;utm_medium=como_instalar_presets_no_lightroom&amp;utm_campaign=blog_epics&amp;utm_content=link_tutorial_como_criar_presets_no_lightroom?per_page%3D12?option%3Dcom_content&amp;view=category&amp;id=1&amp;layout=blog&amp;Itemid=50?utm_source%3Dpost-eventos&amp;utm_medium=blog&amp;utm_campaign=blog?utm_source%3Dpost&amp;utm_medium=site?utm_source%3Dblog&amp;utm_medium=como_instalar_presets_no_lightroom&amp;utm_campaign=blog_epics&amp;utm_content=link_tutorial_como_criar_presets_no_lightroom?per_page%3D12?option%3Dcom_content&amp;view=category&amp;id=1&amp;layout=blog&amp;Itemid=50","https://www.alefotografo.com.br/videos-para-empresas/curso-de-prestacao-de-contas-eleitorais-2026-com-professora-rita-producao-ale-fotografo","NAO","0","15","0%","7.53","VIDEO_SERVICE"
"https://www.alefotografo.com.br/fotografo-corporativo/ensaio-feminino?option=com_content&amp;view=category&amp;id=1&amp;layout=blog&amp;Itemid=50","https://www.alefotografo.com.br/fotografo-corporativo/ensaio-feminino","NAO","0","14","0%","7.43","MONEY"
"https://www.alefotografo.com.br/fotografo-corporativo/fotografia-industrial","https://www.alefotografo.com.br/fotografo-corporativo/fotografia-industrial","NAO","0","14","0%","19.5","MONEY"
"https://www.alefotografo.com.br/fotografo-corporativo/fotos-de-hamburguer?utm_source=post&amp;utm_medium=site?option%3Dcom_content&amp;view=category&amp;id=1&amp;layout=blog&amp;Itemid=50?option%3Dcom_content&amp;view=category&amp;id=1&amp;layout=blog&amp;Itemid=50","https://www.alefotografo.com.br/fotografo-corporativo/fotos-de-hamburguer","NAO","0","13","0%","5.31","MONEY"
"https://www.alefotografo.com.br/blog/tags?tag=foto para perfil de linkedin","https://www.alefotografo.com.br/blog/tags","NAO","0","13","0%","6.54","BLOG"
"https://www.alefotografo.com.br/videos-para-empresas/flexfunds-solucoes-financeiras-inteligentes-para-empresas-video-institucional?fb_comment_id=1362610897157528_1371776049574346?utm_source%3Dpost&amp;utm_medium=site?option%3Dcom_content&amp;view=category&amp;id=1&amp;layout=blog&amp;Itemid=50","https://www.alefotografo.com.br/videos-para-empresas/flexfunds-solucoes-financeiras-inteligentes-para-empresas-video-institucional","NAO","0","13","0%","7.31","VIDEO_SERVICE"
"https://www.alefotografo.com.br/blog/categoria/fotos-aereas","https://www.alefotografo.com.br/blog/categoria/fotos-aereas","NAO","0","12","0%","6.92","BLOG"
"https://www.alefotografo.com.br/blog?per_page=16","https://www.alefotografo.com.br/blog","NAO","0","12","0%","7.75","BLOG"
"https://alefotografo.com.br/fotografo-corporativo/fotografo-de-retratos-profissionais","https://www.alefotografo.com.br/fotografo-corporativo/fotografo-de-retratos-profissionais","SIM","0","12","0%","27.17","MONEY"
"https://www.alefotografo.com.br/quem-e-o-ale?per_page=60?option%3Dcom_content&amp;view=category&amp;id=1&amp;layout=blog&amp;Itemid=50","https://www.alefotografo.com.br/quem-e-o-ale","NAO","0","11","0%","5.73","SUPPORT"
"https://www.alefotografo.com.br/videos-para-empresas/ativa-log?per_page=182?option%3Dcom_content&amp;view=category&amp;id=1&amp;layout=blog&amp;Itemid=50","https://www.alefotografo.com.br/videos-para-empresas/ativa-log","NAO","0","11","0%","10.9","VIDEO_SERVICE"
"https://www.alefotografo.com.br/fotografo-corporativo/fotografo-de-drinks-coqueteis?option=com_content&amp;view=category&amp;id=1&amp;layout=blog&amp;Itemid=50","https://www.alefotografo.com.br/fotografo-corporativo/fotografo-de-drinks-coqueteis","NAO","0","10","0%","4.5","MONEY"
"https://alefotografo.com.br/fotografo-corporativo/fotografo-profissional-em-sao-paulo","https://www.alefotografo.com.br/fotografo-corporativo/fotografo-profissional-em-sao-paulo","SIM","0","10","0%","45.7","MONEY"
"https://www.alefotografo.com.br/fotografo-corporativo/retrato-corporativo?utm_source=post&amp;utm_medium=site?img_picture%3Da-fotografia-e-fazer-parte-de-uma-historia-de-geracoes_031a0574&amp;img_completa=a-fotografia-e-fazer-parte-de-uma-historia-de-geracoes_031a0574.jpg?utm_source%3Dpost&amp;utm_medium=site?option%3Dcom_content&amp;view=category&amp;id=1&amp;layout=blog&amp;Itemid=50","https://www.alefotografo.com.br/fotografo-corporativo/retrato-corporativo","NAO","0","9","0%","5.33","MONEY"
"https://www.alefotografo.com.br/videos-para-empresas/curso-de-prestacao-de-contas-eleitorais-2026-com-professora-rita-producao-ale-fotografo?per_page=104?utm_source%3Dpost&amp;utm_medium=site?utm_source%3Dpost&amp;utm_medium=site?option%3Dcom_content&amp;view=category&amp;id=1&amp;layout=blog&amp;Itemid=50","https://www.alefotografo.com.br/videos-para-empresas/curso-de-prestacao-de-contas-eleitorais-2026-com-professora-rita-producao-ale-fotografo","NAO","0","9","0%","5.78","VIDEO_SERVICE"
"https://www.alefotografo.com.br/blog/linguagem-corporal-na-fotografia-de-retratos?utm_source=post&amp;utm_medium=site?img_picture%3Da-fotografia-e-fazer-parte-de-uma-historia-de-geracoes_031a0574&amp;img_completa=a-fotografia-e-fazer-parte-de-uma-historia-de-geracoes_031a0574.jpg?utm_source%3Dpost&amp;utm_medium=site?option%3Dcom_content&amp;view=category&amp;id=1&amp;layout=blog&amp;Itemid=50","https://www.alefotografo.com.br/blog/linguagem-corporal-na-fotografia-de-retratos","NAO","0","9","0%","7.33","BLOG"
"https://www.alefotografo.com.br/blog/categoria/videos-corporativo","https://www.alefotografo.com.br/blog/categoria/videos-corporativo","NAO","0","9","0%","7.56","BLOG"
"https://www.alefotografo.com.br/blog/psicologia-das-cores-e-fotografia-saiba-como-elas-interagem?per_page=72?utm_source%3Dpost&amp;utm_medium=site?option%3Dcom_content&amp;view=category&amp;id=1&amp;layout=blog&amp;Itemid=50","https://www.alefotografo.com.br/blog/psicologia-das-cores-e-fotografia-saiba-como-elas-interagem","NAO","0","9","0%","8","BLOG"
"https://www.alefotografo.com.br/videos-para-empresas/9faznegocios","https://www.alefotografo.com.br/videos-para-empresas/9faznegocios","NAO","0","9","0%","9.33","VIDEO_SERVICE"
"https://www.alefotografo.com.br/blog/tags?tag=retrato de homem de negocios","https://www.alefotografo.com.br/blog/tags","NAO","0","9","0%","16.44","BLOG"
"https://www.alefotografo.com.br/videos-para-empresas/categoria/video-institucional","https://www.alefotografo.com.br/videos-para-empresas/categoria/video-institucional","NAO","0","9","0%","27.67","VIDEO_SERVICE"
"https://www.alefotografo.com.br/blog/categoria/estudio-fotografico?per_page=143?utm_source%3Dpost&amp;utm_medium=site?option%3Dcom_content&amp;view=category&amp;id=1&amp;layout=blog&amp;Itemid=50","https://www.alefotografo.com.br/blog/categoria/estudio-fotografico","NAO","0","8","0%","2.12","BLOG"
"https://alefotografo.com.br/blog/tags?tag=foto de perfilprofissional","https://www.alefotografo.com.br/blog/tags","SIM","0","8","0%","6.38","BLOG"
"https://www.alefotografo.com.br/fotografo-corporativo/fotos-de-paes?per_page=234?option%3Dcom_content&amp;view=category&amp;id=1&amp;layout=blog&amp;Itemid=50","https://www.alefotografo.com.br/fotografo-corporativo/fotos-de-paes","NAO","0","8","0%","6.88","MONEY"
"https://www.alefotografo.com.br/blog/tags?tag","https://www.alefotografo.com.br/blog/tags","NAO","0","8","0%","8.38","BLOG"
"https://www.alefotografo.com.br/loja/ensaio-vip","https://www.alefotografo.com.br/loja/ensaio-vip","NAO","0","8","0%","12","LEGACY"
"https://www.alefotografo.com.br/blog/tags?tag=fotografia empresarial","https://www.alefotografo.com.br/blog/tags","NAO","0","8","0%","14.25","BLOG"
"https://www.alefotografo.com.br/fotografo-corporativo/fotos-de-paes?per_page=13?utm_source%3Dpost-eventos&amp;utm_medium=blog&amp;utm_campaign=blog?utm_source%3Dpost&amp;utm_medium=site?utm_source%3Dblog&amp;utm_medium=como_instalar_presets_no_lightroom&amp;utm_campaign=blog_epics&amp;utm_content=link_tutorial_como_criar_presets_no_lightroom?per_page%3D12?option%3Dcom_content&amp;view=category&amp;id=1&amp;layout=blog&amp;Itemid=50","https://www.alefotografo.com.br/fotografo-corporativo/fotos-de-paes","NAO","0","7","0%","4.14","MONEY"
"https://www.alefotografo.com.br/blog/seu-icloud-esta-cheio-5-dicas-para-voce-ganhar-mais-armazenamento-para-suas-fotos-e-videos?per_page=12?utm_source%3Dpost&amp;utm_medium=site?option%3Dcom_content&amp;view=category&amp;id=1&amp;layout=blog&amp;Itemid=50","https://www.alefotografo.com.br/blog/seu-icloud-esta-cheio-5-dicas-para-voce-ganhar-mais-armazenamento-para-suas-fotos-e-videos","NAO","0","7","0%","6.71","BLOG"
"https://www.alefotografo.com.br/blog/11-ideias-para-o-plano-de-fundo-de-seu-retrato-profissional?per_page=325?option%3Dcom_content&amp;view=category&amp;id=1&amp;layout=blog&amp;Itemid=50","https://www.alefotografo.com.br/blog/11-ideias-para-o-plano-de-fundo-de-seu-retrato-profissional","NAO","0","7","0%","7.86","BLOG"
"https://www.alefotografo.com.br/quem-e-o-ale","https://www.alefotografo.com.br/quem-e-o-ale","NAO","0","7","0%","9.29","SUPPORT"
"https://www.alefotografo.com.br/blog/tags?tag=retrato de empresario","https://www.alefotografo.com.br/blog/tags","NAO","0","7","0%","15.43","BLOG"
"https://www.alefotografo.com.br/fotografo-corporativo/fotos-de-paes?per_page=12?utm_source%3Dpost&amp;utm_medium=site?option%3Dcom_content&amp;view=category&amp;id=1&amp;layout=blog&amp;Itemid=50","https://www.alefotografo.com.br/fotografo-corporativo/fotos-de-paes","NAO","0","6","0%","4","MONEY"
"https://www.alefotografo.com.br/videos-para-empresas/jantar-febrafar-2022","https://www.alefotografo.com.br/videos-para-empresas/jantar-febrafar-2022","NAO","0","6","0%","6.33","VIDEO_SERVICE"
"https://www.alefotografo.com.br/videos-para-empresas/fiorde-logistica-solucoes-logisticas-integradas-para-empresas?utm_source=post&amp;utm_medium=site?utm_source%3Dpost-eventos&amp;utm_medium=blog&amp;utm_campaign=blog?utm_source%3Dpost&amp;utm_medium=site?utm_source%3Dblog&amp;utm_medium=como_instalar_presets_no_lightroom&amp;utm_campaign=blog_epics&amp;utm_content=link_tutorial_como_criar_presets_no_lightroom?per_page%3D12?option%3Dcom_content&amp;view=category&amp;id=1&amp;layout=blog&amp;Itemid=50?utm_source%3Dpost-eventos&amp;utm_medium=blog&amp;utm_campaign=blog?utm_source%3Dpost&amp;utm_medium=site?utm_source%3Dblog&amp;utm_medium=como_instalar_presets_no_lightroom&amp;utm_campaign=blog_epics&amp;utm_content=link_tutorial_como_criar_presets_no_lightroom?per_page%3D12?option%3Dcom_content&amp;view=category&amp;id=1&amp;layout=blog&amp;Itemid=50","https://www.alefotografo.com.br/videos-para-empresas/fiorde-logistica-solucoes-logisticas-integradas-para-empresas","NAO","0","6","0%","8.67","VIDEO_SERVICE"
"https://www.alefotografo.com.br/fotografo-corporativo/retratos-de-medicos?option=com_content&amp;view=category&amp;id=1&amp;layout=blog&amp;Itemid=50","https://www.alefotografo.com.br/fotografo-corporativo/retratos-de-medicos","NAO","0","6","0%","8.83","MONEY"
"https://www.alefotografo.com.br/blog/categoria/empreendedorismo-negocios","https://www.alefotografo.com.br/blog/categoria/empreendedorismo-negocios","NAO","0","6","0%","9.33","BLOG"
"https://www.alefotografo.com.br/blog/seu-icloud-esta-cheio-5-dicas-para-voce-ganhar-mais-armazenamento-para-suas-fotos-e-videos?per_page=182?option%3Dcom_content&amp;view=category&amp;id=1&amp;layout=blog&amp;Itemid=50","https://www.alefotografo.com.br/blog/seu-icloud-esta-cheio-5-dicas-para-voce-ganhar-mais-armazenamento-para-suas-fotos-e-videos","NAO","0","6","0%","9.33","BLOG"
"https://www.alefotografo.com.br/fotografo-corporativo/fotografo-de-arquitetura-e-interiores?utm_source=post&amp;utm_medium=site?option%3Dcom_content&amp;view=category&amp;id=1&amp;layout=blog&amp;Itemid=50","https://www.alefotografo.com.br/fotografo-corporativo/fotografo-de-arquitetura-e-interiores","NAO","0","6","0%","10","MONEY"
"https://www.alefotografo.com.br/videos-para-empresas/onemba-class-2023-sao-paulo","https://www.alefotografo.com.br/videos-para-empresas/onemba-class-2023-sao-paulo","NAO","0","6","0%","10","VIDEO_SERVICE"
"https://www.alefotografo.com.br/videos-para-empresas/ativa-logistica-30-anos?tag=Victor 
Silverio Fotografia &amp; Di 
Taramelli?utm_source=post&amp;utm_medium=site?utm_source%3Dblog&amp;utm_medium=diagramacao_albuns&amp;utm_campaign=blog_epics&amp;utm_content=backlink_como_sincronizar_fotos_de_duas_cameras_no_lightroom?per_page%3D65?option%3Dcom_content&amp;view=category&amp;id=1&amp;layout=blog&amp;Itemid=50","https://www.alefotografo.com.br/videos-para-empresas/ativa-logistica-30-anos","NAO","0","6","0%","10.17","VIDEO_SERVICE"
"https://www.alefotografo.com.br/blog/tags?tag=O que vestir em um ensaio 
fotografico","https://www.alefotografo.com.br/blog/tags","NAO","0","6","0%","13.5","BLOG"
"https://www.alefotografo.com.br/videos-para-empresas/9faznegocios?per_page=182?option%3Dcom_content&amp;view=category&amp;id=1&amp;layout=blog&amp;Itemid=50","https://www.alefotografo.com.br/videos-para-empresas/9faznegocios","NAO","0","6","0%","14.67","VIDEO_SERVICE"
"https://www.alefotografo.com.br/blog/categoria/estudio-fotografico?per_page=13?utm_source%3Dpost&amp;utm_medium=site?per_page%3D91?option%3Dcom_content&amp;view=category&amp;id=1&amp;layout=blog&amp;Itemid=50","https://www.alefotografo.com.br/blog/categoria/estudio-fotografico","NAO","0","5","0%","1.2","BLOG"
"https://www.alefotografo.com.br/fotografo-corporativo/categoria/foto-lembranca","https://www.alefotografo.com.br/fotografo-corporativo/categoria/foto-lembranca","NAO","0","5","0%","3","MONEY"
"https://www.alefotografo.com.br/videos-para-empresas/ibde-mendoza-iii-congresso-internacional","https://www.alefotografo.com.br/videos-para-empresas/ibde-mendoza-iii-congresso-internacional","NAO","0","5","0%","4","VIDEO_SERVICE"
"https://www.alefotografo.com.br/videos-para-empresas/lobtec-35-anos","https://www.alefotografo.com.br/videos-para-empresas/lobtec-35-anos","NAO","0","5","0%","5","VIDEO_SERVICE"
"https://www.alefotografo.com.br/blog/fotografo-dica-como-a-luz-pode-transformar-suas-fotos?option=com_content&amp;view=category&amp;id=1&amp;layout=blog&amp;Itemid=50?option%3Dcom_content&amp;view=category&amp;id=1&amp;layout=blog&amp;Itemid=50","https://www.alefotografo.com.br/blog/fotografo-dica-como-a-luz-pode-transformar-suas-fotos","NAO","0","5","0%","5.4","BLOG"
"https://www.alefotografo.com.br/blog/personal-branding-como-estabelecer-sua-marca-pessoal?per_page=325?option%3Dcom_content&amp;view=category&amp;id=1&amp;layout=blog&amp;Itemid=50","https://www.alefotografo.com.br/blog/personal-branding-como-estabelecer-sua-marca-pessoal","NAO","0","5","0%","6.4","BLOG"
"https://www.alefotografo.com.br/videos-para-empresas/22-forum-de-comprasive-university?per_page=325?option%3Dcom_content&amp;view=category&amp;id=1&amp;layout=blog&amp;Itemid=50","https://www.alefotografo.com.br/videos-para-empresas/22-forum-de-comprasive-university","NAO","0","5","0%","6.4","VIDEO_SERVICE"
"https://www.alefotografo.com.br/videos-para-empresas/procooler-na-febrava-cobertura-profissional-de-feiras-e-eventos-corporativos?utm_source=post&amp;utm_medium=site?option%3Dcom_content&amp;view=category&amp;id=1&amp;layout=blog&amp;Itemid=50?option%3Dcom_content&amp;view=category&amp;id=1&amp;layout=blog&amp;Itemid=50","https://www.alefotografo.com.br/videos-para-empresas/procooler-na-febrava-cobertura-profissional-de-feiras-e-eventos-corporativos","NAO","0","5","0%","6.4","VIDEO_SERVICE"
"https://www.alefotografo.com.br/videos-para-empresas/ativa-logistiva-video-do-programa-de-sustentabilidade","https://www.alefotografo.com.br/videos-para-empresas/ativa-logistiva-video-do-programa-de-sustentabilidade","NAO","0","5","0%","6.8","VIDEO_SERVICE"
"https://www.alefotografo.com.br/videos-para-empresas/fincon-o-primeiro-encontro-da-comunicacao-financeira?per_page=182?option%3Dcom_content&amp;view=category&amp;id=1&amp;layout=blog&amp;Itemid=50","https://www.alefotografo.com.br/videos-para-empresas/fincon-o-primeiro-encontro-da-comunicacao-financeira","NAO","0","5","0%","7.6","VIDEO_SERVICE"
"https://www.alefotografo.com.br/videos-para-empresas/video-institucional-bmx-logistica?per_page=182?option%3Dcom_content&amp;view=category&amp;id=1&amp;layout=blog&amp;Itemid=50","https://www.alefotografo.com.br/videos-para-empresas/video-institucional-bmx-logistica","NAO","0","5","0%","8","VIDEO_SERVICE"
"https://www.alefotografo.com.br/videos-para-empresas/7-forum-abradilan","https://www.alefotografo.com.br/videos-para-empresas/7-forum-abradilan","NAO","0","5","0%","15.2","VIDEO_SERVICE"
"https://www.alefotografo.com.br/blog/categoria/fotografia-de-interiores","https://www.alefotografo.com.br/blog/categoria/fotografia-de-interiores","NAO","0","5","0%","23.6","BLOG"
"https://www.alefotografo.com.br/fotografo-corporativo/fotografo-festa-de-confraternizacao","https://www.alefotografo.com.br/fotografo-corporativo/fotografo-festa-de-confraternizacao","NAO","0","5","0%","44.2","MONEY"
"https://www.alefotografo.com.br/blog/categoria/estudio-fotografico?per_page=39?option%3Dcom_content&amp;view=category&amp;id=1&amp;layout=blog&amp;Itemid=50","https://www.alefotografo.com.br/blog/categoria/estudio-fotografico","NAO","0","4","0%","4.75","BLOG"
"https://www.alefotografo.com.br/fotografo-corporativo/fotografo-de-culinaria?per_page=39?utm_source%3Dpost&amp;utm_medium=site?option%3Dcom_content&amp;view=category&amp;id=1&amp;layout=blog&amp;Itemid=50","https://www.alefotografo.com.br/fotografo-corporativo/fotografo-de-culinaria","NAO","0","4","0%","6.25","MONEY"
"https://www.alefotografo.com.br/videos-para-empresas/professora-rita-curso-de-prestacao-de-contas-eleitorais-2024?utm_source=post&amp;utm_medium=site?img_picture%3Dwedding_343b8910&amp;img_completa=wedding_343b8910.jpg?utm_source%3Dpost&amp;utm_medium=site?option%3Dcom_content&amp;view=category&amp;id=1&amp;layout=blog&amp;Itemid=50","https://www.alefotografo.com.br/videos-para-empresas/professora-rita-curso-de-prestacao-de-contas-eleitorais-2024","NAO","0","4","0%","6.25","VIDEO_SERVICE"
"https://www.alefotografo.com.br/videos-para-empresas/categoria/teaser","https://www.alefotografo.com.br/videos-para-empresas/categoria/teaser","NAO","0","4","0%","7","VIDEO_SERVICE"
"https://alefotografo.com.br/videos-para-empresas/abradilan-25-anos","https://www.alefotografo.com.br/videos-para-empresas/abradilan-25-anos","SIM","0","4","0%","7.25","VIDEO_SERVICE"
"https://www.alefotografo.com.br/videos-para-empresas/22-forum-de-comprasive-university","https://www.alefotografo.com.br/videos-para-empresas/22-forum-de-comprasive-university","NAO","0","4","0%","7.25","VIDEO_SERVICE"
"https://www.alefotografo.com.br/videos-para-empresas/ativa-logistica-unidade-barueri?per_page=36?option%3Dcom_content&amp;view=category&amp;id=1&amp;layout=blog&amp;Itemid=50","https://www.alefotografo.com.br/videos-para-empresas/ativa-logistica-unidade-barueri","NAO","0","4","0%","7.5","VIDEO_SERVICE"
"https://www.alefotografo.com.br/videos-para-empresas/ibis-botucatu-video-manifesto","https://www.alefotografo.com.br/videos-para-empresas/ibis-botucatu-video-manifesto","NAO","0","4","0%","7.5","VIDEO_SERVICE"
"https://www.alefotografo.com.br/videos-para-empresas/video-institucional-bmx-logistica?option=com_content&amp;view=category&amp;id=1&amp;layout=blog&amp;Itemid=50?option%3Dcom_content&amp;view=category&amp;id=1&amp;layout=blog&amp;Itemid=50","https://www.alefotografo.com.br/videos-para-empresas/video-institucional-bmx-logistica","NAO","0","4","0%","7.5","VIDEO_SERVICE"
"https://www.alefotografo.com.br/videos-para-empresas/professora-rita-curso-de-prestacao-de-contas-eleitorais-2024","https://www.alefotografo.com.br/videos-para-empresas/professora-rita-curso-de-prestacao-de-contas-eleitorais-2024","NAO","0","4","0%","8","VIDEO_SERVICE"
"https://www.alefotografo.com.br/fotografo-corporativo/categoria/fotografia-de-culinaria?utm_source=post&amp;utm_medium=site?img_picture%3Dwedding_343b8910&amp;img_completa=wedding_343b8910.jpg?utm_source%3Dpost&amp;utm_medium=site?option%3Dcom_content&amp;view=category&amp;id=1&amp;layout=blog&amp;Itemid=50","https://www.alefotografo.com.br/fotografo-corporativo/categoria/fotografia-de-culinaria","NAO","0","4","0%","9","MONEY"
"https://www.alefotografo.com.br/fotografo-corporativo/foto-impressa-na-hora?per_page=12?utm_source%3Dpost&amp;utm_medium=site?option%3Dcom_content&amp;view=category&amp;id=1&amp;layout=blog&amp;Itemid=50","https://www.alefotografo.com.br/fotografo-corporativo/foto-impressa-na-hora","NAO","0","4","0%","9","MONEY"
"https://www.alefotografo.com.br/fotografo-corporativo/fotografo-de-grupos-times-e-equipes?per_page=26?option%3Dcom_content&amp;view=category&amp;id=1&amp;layout=blog&amp;Itemid=50","https://www.alefotografo.com.br/fotografo-corporativo/fotografo-de-grupos-times-e-equipes","NAO","0","4","0%","9.25","MONEY"
"https://www.alefotografo.com.br/videos-para-empresas/unipac-50-anos","https://www.alefotografo.com.br/videos-para-empresas/unipac-50-anos","NAO","0","4","0%","9.75","VIDEO_SERVICE"
"https://www.alefotografo.com.br/videos-para-empresas/flexfunds-solucoes-financeiras-inteligentes-para-empresas-video-institucional?utm_source=post&amp;utm_medium=site?option%3Dcom_content&amp;view=category&amp;id=1&amp;layout=blog&amp;Itemid=50?option%3Dcom_content&amp;view=category&amp;id=1&amp;layout=blog&amp;Itemid=50","https://www.alefotografo.com.br/videos-para-empresas/flexfunds-solucoes-financeiras-inteligentes-para-empresas-video-institucional","NAO","0","4","0%","24.5","VIDEO_SERVICE"
"https://alefotografo.com.br/fotografo-corporativo/categoria/retrato-corporativo","https://www.alefotografo.com.br/fotografo-corporativo/categoria/retrato-corporativo","SIM","0","3","0%","1","MONEY"
"https://alefotografo.com.br/blog/tags?tag=foto corporativa","https://www.alefotografo.com.br/blog/tags","SIM","0","3","0%","3.33","BLOG"
"https://www.alefotografo.com.br/blog/categoria/festa-de-confraternizacao?per_page=24?option%3Dcom_content&amp;view=category&amp;id=1&amp;layout=blog&amp;Itemid=50","https://www.alefotografo.com.br/blog/categoria/festa-de-confraternizacao","NAO","0","3","0%","3.33","BLOG"
"https://www.alefotografo.com.br/videos-para-empresas/ativa-logistica-unidade-barueri?per_page=12?utm_source%3Dpost-eventos&amp;utm_medium=blog&amp;utm_campaign=blog?fb_comment_id%3D1362610897157528_1371776049574346?utm_source%3Dpost&amp;utm_medium=site?utm_source%3Dblog&amp;utm_medium=diagramacao_albuns&amp;utm_campaign=blog_epics&amp;utm_content=backlink_como_sincronizar_fotos_de_duas_cameras_no_lightroom?per_page%3D65?option%3Dcom_content&amp;view=category&amp;id=1&amp;layout=blog&amp;Itemid=50","https://www.alefotografo.com.br/videos-para-empresas/ativa-logistica-unidade-barueri","NAO","0","3","0%","4","VIDEO_SERVICE"
"https://www.alefotografo.com.br/fotografo-corporativo/categoria/foto-para-linkedin?per_page=39?utm_source%3Dpost&amp;utm_medium=site?option%3Dcom_content&amp;view=category&amp;id=1&amp;layout=blog&amp;Itemid=50","https://www.alefotografo.com.br/fotografo-corporativo/categoria/foto-para-linkedin","NAO","0","3","0%","4.33","MONEY"
"https://www.alefotografo.com.br/loja/ensaio-vip?utm_source=post&amp;utm_medium=site?option%3Dcom_content&amp;view=category&amp;id=1&amp;layout=blog&amp;Itemid=50?option%3Dcom_content&amp;view=category&amp;id=1&amp;layout=blog&amp;Itemid=50","https://www.alefotografo.com.br/loja/ensaio-vip","NAO","0","3","0%","5.33","LEGACY"
"https://www.alefotografo.com.br/videos-para-empresas/galena-35-anos","https://www.alefotografo.com.br/videos-para-empresas/galena-35-anos","NAO","0","3","0%","5.67","VIDEO_SERVICE"
"https://www.alefotografo.com.br/fotografo-corporativo/fotos-aereas?per_page=12?utm_source%3Dpost&amp;utm_medium=site?option%3Dcom_content&amp;view=category&amp;id=1&amp;layout=blog&amp;Itemid=50","https://www.alefotografo.com.br/fotografo-corporativo/fotos-aereas","NAO","0","3","0%","6","MONEY"
"https://www.alefotografo.com.br/blog/linkedin-como-criar-um-perfil-campeao-e-bombar-na-rede-de-negocios?per_page=325?option%3Dcom_content&amp;view=category&amp;id=1&amp;layout=blog&amp;Itemid=50","https://www.alefotografo.com.br/blog/linkedin-como-criar-um-perfil-campeao-e-bombar-na-rede-de-negocios","NAO","0","3","0%","6.33","BLOG"
"https://www.alefotografo.com.br/videos-para-empresas/sq-quimica-na-fce-pharma-cobertura-profissional-em-video-para-feiras-e-eventos-corporativos?utm_source=post&amp;utm_medium=site?option%3Dcom_content&amp;view=category&amp;id=1&amp;layout=blog&amp;Itemid=50?option%3Dcom_content&amp;view=category&amp;id=1&amp;layout=blog&amp;Itemid=50","https://www.alefotografo.com.br/videos-para-empresas/sq-quimica-na-fce-pharma-cobertura-profissional-em-video-para-feiras-e-eventos-corporativos","NAO","0","3","0%","6.33","VIDEO_SERVICE"
"https://www.alefotografo.com.br/blog/uso-de-drones-e-eventos-corporativos-tem-feito-toda-a-diferenca?per_page=24?option%3Dcom_content&amp;view=category&amp;id=1&amp;layout=blog&amp;Itemid=50","https://www.alefotografo.com.br/blog/uso-de-drones-e-eventos-corporativos-tem-feito-toda-a-diferenca","NAO","0","3","0%","6.67","BLOG"
"https://www.alefotografo.com.br/contato?per_page=130?utm_source%3Dpost&amp;utm_medium=site?option%3Dcom_content&amp;view=category&amp;id=1&amp;layout=blog&amp;Itemid=50","https://www.alefotografo.com.br/contato","NAO","0","3","0%","6.67","SUPPORT"
"https://www.alefotografo.com.br/videos-para-empresas/unipac-50-anos?per_page=13?utm_source%3Dpost-eventos&amp;utm_medium=blog&amp;utm_campaign=blog?utm_source%3Dpost&amp;utm_medium=site?utm_source%3Dblog&amp;utm_medium=como_instalar_presets_no_lightroom&amp;utm_campaign=blog_epics&amp;utm_content=link_tutorial_como_criar_presets_no_lightroom?per_page%3D12?option%3Dcom_content&amp;view=category&amp;id=1&amp;layout=blog&amp;Itemid=50","https://www.alefotografo.com.br/videos-para-empresas/unipac-50-anos","NAO","0","3","0%","6.67","VIDEO_SERVICE"
"https://www.alefotografo.com.br/loja/retrato-profissional-pacote-ouro-10-fotos-finais-o-fotografo-alexandre-machado-vai-ate-voce-com-estudio-movel-temos-8-enderecos-disponiveis","https://www.alefotografo.com.br/loja/retrato-profissional-pacote-ouro-10-fotos-finais-o-fotografo-alexandre-machado-vai-ate-voce-com-estudio-movel-temos-8-enderecos-disponiveis","NAO","0","3","0%","7","LEGACY"
"https://www.alefotografo.com.br/videos-para-empresas/video-de-boas-festas-da-ativalog","https://www.alefotografo.com.br/videos-para-empresas/video-de-boas-festas-da-ativalog","NAO","0","3","0%","7","VIDEO_SERVICE"
"https://www.alefotografo.com.br/videos-para-empresas/flexfunds-solucoes-financeiras-inteligentes-para-empresas-video-institucional?utm_source=post&amp;utm_medium=site?img_picture%3Dwedding_343b8910&amp;img_completa=wedding_343b8910.jpg?utm_source%3Dpost&amp;utm_medium=site?option%3Dcom_content&amp;view=category&amp;id=1&amp;layout=blog&amp;Itemid=50","https://www.alefotografo.com.br/videos-para-empresas/flexfunds-solucoes-financeiras-inteligentes-para-empresas-video-institucional","NAO","0","3","0%","7.33","VIDEO_SERVICE"
"https://www.alefotografo.com.br/videos-para-empresas/women-in-tech-brasil?per_page=325?option%3Dcom_content&amp;view=category&amp;id=1&amp;layout=blog&amp;Itemid=50","https://www.alefotografo.com.br/videos-para-empresas/women-in-tech-brasil","NAO","0","3","0%","7.33","VIDEO_SERVICE"
"https://www.alefotografo.com.br/fotografo-corporativo/fotografia-corporativa-em-sao-paulo?per_page=182?utm_source%3Dpost&amp;utm_medium=site?option%3Dcom_content&amp;view=category&amp;id=1&amp;layout=blog&amp;Itemid=50","https://www.alefotografo.com.br/fotografo-corporativo/fotografia-corporativa-em-sao-paulo","NAO","0","3","0%","7.67","MONEY"
"https://www.alefotografo.com.br/videos-para-empresas/unipac-50-anos?per_page=325?option%3Dcom_content&amp;view=category&amp;id=1&amp;layout=blog&amp;Itemid=50","https://www.alefotografo.com.br/videos-para-empresas/unipac-50-anos","NAO","0","3","0%","8","VIDEO_SERVICE"
"https://www.alefotografo.com.br/blog/categoria/dica-de-fotografia","https://www.alefotografo.com.br/blog/categoria/dica-de-fotografia","NAO","0","3","0%","8.33","BLOG"
"https://www.alefotografo.com.br/blog/categoria/foto-de-equipe","https://www.alefotografo.com.br/blog/categoria/foto-de-equipe","NAO","0","3","0%","8.67","BLOG"
"https://www.alefotografo.com.br/fotografo-corporativo/categoria/foto-lembranca?option=com_content&amp;view=category&amp;id=1&amp;layout=blog&amp;Itemid=50","https://www.alefotografo.com.br/fotografo-corporativo/categoria/foto-lembranca","NAO","0","3","0%","8.67","MONEY"
"https://www.alefotografo.com.br/blog/10-lugares-em-sao-paulo-para-tirar-boas-fotos?per_page=26?utm_source%3Dpost&amp;utm_medium=site?option%3Dcom_content&amp;view=category&amp;id=1&amp;layout=blog&amp;Itemid=50","https://www.alefotografo.com.br/blog/10-lugares-em-sao-paulo-para-tirar-boas-fotos","NAO","0","3","0%","9.33","BLOG"
"https://www.alefotografo.com.br/videos-para-empresas/video-de-eventos-corporativos?per_page=48?option%3Dcom_content&amp;view=category&amp;id=1&amp;layout=blog&amp;Itemid=50","https://www.alefotografo.com.br/videos-para-empresas/video-de-eventos-corporativos","NAO","0","3","0%","9.67","VIDEO_SERVICE"
"https://www.alefotografo.com.br/fotografo-corporativo/fotografo-festa-da-firma?img_picture=o-ensaio_ana-luiza-e-lucas74&amp;img_completa=o-ensaio_ana-luiza-e-lucas74.jpg?option%3Dcom_content&amp;view=category&amp;id=1&amp;layout=blog&amp;Itemid=50","https://www.alefotografo.com.br/fotografo-corporativo/fotografo-festa-da-firma","NAO","0","3","0%","10","MONEY"
"https://www.alefotografo.com.br/blog/tags?tag=fotos p","https://www.alefotografo.com.br/blog/tags","NAO","0","3","0%","11.33","BLOG"
"https://www.alefotografo.com.br/blog/tags?tag=footgrafo empresarial","https://www.alefotografo.com.br/blog/tags","NAO","0","3","0%","14","BLOG"
"https://www.alefotografo.com.br/videos-para-empresas/categoria/video-institucional?option=com_content&amp;view=category&amp;id=1&amp;layout=blog&amp;Itemid=50","https://www.alefotografo.com.br/videos-para-empresas/categoria/video-institucional","NAO","0","3","0%","14.33","VIDEO_SERVICE"
"https://www.alefotografo.com.br/blog/tags?tag=fotografia corporativa","https://www.alefotografo.com.br/blog/tags","NAO","0","3","0%","16.67","BLOG"
"https://www.alefotografo.com.br/fotografo-corporativo/fotos-para-clinicas-medicas?per_page=60?utm_source%3Dpost&amp;utm_medium=site?option%3Dcom_content&amp;view=category&amp;id=1&amp;layout=blog&amp;Itemid=50","https://www.alefotografo.com.br/fotografo-corporativo/fotos-para-clinicas-medicas","NAO","0","3","0%","17.67","MONEY"
"https://www.alefotografo.com.br/fotografo-corporativo/fotografo-de-grupos-times-e-equipes?per_page=39?option%3Dcom_content&amp;view=category&amp;id=1&amp;layout=blog&amp;Itemid=50","https://www.alefotografo.com.br/fotografo-corporativo/fotografo-de-grupos-times-e-equipes","NAO","0","2","0%","1.5","MONEY"
"https://www.alefotografo.com.br/blog/dicas-fotografo-saia-do-fundo-branco-agora-1?per_page=91?utm_source%3Dpost&amp;utm_medium=site?option%3Dcom_content&amp;view=category&amp;id=1&amp;layout=blog&amp;Itemid=50","https://www.alefotografo.com.br/blog/dicas-fotografo-saia-do-fundo-branco-agora-1","NAO","0","2","0%","2","BLOG"
"https://www.alefotografo.com.br/blog/retratos-da-equipe-de-colaboradores?utm_source=post&amp;utm_medium=site?utm_source%3Dpost-eventos&amp;utm_medium=blog&amp;utm_campaign=blog?utm_source%3Dpost&amp;utm_medium=site?utm_source%3Dblog&amp;utm_medium=como_instalar_presets_no_lightroom&amp;utm_campaign=blog_epics&amp;utm_content=link_tutorial_como_criar_presets_no_lightroom?per_page%3D12?option%3Dcom_content&amp;view=category&amp;id=1&amp;layout=blog&amp;Itemid=50?utm_source%3Dpost-eventos&amp;utm_medium=blog&amp;utm_campaign=blog?utm_source%3Dpost&amp;utm_medium=site?utm_source%3Dblog&amp;utm_medium=como_instalar_presets_no_lightroom&amp;utm_campaign=blog_epics&amp;utm_content=link_tutorial_como_criar_presets_no_lightroom?per_page%3D12?option%3Dcom_content&amp;view=category&amp;id=1&amp;layout=blog&amp;Itemid=50","https://www.alefotografo.com.br/blog/retratos-da-equipe-de-colaboradores","NAO","0","2","0%","2","BLOG"
"https://www.alefotografo.com.br/fotografo-corporativo/","https://www.alefotografo.com.br/fotografo-corporativo/","NAO","0","2","0%","2","MONEY"
"https://www.alefotografo.com.br/fotografo-corporativo/fotos-de-hamburguer?per_page=72?utm_source%3Dpost&amp;utm_medium=site?option%3Dcom_content&amp;view=category&amp;id=1&amp;layout=blog&amp;Itemid=50","https://www.alefotografo.com.br/fotografo-corporativo/fotos-de-hamburguer","NAO","0","2","0%","2","MONEY"
"https://www.alefotografo.com.br/videos-para-empresas/jantar-febrafar-2022?utm_source=post&amp;utm_medium=site?option%3Dcom_content&amp;view=category&amp;id=1&amp;layout=blog&amp;Itemid=50?option%3Dcom_content&amp;view=category&amp;id=1&amp;layout=blog&amp;Itemid=50","https://www.alefotografo.com.br/videos-para-empresas/jantar-febrafar-2022","NAO","0","2","0%","2","VIDEO_SERVICE"
"https://www.alefotografo.com.br/videos-para-empresas/lobtec-35-anos?img_picture=o-ensaio_ana-luiza-e-lucas74&amp;img_completa=o-ensaio_ana-luiza-e-lucas74.jpg?option%3Dcom_content&amp;view=category&amp;id=1&amp;layout=blog&amp;Itemid=50","https://www.alefotografo.com.br/videos-para-empresas/lobtec-35-anos","NAO","0","2","0%","2","VIDEO_SERVICE"
"https://www.alefotografo.com.br/blog/decifrando-o-dress-code-masculino?option=com_content&amp;view=category&amp;id=1&amp;layout=blog&amp;Itemid=50","https://www.alefotografo.com.br/blog/decifrando-o-dress-code-masculino","NAO","0","2","0%","3","BLOG"
"https://www.alefotografo.com.br/blog/dicas-fotografo-saia-do-fundo-branco-agora-1?utm_source=post&amp;utm_medium=site?img_picture%3Da-fotografia-e-fazer-parte-de-uma-historia-de-geracoes_031a0574&amp;img_completa=a-fotografia-e-fazer-parte-de-uma-historia-de-geracoes_031a0574.jpg?utm_source%3Dpost&amp;utm_medium=site?option%3Dcom_content&amp;view=category&amp;id=1&amp;layout=blog&amp;Itemid=50","https://www.alefotografo.com.br/blog/dicas-fotografo-saia-do-fundo-branco-agora-1","NAO","0","2","0%","3","BLOG"
"https://www.alefotografo.com.br/depoimentos?img_picture=o-ensaio_ana-luiza-e-lucas74&amp;img_completa=o-ensaio_ana-luiza-e-lucas74.jpg?option%3Dcom_content&amp;view=category&amp;id=1&amp;layout=blog&amp;Itemid=50","https://www.alefotografo.com.br/depoimentos","NAO","0","2","0%","3","SUPPORT"
"https://www.alefotografo.com.br/videos-para-empresas/sipat-2022-foseco","https://www.alefotografo.com.br/videos-para-empresas/sipat-2022-foseco","NAO","0","2","0%","3","VIDEO_SERVICE"
"https://www.alefotografo.com.br/fotografo-corporativo/fotografo-de-eventos-corporativos?per_page=60?option%3Dcom_content&amp;view=category&amp;id=1&amp;layout=blog&amp;Itemid=50","https://www.alefotografo.com.br/fotografo-corporativo/fotografo-de-eventos-corporativos","NAO","0","2","0%","4","MONEY"
"https://www.alefotografo.com.br/videos-para-empresas/video-escritorio-rocha-e-queiroz","https://www.alefotografo.com.br/videos-para-empresas/video-escritorio-rocha-e-queiroz","NAO","0","2","0%","4","VIDEO_SERVICE"
"https://www.alefotografo.com.br/blog/tags?tag=Retrato Corporativo","https://www.alefotografo.com.br/blog/tags","NAO","0","2","0%","5","BLOG"
"https://www.alefotografo.com.br/videos-para-empresas/unipac-50-anos?per_page=48?option%3Dcom_content&amp;view=category&amp;id=1&amp;layout=blog&amp;Itemid=50","https://www.alefotografo.com.br/videos-para-empresas/unipac-50-anos","NAO","0","2","0%","5","VIDEO_SERVICE"
"https://www.alefotografo.com.br/fotografo-corporativo/ensaio-fotografico-para-dentistas?utm_source=post&amp;utm_medium=site?img_picture%3Da-fotografia-e-fazer-parte-de-uma-historia-de-geracoes_031a0574&amp;img_completa=a-fotografia-e-fazer-parte-de-uma-historia-de-geracoes_031a0574.jpg?utm_source%3Dpost&amp;utm_medium=site?option%3Dcom_content&amp;view=category&amp;id=1&amp;layout=blog&amp;Itemid=50","https://www.alefotografo.com.br/fotografo-corporativo/ensaio-fotografico-para-dentistas","NAO","0","2","0%","5.5","MONEY"
"https://www.alefotografo.com.br/fotografo-corporativo/ensaio-fotografico-para-redes-sociais?per_page=117?utm_source%3Dpost&amp;utm_medium=site?option%3Dcom_content&amp;view=category&amp;id=1&amp;layout=blog&amp;Itemid=50","https://www.alefotografo.com.br/fotografo-corporativo/ensaio-fotografico-para-redes-sociais","NAO","0","2","0%","5.5","MONEY"
"https://www.alefotografo.com.br/videos-para-empresas/captar-a-energia-de-um-grande-evento-e-muito-mais-do-que-apertar-o-rec?per_page=48?utm_source%3Dpost&amp;utm_medium=site?option%3Dcom_content&amp;view=category&amp;id=1&amp;layout=blog&amp;Itemid=50","https://www.alefotografo.com.br/videos-para-empresas/captar-a-energia-de-um-grande-evento-e-muito-mais-do-que-apertar-o-rec","NAO","0","2","0%","5.5","VIDEO_SERVICE"
"https://alefotografo.com.br/blog/tags?tag=eventos empresariais","https://www.alefotografo.com.br/blog/tags","SIM","0","2","0%","6","BLOG"
"https://www.alefotografo.com.br/blog/instituto-rauen?per_page=60?option%3Dcom_content&amp;view=category&amp;id=1&amp;layout=blog&amp;Itemid=50","https://www.alefotografo.com.br/blog/instituto-rauen","NAO","0","2","0%","6","BLOG"
"https://www.alefotografo.com.br/blog/personal-branding-como-estabelecer-sua-marca-pessoal?option=com_content&amp;view=category&amp;id=1&amp;layout=blog&amp;Itemid=50","https://www.alefotografo.com.br/blog/personal-branding-como-estabelecer-sua-marca-pessoal","NAO","0","2","0%","6","BLOG"
"https://www.alefotografo.com.br/fotografo-corporativo/banco-de-imagens-para-escolas?fbclid=IwAR0909J_GQaiRZQC3Jl46ArEYtGz2NOLqL5LXuRbttlWWzwjT15fiOJv-8c?utm_source%3Dpost&amp;utm_medium=site?utm_source%3Dblog&amp;utm_medium=diagramacao_albuns&amp;utm_campaign=blog_epics&amp;utm_content=backlink_como_sincronizar_fotos_de_duas_cameras_no_lightroom?per_page%3D65?option%3Dcom_content&amp;view=category&amp;id=1&amp;layout=blog&amp;Itemid=50","https://www.alefotografo.com.br/fotografo-corporativo/banco-de-imagens-para-escolas","NAO","0","2","0%","6","MONEY"
"https://www.alefotografo.com.br/fotografo-corporativo/categoria/foto-para-linkedin?per_page=36?option%3Dcom_content&amp;view=category&amp;id=1&amp;layout=blog&amp;Itemid=50","https://www.alefotografo.com.br/fotografo-corporativo/categoria/foto-para-linkedin","NAO","0","2","0%","6","MONEY"
"https://www.alefotografo.com.br/videos-para-empresas/9faznegocios?option=com_content&amp;view=category&amp;id=1&amp;layout=blog&amp;Itemid=50?option%3Dcom_content&amp;view=category&amp;id=1&amp;layout=blog&amp;Itemid=50","https://www.alefotografo.com.br/videos-para-empresas/9faznegocios","NAO","0","2","0%","6","VIDEO_SERVICE"
"https://www.alefotografo.com.br/videos-para-empresas/galena-celebra?per_page=12?utm_source%3Dpost&amp;utm_medium=site?option%3Dcom_content&amp;view=category&amp;id=1&amp;layout=blog&amp;Itemid=50","https://www.alefotografo.com.br/videos-para-empresas/galena-celebra","NAO","0","2","0%","6","VIDEO_SERVICE"
"https://www.alefotografo.com.br/blog/tags?tag=fotos em meu restaurante","https://www.alefotografo.com.br/blog/tags","NAO","0","2","0%","6.5","BLOG"
"https://www.alefotografo.com.br/fotografo-corporativo/categoria/dentistas?utm_source=post&amp;utm_medium=site?tag%3DVictor 
Silverio Fotografia &amp; Di 
Taramelli?utm_source=post&amp;utm_medium=site?utm_source%3Dblog&amp;utm_medium=diagramacao_albuns&amp;utm_campaign=blog_epics&amp;utm_content=backlink_como_sincronizar_fotos_de_duas_cameras_no_lightroom?per_page%3D65?option%3Dcom_content&amp;view=category&amp;id=1&amp;layout=blog&amp;Itemid=50","https://www.alefotografo.com.br/fotografo-corporativo/categoria/dentistas","NAO","0","2","0%","6.5","MONEY"
"https://www.alefotografo.com.br/videos-para-empresas/sq-quimica-unidade-vinhedo?per_page=104?utm_source%3Dpost&amp;utm_medium=site?utm_source%3Dpost&amp;utm_medium=site?option%3Dcom_content&amp;view=category&amp;id=1&amp;layout=blog&amp;Itemid=50","https://www.alefotografo.com.br/videos-para-empresas/sq-quimica-unidade-vinhedo","NAO","0","2","0%","6.5","VIDEO_SERVICE"
"https://www.alefotografo.com.br/fotografo-corporativo/fotografo-de-grupos-times-e-equipes?img_picture=a-fotografia-e-fazer-parte-de-uma-historia-de-geracoes_031a0574&amp;img_completa=a-fotografia-e-fazer-parte-de-uma-historia-de-geracoes_031a0574.jpg?option%3Dcom_content&amp;view=category&amp;id=1&amp;layout=blog&amp;Itemid=50","https://www.alefotografo.com.br/fotografo-corporativo/fotografo-de-grupos-times-e-equipes","NAO","0","2","0%","7","MONEY"
"https://www.alefotografo.com.br/videos-para-empresas/sq-quimica-na-abrafati-show-2022?per_page=12?utm_source%3Dpost-eventos&amp;utm_medium=blog&amp;utm_campaign=blog?fb_comment_id%3D1362610897157528_1371776049574346?utm_source%3Dpost&amp;utm_medium=site?utm_source%3Dblog&amp;utm_medium=diagramacao_albuns&amp;utm_campaign=blog_epics&amp;utm_content=backlink_como_sincronizar_fotos_de_duas_cameras_no_lightroom?per_page%3D65?option%3Dcom_content&amp;view=category&amp;id=1&amp;layout=blog&amp;Itemid=50","https://www.alefotografo.com.br/videos-para-empresas/sq-quimica-na-abrafati-show-2022","NAO","0","2","0%","8","VIDEO_SERVICE"
"https://www.alefotografo.com.br/videos-para-empresas?per_page=104?utm_source%3Dpost&amp;utm_medium=site?utm_source%3Dpost&amp;utm_medium=site?option%3Dcom_content&amp;view=category&amp;id=1&amp;layout=blog&amp;Itemid=50","https://www.alefotografo.com.br/videos-para-empresas","NAO","0","2","0%","8","VIDEO_SERVICE"
"https://www.alefotografo.com.br/fotografo-corporativo/fotografia-para-escritorios-de-advocacia?option=com_content&amp;view=category&amp;id=1&amp;layout=blog&amp;Itemid=50","https://www.alefotografo.com.br/fotografo-corporativo/fotografia-para-escritorios-de-advocacia","NAO","0","2","0%","8.5","MONEY"
"https://www.alefotografo.com.br/videos-para-empresas/video-institucional-bmx-logistica?per_page=130?utm_source%3Dpost&amp;utm_medium=site?option%3Dcom_content&amp;view=category&amp;id=1&amp;layout=blog&amp;Itemid=50","https://www.alefotografo.com.br/videos-para-empresas/video-institucional-bmx-logistica","NAO","0","2","0%","8.5","VIDEO_SERVICE"
"https://www.alefotografo.com.br/blog/fotografo-5-poses-para-retrato-corporativo?per_page=39?utm_source%3Dpost&amp;utm_medium=site?option%3Dcom_content&amp;view=category&amp;id=1&amp;layout=blog&amp;Itemid=50","https://www.alefotografo.com.br/blog/fotografo-5-poses-para-retrato-corporativo","NAO","0","2","0%","9","BLOG"
"https://www.alefotografo.com.br/fotografo-corporativo/banco-de-imagens-para-escolas?per_page=91?option%3Dcom_content&amp;view=category&amp;id=1&amp;layout=blog&amp;Itemid=50","https://www.alefotografo.com.br/fotografo-corporativo/banco-de-imagens-para-escolas","NAO","0","2","0%","9","MONEY"
"https://www.alefotografo.com.br/blog/categoria/dica-de-fotografia?per_page=13?utm_source%3Dpost-eventos&amp;utm_medium=blog&amp;utm_campaign=blog?utm_source%3Dpost&amp;utm_medium=site?utm_source%3Dblog&amp;utm_medium=como_instalar_presets_no_lightroom&amp;utm_campaign=blog_epics&amp;utm_content=link_tutorial_como_criar_presets_no_lightroom?per_page%3D12?option%3Dcom_content&amp;view=category&amp;id=1&amp;layout=blog&amp;Itemid=50","https://www.alefotografo.com.br/blog/categoria/dica-de-fotografia","NAO","0","2","0%","9.5","BLOG"
"https://www.alefotografo.com.br/fotografo-corporativo/categoria/fotografia-de-culinaria?per_page=12?utm_source%3Dpost&amp;utm_medium=site?option%3Dcom_content&amp;view=category&amp;id=1&amp;layout=blog&amp;Itemid=50","https://www.alefotografo.com.br/fotografo-corporativo/categoria/fotografia-de-culinaria","NAO","0","2","0%","9.5","MONEY"
"https://www.alefotografo.com.br/fotografo-corporativo/fotos-para-clinicas-medicas?utm_source=post&amp;utm_medium=site?img_picture%3Do-ensaio_ana-luiza-e-lucas74&amp;img_completa=o-ensaio_ana-luiza-e-lucas74.jpg?option%3Dcom_content&amp;view=category&amp;id=1&amp;layout=blog&amp;Itemid=50","https://www.alefotografo.com.br/fotografo-corporativo/fotos-para-clinicas-medicas","NAO","0","2","0%","9.5","MONEY"
"https://www.alefotografo.com.br/blog?per_page=13","https://www.alefotografo.com.br/blog","NAO","0","2","0%","10","BLOG"
"https://www.alefotografo.com.br/fotografo-corporativo/fotos-de-hamburguer?utm_source=post&amp;utm_medium=site?option%3Dcom_content&amp;view=category&amp;id=1&amp;layout=blog&amp;Itemid=50?utm_source%3Dpost&amp;utm_medium=site?option%3Dcom_content&amp;view=category&amp;id=1&amp;layout=blog&amp;Itemid=50","https://www.alefotografo.com.br/fotografo-corporativo/fotos-de-hamburguer","NAO","0","2","0%","10","MONEY"
"https://www.alefotografo.com.br/videos-para-empresas?utm_source=post&amp;utm_medium=site?option%3Dcom_content&amp;view=category&amp;id=1&amp;layout=blog&amp;Itemid=50?option%3Dcom_content&amp;view=category&amp;id=1&amp;layout=blog&amp;Itemid=50","https://www.alefotografo.com.br/videos-para-empresas","NAO","0","2","0%","10","VIDEO_SERVICE"
"https://www.alefotografo.com.br/videos-para-empresas/9faznegocios?per_page=72?utm_source%3Dpost&amp;utm_medium=site?option%3Dcom_content&amp;view=category&amp;id=1&amp;layout=blog&amp;Itemid=50","https://www.alefotografo.com.br/videos-para-empresas/9faznegocios","NAO","0","2","0%","10.5","VIDEO_SERVICE"
"https://www.alefotografo.com.br/videos-para-empresas/curso-de-prestacao-de-contas-eleitorais-com-a-professora-rita-goncalves?utm_source=post&amp;utm_medium=site?tag%3DVictor 
Silverio Fotografia &amp; Di 
Taramelli?utm_source=post&amp;utm_medium=site?utm_source%3Dblog&amp;utm_medium=diagramacao_albuns&amp;utm_campaign=blog_epics&amp;utm_content=backlink_como_sincronizar_fotos_de_duas_cameras_no_lightroom?per_page%3D65?option%3Dcom_content&amp;view=category&amp;id=1&amp;layout=blog&amp;Itemid=50","https://www.alefotografo.com.br/videos-para-empresas/curso-de-prestacao-de-contas-eleitorais-com-a-professora-rita-goncalves","NAO","0","2","0%","10.5","VIDEO_SERVICE"
"https://www.alefotografo.com.br/videos-para-empresas/video-corporativo-feira-hospitalar-genesis-inteligencia-artificial?per_page=13?utm_source%3Dpost-eventos&amp;utm_medium=blog&amp;utm_campaign=blog?utm_source%3Dpost&amp;utm_medium=site?utm_source%3Dblog&amp;utm_medium=como_instalar_presets_no_lightroom&amp;utm_campaign=blog_epics&amp;utm_content=link_tutorial_como_criar_presets_no_lightroom?per_page%3D12?option%3Dcom_content&amp;view=category&amp;id=1&amp;layout=blog&amp;Itemid=50","https://www.alefotografo.com.br/videos-para-empresas/video-corporativo-feira-hospitalar-genesis-inteligencia-artificial","NAO","0","2","0%","11","VIDEO_SERVICE"
"https://www.alefotografo.com.br/videos-para-empresas/salomao-concursos-aulao-em-sao-paulo?option=com_content&amp;view=category&amp;id=1&amp;layout=blog&amp;Itemid=50?option%3Dcom_content&amp;view=category&amp;id=1&amp;layout=blog&amp;Itemid=50","https://www.alefotografo.com.br/videos-para-empresas/salomao-concursos-aulao-em-sao-paulo","NAO","0","2","0%","12","VIDEO_SERVICE"
"https://www.alefotografo.com.br/blog/dicas-de-cursos-e-aulas-online-para-voce-se-inspirar-e-capacitar","https://www.alefotografo.com.br/blog/dicas-de-cursos-e-aulas-online-para-voce-se-inspirar-e-capacitar","NAO","0","2","0%","13.5","BLOG"
"https://www.alefotografo.com.br/videos-para-empresas/video-institucional-bmx-logistica?per_page=104?option%3Dcom_content&amp;view=category&amp;id=1&amp;layout=blog&amp;Itemid=50","https://www.alefotografo.com.br/videos-para-empresas/video-institucional-bmx-logistica","NAO","0","2","0%","14","VIDEO_SERVICE"
"https://www.alefotografo.com.br/videos-para-empresas/fiorde-logistica-solucoes-logisticas-integradas-para-empresas?per_page=104?option%3Dcom_content&amp;view=category&amp;id=1&amp;layout=blog&amp;Itemid=50","https://www.alefotografo.com.br/videos-para-empresas/fiorde-logistica-solucoes-logisticas-integradas-para-empresas","NAO","0","2","0%","14.5","VIDEO_SERVICE"
"https://www.alefotografo.com.br/fotografo-corporativo/fotografia-corporativa-em-sao-paulo?option=com_content&amp;view=category&amp;id=1&amp;layout=blog&amp;Itemid=50","https://www.alefotografo.com.br/fotografo-corporativo/fotografia-corporativa-em-sao-paulo","NAO","0","2","0%","19.5","MONEY"
"https://www.alefotografo.com.br/blog/fotografo-ensina-que-foto-profissional-aparece-14-vezes-mais-do-que-uma-foto-amadora-no-linkedin?per_page=39?utm_source%3Dpost&amp;utm_medium=site?option%3Dcom_content&amp;view=category&amp;id=1&amp;layout=blog&amp;Itemid=50","https://www.alefotografo.com.br/blog/fotografo-ensina-que-foto-profissional-aparece-14-vezes-mais-do-que-uma-foto-amadora-no-linkedin","NAO","0","2","0%","31.5","BLOG"
"https://alefotografo.com.br/blog/categoria/fotografo?per_page=24","https://www.alefotografo.com.br/blog/categoria/fotografo","SIM","0","1","0%","1","BLOG"
"https://alefotografo.com.br/fotografo-corporativo/fotografo-feiras-stands","https://www.alefotografo.com.br/fotografo-corporativo/fotografo-feiras-stands","SIM","0","1","0%","1","MONEY"
"https://alefotografo.com.br/fotografo-corporativo/fotos-para-clinicas-medicas","https://www.alefotografo.com.br/fotografo-corporativo/fotos-para-clinicas-medicas","SIM","0","1","0%","1","MONEY"
"https://www.alefotografo.com.br/fotografo-corporativo/banco-de-imagens-para-empresas?per_page=312?utm_source%3Dpost&amp;utm_medium=site?utm_source%3Dpost&amp;utm_medium=site?option%3Dcom_content&amp;view=category&amp;id=1&amp;layout=blog&amp;Itemid=50","https://www.alefotografo.com.br/fotografo-corporativo/banco-de-imagens-para-empresas","NAO","0","1","0%","1","MONEY"
"https://www.alefotografo.com.br/fotografo-corporativo/categoria/fotografia-institucional?per_page=84?option%3Dcom_content&amp;view=category&amp;id=1&amp;layout=blog&amp;Itemid=50","https://www.alefotografo.com.br/fotografo-corporativo/categoria/fotografia-institucional","NAO","0","1","0%","1","MONEY"
"https://www.alefotografo.com.br/fotografo-corporativo/empreendimentos-imobiliarios?per_page=182?option%3Dcom_content&amp;view=category&amp;id=1&amp;layout=blog&amp;Itemid=50","https://www.alefotografo.com.br/fotografo-corporativo/empreendimentos-imobiliarios","NAO","0","1","0%","1","MONEY"
"https://www.alefotografo.com.br/videos-para-empresas/captar-a-energia-de-um-grande-evento-e-muito-mais-do-que-apertar-o-rec?per_page=60?option%3Dcom_content&amp;view=category&amp;id=1&amp;layout=blog&amp;Itemid=50","https://www.alefotografo.com.br/videos-para-empresas/captar-a-energia-de-um-grande-evento-e-muito-mais-do-que-apertar-o-rec","NAO","0","1","0%","1","VIDEO_SERVICE"
"https://www.alefotografo.com.br/videos-para-empresas/retratos-profissionais-em-estudio?per_page=48?utm_source%3Dpost&amp;utm_medium=site?option%3Dcom_content&amp;view=category&amp;id=1&amp;layout=blog&amp;Itemid=50","https://www.alefotografo.com.br/videos-para-empresas/retratos-profissionais-em-estudio","NAO","0","1","0%","1","VIDEO_SERVICE"
"https://www.alefotografo.com.br/blog/7-dicas-para-maximizar-seu-perfil-no-linkedin?per_page=72?utm_source%3Dpost&amp;utm_medium=site?option%3Dcom_content&amp;view=category&amp;id=1&amp;layout=blog&amp;Itemid=50","https://www.alefotografo.com.br/blog/7-dicas-para-maximizar-seu-perfil-no-linkedin","NAO","0","1","0%","2","BLOG"
"https://www.alefotografo.com.br/blog/fotografo-5-poses-para-retrato-corporativo?fb_comment_id=2170631383024555_4023075377780137","https://www.alefotografo.com.br/blog/fotografo-5-poses-para-retrato-corporativo","NAO","0","1","0%","2","BLOG"
"https://www.alefotografo.com.br/blog/psicologia-das-cores-e-fotografia-saiba-como-elas-interagem?per_page=36?option%3Dcom_content&amp;view=category&amp;id=1&amp;layout=blog&amp;Itemid=50","https://www.alefotografo.com.br/blog/psicologia-das-cores-e-fotografia-saiba-como-elas-interagem","NAO","0","1","0%","2","BLOG"
"https://www.alefotografo.com.br/fotografo-corporativo/fotografo-de-grupos-times-e-equipes?per_page=39?utm_source%3Dpost&amp;utm_medium=site?option%3Dcom_content&amp;view=category&amp;id=1&amp;layout=blog&amp;Itemid=50","https://www.alefotografo.com.br/fotografo-corporativo/fotografo-de-grupos-times-e-equipes","NAO","0","1","0%","2","MONEY"
"https://www.alefotografo.com.br/fotografo-corporativo/fotografo-feiras-stands?per_page=208?utm_source%3Dpost&amp;utm_medium=site?utm_source%3Dblog&amp;utm_medium=como_instalar_presets_no_lightroom&amp;utm_campaign=blog_epics&amp;utm_content=download_preset_casa_de_papel?per_page%3D91?option%3Dcom_content&amp;view=category&amp;id=1&amp;layout=blog&amp;Itemid=50","https://www.alefotografo.com.br/fotografo-corporativo/fotografo-feiras-stands","NAO","0","1","0%","2","MONEY"
"https://www.alefotografo.com.br/fotografo-corporativo/fotos-aereas?per_page=36?utm_source%3Dpost&amp;utm_medium=site?option%3Dcom_content&amp;view=category&amp;id=1&amp;layout=blog&amp;Itemid=50","https://www.alefotografo.com.br/fotografo-corporativo/fotos-aereas","NAO","0","1","0%","2","MONEY"
"https://www.alefotografo.com.br/fotografo-corporativo/fotos-aereas?per_page=39?utm_source%3Dpost&amp;utm_medium=site?option%3Dcom_content&amp;view=category&amp;id=1&amp;layout=blog&amp;Itemid=50","https://www.alefotografo.com.br/fotografo-corporativo/fotos-aereas","NAO","0","1","0%","2","MONEY"
"https://www.alefotografo.com.br/fotografo-corporativo/fotos-para-clinicas-medicas?per_page=143?utm_source%3Dpost&amp;utm_medium=site?option%3Dcom_content&amp;view=category&amp;id=1&amp;layout=blog&amp;Itemid=50","https://www.alefotografo.com.br/fotografo-corporativo/fotos-para-clinicas-medicas","NAO","0","1","0%","2","MONEY"
"https://www.alefotografo.com.br/fotografo-corporativo/retratos-de-medicas?per_page=24?option%3Dcom_content&amp;view=category&amp;id=1&amp;layout=blog&amp;Itemid=50","https://www.alefotografo.com.br/fotografo-corporativo/retratos-de-medicas","NAO","0","1","0%","2","MONEY"
"https://www.alefotografo.com.br/fotografo-corporativo/retratos-de-medicos?per_page=72?utm_source%3Dpost&amp;utm_medium=site?option%3Dcom_content&amp;view=category&amp;id=1&amp;layout=blog&amp;Itemid=50","https://www.alefotografo.com.br/fotografo-corporativo/retratos-de-medicos","NAO","0","1","0%","2","MONEY"
"https://www.alefotografo.com.br/videos-para-empresas/11-forum-abradilan-2026?per_page=325?option%3Dcom_content&amp;view=category&amp;id=1&amp;layout=blog&amp;Itemid=50","https://www.alefotografo.com.br/videos-para-empresas/11-forum-abradilan-2026","NAO","0","1","0%","2","VIDEO_SERVICE"
"https://www.alefotografo.com.br/videos-para-empresas/categoria/apresentacao-de-servicos?option=com_content&amp;view=category&amp;id=1&amp;layout=blog&amp;Itemid=50?option%3Dcom_content&amp;view=category&amp;id=1&amp;layout=blog&amp;Itemid=50","https://www.alefotografo.com.br/videos-para-empresas/categoria/apresentacao-de-servicos","NAO","0","1","0%","2","VIDEO_SERVICE"
"https://www.alefotografo.com.br/videos-para-empresas/categoria/feiras-e-stands?img_picture=o-ensaio_ana-luiza-e-lucas74&amp;img_completa=o-ensaio_ana-luiza-e-lucas74.jpg?option%3Dcom_content&amp;view=category&amp;id=1&amp;layout=blog&amp;Itemid=50","https://www.alefotografo.com.br/videos-para-empresas/categoria/feiras-e-stands","NAO","0","1","0%","2","VIDEO_SERVICE"
"https://www.alefotografo.com.br/videos-para-empresas/galena-celebra","https://www.alefotografo.com.br/videos-para-empresas/galena-celebra","NAO","0","1","0%","2","VIDEO_SERVICE"
"https://www.alefotografo.com.br/videos-para-empresas/retrato-corporativo-ensaio-fotografico?per_page=84?option%3Dcom_content&amp;view=category&amp;id=1&amp;layout=blog&amp;Itemid=50","https://www.alefotografo.com.br/videos-para-empresas/retrato-corporativo-ensaio-fotografico","NAO","0","1","0%","2","VIDEO_SERVICE"
"https://www.alefotografo.com.br/videos-para-empresas/teaser-de-melhores-momentos-do-kick-off-bom-pra-credito?utm_source=post&amp;utm_medium=site?tag%3DVictor 
Silverio Fotografia &amp; Di 
Taramelli?utm_source=post&amp;utm_medium=site?utm_source%3Dblog&amp;utm_medium=diagramacao_albuns&amp;utm_campaign=blog_epics&amp;utm_content=backlink_como_sincronizar_fotos_de_duas_cameras_no_lightroom?per_page%3D65?option%3Dcom_content&amp;view=category&amp;id=1&amp;layout=blog&amp;Itemid=50","https://www.alefotografo.com.br/videos-para-empresas/teaser-de-melhores-momentos-do-kick-off-bom-pra-credito","NAO","0","1","0%","2","VIDEO_SERVICE"
"https://www.alefotografo.com.br/videos-para-empresas?utm_source=post&amp;utm_medium=site?tag%3DVictor 
Silverio Fotografia &amp; Di 
Taramelli?utm_source=post&amp;utm_medium=site?utm_source%3Dblog&amp;utm_medium=diagramacao_albuns&amp;utm_campaign=blog_epics&amp;utm_content=backlink_como_sincronizar_fotos_de_duas_cameras_no_lightroom?per_page%3D65?option%3Dcom_content&amp;view=category&amp;id=1&amp;layout=blog&amp;Itemid=50","https://www.alefotografo.com.br/videos-para-empresas","NAO","0","1","0%","2","VIDEO_SERVICE"
"https://alefotografo.com.br/fotografo-corporativo/fotografo-festa-da-firma","https://www.alefotografo.com.br/fotografo-corporativo/fotografo-festa-da-firma","SIM","0","1","0%","3","MONEY"
"https://www.alefotografo.com.br/blog/fotografo-5-poses-para-retrato-corporativo?fb_comment_id=2170631376357889_3459332350821112","https://www.alefotografo.com.br/blog/fotografo-5-poses-para-retrato-corporativo","NAO","0","1","0%","3","BLOG"
"https://www.alefotografo.com.br/blog/tags?tag=foto de perfil profissional","https://www.alefotografo.com.br/blog/tags","NAO","0","1","0%","3","BLOG"
"https://www.alefotografo.com.br/blog?per_page=2","https://www.alefotografo.com.br/blog","NAO","0","1","0%","3","BLOG"
"https://www.alefotografo.com.br/fotografo-corporativo/categoria/dentistas?img_picture=wedding_343b8910&amp;img_completa=wedding_343b8910.jpg?utm_source%3Dpost&amp;utm_medium=site?option%3Dcom_content&amp;view=category&amp;id=1&amp;layout=blog&amp;Itemid=50","https://www.alefotografo.com.br/fotografo-corporativo/categoria/dentistas","NAO","0","1","0%","3","MONEY"
"https://www.alefotografo.com.br/fotografo-corporativo/fotografo-de-culinaria?per_page=72?utm_source%3Dpost&amp;utm_medium=site?option%3Dcom_content&amp;view=category&amp;id=1&amp;layout=blog&amp;Itemid=50","https://www.alefotografo.com.br/fotografo-corporativo/fotografo-de-culinaria","NAO","0","1","0%","3","MONEY"
"https://www.alefotografo.com.br/fotografo-corporativo/fotografo-de-eventos-corporativos?per_page=36?utm_source%3Dpost&amp;utm_medium=site?option%3Dcom_content&amp;view=category&amp;id=1&amp;layout=blog&amp;Itemid=50","https://www.alefotografo.com.br/fotografo-corporativo/fotografo-de-eventos-corporativos","NAO","0","1","0%","3","MONEY"
"https://www.alefotografo.com.br/fotografo-corporativo/fotografo-profissional-em-sao-paulo?per_page=182?option%3Dcom_content&amp;view=category&amp;id=1&amp;layout=blog&amp;Itemid=50","https://www.alefotografo.com.br/fotografo-corporativo/fotografo-profissional-em-sao-paulo","NAO","0","1","0%","3","MONEY"
"https://www.alefotografo.com.br/fotografo-corporativo/retratos-de-medicas?per_page=24?utm_source%3Dpost&amp;utm_medium=site?option%3Dcom_content&amp;view=category&amp;id=1&amp;layout=blog&amp;Itemid=50","https://www.alefotografo.com.br/fotografo-corporativo/retratos-de-medicas","NAO","0","1","0%","3","MONEY"
"https://www.alefotografo.com.br/videos-para-empresas/retrato-corporativo-ensaio-fotografico?per_page=60?option%3Dcom_content&amp;view=category&amp;id=1&amp;layout=blog&amp;Itemid=50","https://www.alefotografo.com.br/videos-para-empresas/retrato-corporativo-ensaio-fotografico","NAO","0","1","0%","3","VIDEO_SERVICE"
"https://alefotografo.com.br/blog/tags?tag=fotografo no Brasil","https://www.alefotografo.com.br/blog/tags","SIM","0","1","0%","4","BLOG"
"https://www.alefotografo.com.br/blog/categoria/estudio-fotografico?per_page=36?option%3Dcom_content&amp;view=category&amp;id=1&amp;layout=blog&amp;Itemid=50","https://www.alefotografo.com.br/blog/categoria/estudio-fotografico","NAO","0","1","0%","4","BLOG"
"https://www.alefotografo.com.br/blog/categoria/foto-para-linkedin?per_page=24","https://www.alefotografo.com.br/blog/categoria/foto-para-linkedin","NAO","0","1","0%","4","BLOG"
"https://www.alefotografo.com.br/blog/entenda-qual-a-importancia-da-identidade-visual-para-o-seu-negocio?utm_source=post&amp;utm_medium=site?tag%3DVictor 
Silverio Fotografia &amp; Di 
Taramelli?utm_source=post&amp;utm_medium=site?utm_source%3Dblog&amp;utm_medium=diagramacao_albuns&amp;utm_campaign=blog_epics&amp;utm_content=backlink_como_sincronizar_fotos_de_duas_cameras_no_lightroom?per_page%3D65?option%3Dcom_content&amp;view=category&amp;id=1&amp;layout=blog&amp;Itemid=50","https://www.alefotografo.com.br/blog/entenda-qual-a-importancia-da-identidade-visual-para-o-seu-negocio","NAO","0","1","0%","4","BLOG"
"https://www.alefotografo.com.br/blog/tags?tag=eventos corporativos","https://www.alefotografo.com.br/blog/tags","NAO","0","1","0%","4","BLOG"
"https://www.alefotografo.com.br/fotografo-corporativo/fotografo-festa-de-confraternizacao?img_picture=o-ensaio_ana-luiza-e-lucas74&amp;img_completa=o-ensaio_ana-luiza-e-lucas74.jpg?option%3Dcom_content&amp;view=category&amp;id=1&amp;layout=blog&amp;Itemid=50","https://www.alefotografo.com.br/fotografo-corporativo/fotografo-festa-de-confraternizacao","NAO","0","1","0%","4","MONEY"
"https://www.alefotografo.com.br/videos-para-empresas/categoria/video-de-eventos-corporativos?per_page=60?option%3Dcom_content&amp;view=category&amp;id=1&amp;layout=blog&amp;Itemid=50","https://www.alefotografo.com.br/videos-para-empresas/categoria/video-de-eventos-corporativos","NAO","0","1","0%","4","VIDEO_SERVICE"
"https://www.alefotografo.com.br/videos-para-empresas/encontro-de-craques-germed-1","https://www.alefotografo.com.br/videos-para-empresas/encontro-de-craques-germed-1","NAO","0","1","0%","4","VIDEO_SERVICE"
"https://www.alefotografo.com.br/videos-para-empresas/ensaio-de-retratos-profissionais-ale-fotografo?per_page=48?utm_source%3Dpost&amp;utm_medium=site?option%3Dcom_content&amp;view=category&amp;id=1&amp;layout=blog&amp;Itemid=50","https://www.alefotografo.com.br/videos-para-empresas/ensaio-de-retratos-profissionais-ale-fotografo","NAO","0","1","0%","4","VIDEO_SERVICE"
"https://www.alefotografo.com.br/videos-para-empresas/video-manifesto-empreendimento-estrutura-e-proposito?per_page=24?utm_source%3Dpost&amp;utm_medium=site?option%3Dcom_content&amp;view=category&amp;id=1&amp;layout=blog&amp;Itemid=50","https://www.alefotografo.com.br/videos-para-empresas/video-manifesto-empreendimento-estrutura-e-proposito","NAO","0","1","0%","4","VIDEO_SERVICE"
"https://www.alefotografo.com.br/blog/7-dicas-para-maximizar-seu-perfil-no-linkedin?per_page=325?option%3Dcom_content&amp;view=category&amp;id=1&amp;layout=blog&amp;Itemid=50","https://www.alefotografo.com.br/blog/7-dicas-para-maximizar-seu-perfil-no-linkedin","NAO","0","1","0%","5","BLOG"
"https://www.alefotografo.com.br/blog/tags?tag=fotografo de retratos","https://www.alefotografo.com.br/blog/tags","NAO","0","1","0%","5","BLOG"
"https://www.alefotografo.com.br/fotografo-corporativo/empreendimentos-imobiliarios?per_page=234?option%3Dcom_content&amp;view=category&amp;id=1&amp;layout=blog&amp;Itemid=50","https://www.alefotografo.com.br/fotografo-corporativo/empreendimentos-imobiliarios","NAO","0","1","0%","5","MONEY"
"https://www.alefotografo.com.br/videos-para-empresas/ativa-logistica-30-anos?utm_source=post&amp;utm_medium=site?utm_source%3Dpost-eventos&amp;utm_medium=blog&amp;utm_campaign=blog?utm_source%3Dpost&amp;utm_medium=site?utm_source%3Dblog&amp;utm_medium=como_instalar_presets_no_lightroom&amp;utm_campaign=blog_epics&amp;utm_content=link_tutorial_como_criar_presets_no_lightroom?per_page%3D12?option%3Dcom_content&amp;view=category&amp;id=1&amp;layout=blog&amp;Itemid=50?utm_source%3Dpost-eventos&amp;utm_medium=blog&amp;utm_campaign=blog?utm_source%3Dpost&amp;utm_medium=site?utm_source%3Dblog&amp;utm_medium=como_instalar_presets_no_lightroom&amp;utm_campaign=blog_epics&amp;utm_content=link_tutorial_como_criar_presets_no_lightroom?per_page%3D12?option%3Dcom_content&amp;view=category&amp;id=1&amp;layout=blog&amp;Itemid=50","https://www.alefotografo.com.br/videos-para-empresas/ativa-logistica-30-anos","NAO","0","1","0%","5","VIDEO_SERVICE"
"https://www.alefotografo.com.br/videos-para-empresas/passion-for-excellence-latam-sales-meeting-2021-convatec","https://www.alefotografo.com.br/videos-para-empresas/passion-for-excellence-latam-sales-meeting-2021-convatec","NAO","0","1","0%","5","VIDEO_SERVICE"
"https://www.alefotografo.com.br/blog/categoria/fotografo?per_page=48?utm_source%3Dpost&amp;utm_medium=site?option%3Dcom_content&amp;view=category&amp;id=1&amp;layout=blog&amp;Itemid=50","https://www.alefotografo.com.br/blog/categoria/fotografo","NAO","0","1","0%","6","BLOG"
"https://www.alefotografo.com.br/blog/categoria/fotos-de-culinaria","https://www.alefotografo.com.br/blog/categoria/fotos-de-culinaria","NAO","0","1","0%","6","BLOG"
"https://www.alefotografo.com.br/blog/food-styling-7-dicas-de-fotos-de-comida-para-voce-turbinar-suas-vendas?per_page=36?utm_source%3Dpost&amp;utm_medium=site?option%3Dcom_content&amp;view=category&amp;id=1&amp;layout=blog&amp;Itemid=50","https://www.alefotografo.com.br/blog/food-styling-7-dicas-de-fotos-de-comida-para-voce-turbinar-suas-vendas","NAO","0","1","0%","6","BLOG"
"https://www.alefotografo.com.br/blog/posicionamento-de-imagem-profissional-o-que-e-e-como-aplicar?per_page=72?utm_source%3Dpost&amp;utm_medium=site?option%3Dcom_content&amp;view=category&amp;id=1&amp;layout=blog&amp;Itemid=50","https://www.alefotografo.com.br/blog/posicionamento-de-imagem-profissional-o-que-e-e-como-aplicar","NAO","0","1","0%","6","BLOG"
"https://www.alefotografo.com.br/blog/tags?tag=Personal Branding","https://www.alefotografo.com.br/blog/tags","NAO","0","1","0%","6","BLOG"
"https://www.alefotografo.com.br/blog/tags?tag=Retrato Profissional","https://www.alefotografo.com.br/blog/tags","NAO","0","1","0%","6","BLOG"
"https://www.alefotografo.com.br/videos-para-empresas/categoria/apresentacao-de-servicos?per_page=182?option%3Dcom_content&amp;view=category&amp;id=1&amp;layout=blog&amp;Itemid=50","https://www.alefotografo.com.br/videos-para-empresas/categoria/apresentacao-de-servicos","NAO","0","1","0%","6","VIDEO_SERVICE"
"https://www.alefotografo.com.br/videos-para-empresas/categoria/video-corporativo?utm_source=post&amp;utm_medium=site?utm_source%3Dpost-eventos&amp;utm_medium=blog&amp;utm_campaign=blog?utm_source%3Dpost&amp;utm_medium=site?utm_source%3Dblog&amp;utm_medium=como_instalar_presets_no_lightroom&amp;utm_campaign=blog_epics&amp;utm_content=link_tutorial_como_criar_presets_no_lightroom?per_page%3D12?option%3Dcom_content&amp;view=category&amp;id=1&amp;layout=blog&amp;Itemid=50?utm_source%3Dpost-eventos&amp;utm_medium=blog&amp;utm_campaign=blog?utm_source%3Dpost&amp;utm_medium=site?utm_source%3Dblog&amp;utm_medium=como_instalar_presets_no_lightroom&amp;utm_campaign=blog_epics&amp;utm_content=link_tutorial_como_criar_presets_no_lightroom?per_page%3D12?option%3Dcom_content&amp;view=category&amp;id=1&amp;layout=blog&amp;Itemid=50","https://www.alefotografo.com.br/videos-para-empresas/categoria/video-corporativo","NAO","0","1","0%","6","VIDEO_SERVICE"
"https://www.alefotografo.com.br/videos-para-empresas/fiorde-logistica-solucoes-logisticas-integradas-para-empresas?per_page=182?option%3Dcom_content&amp;view=category&amp;id=1&amp;layout=blog&amp;Itemid=50","https://www.alefotografo.com.br/videos-para-empresas/fiorde-logistica-solucoes-logisticas-integradas-para-empresas","NAO","0","1","0%","6","VIDEO_SERVICE"
"https://www.alefotografo.com.br/videos-para-empresas/gpa-aliados?per_page=26?utm_source%3Dpost&amp;utm_medium=site?option%3Dcom_content&amp;view=category&amp;id=1&amp;layout=blog&amp;Itemid=50","https://www.alefotografo.com.br/videos-para-empresas/gpa-aliados","NAO","0","1","0%","6","VIDEO_SERVICE"
"https://www.alefotografo.com.br/videos-para-empresas/retrato-corporativo-ensaio-fotografico?utm_source=post&amp;utm_medium=site?img_picture%3Dwedding_343b8910&amp;img_completa=wedding_343b8910.jpg?utm_source%3Dpost&amp;utm_medium=site?option%3Dcom_content&amp;view=category&amp;id=1&amp;layout=blog&amp;Itemid=50","https://www.alefotografo.com.br/videos-para-empresas/retrato-corporativo-ensaio-fotografico","NAO","0","1","0%","6","VIDEO_SERVICE"
"https://alefotografo.com.br/blog/tags?tag=fotografo empresarial","https://www.alefotografo.com.br/blog/tags","SIM","0","1","0%","7","BLOG"
"https://www.alefotografo.com.br/fotografo-corporativo/empreendimentos-imobiliarios?per_page=52?utm_source%3Dpost&amp;utm_medium=site?option%3Dcom_content&amp;view=category&amp;id=1&amp;layout=blog&amp;Itemid=50","https://www.alefotografo.com.br/fotografo-corporativo/empreendimentos-imobiliarios","NAO","0","1","0%","7","MONEY"
"https://www.alefotografo.com.br/fotografo-corporativo/retrato-corporativo?per_page=84?utm_source%3Dpost&amp;utm_medium=site?utm_source%3Dblog&amp;utm_medium=diagramacao_albuns&amp;utm_campaign=blog_epics&amp;utm_content=backlink_como_sincronizar_fotos_de_duas_cameras_no_lightroom?per_page%3D65?option%3Dcom_content&amp;view=category&amp;id=1&amp;layout=blog&amp;Itemid=50","https://www.alefotografo.com.br/fotografo-corporativo/retrato-corporativo","NAO","0","1","0%","7","MONEY"
"https://www.alefotografo.com.br/videos-para-empresas/categoria/feiras-e-stands?per_page=60?option%3Dcom_content&amp;view=category&amp;id=1&amp;layout=blog&amp;Itemid=50","https://www.alefotografo.com.br/videos-para-empresas/categoria/feiras-e-stands","NAO","0","1","0%","7","VIDEO_SERVICE"
"https://www.alefotografo.com.br/videos-para-empresas/ibde-rio2026?fb_comment_id=1362610897157528_1371776049574346?utm_source%3Dpost&amp;utm_medium=site?option%3Dcom_content&amp;view=category&amp;id=1&amp;layout=blog&amp;Itemid=50","https://www.alefotografo.com.br/videos-para-empresas/ibde-rio2026","NAO","0","1","0%","7","VIDEO_SERVICE"
"https://www.alefotografo.com.br/videos-para-empresas/video-corporativo-fcw-premio-almirante-alvaro-alberto","https://www.alefotografo.com.br/videos-para-empresas/video-corporativo-fcw-premio-almirante-alvaro-alberto","NAO","0","1","0%","7","VIDEO_SERVICE"
"https://www.alefotografo.com.br/blog/categoria/fotografo-de-gastronomia?per_page=60?option%3Dcom_content&amp;view=category&amp;id=1&amp;layout=blog&amp;Itemid=50","https://www.alefotografo.com.br/blog/categoria/fotografo-de-gastronomia","NAO","0","1","0%","8","BLOG"
"https://www.alefotografo.com.br/blog/seu-icloud-esta-cheio-5-dicas-para-voce-ganhar-mais-armazenamento-para-suas-fotos-e-videos?per_page=36?option%3Dcom_content&amp;view=category&amp;id=1&amp;layout=blog&amp;Itemid=50","https://www.alefotografo.com.br/blog/seu-icloud-esta-cheio-5-dicas-para-voce-ganhar-mais-armazenamento-para-suas-fotos-e-videos","NAO","0","1","0%","8","BLOG"
"https://www.alefotografo.com.br/blog/tags?tag=foto profissional","https://www.alefotografo.com.br/blog/tags","NAO","0","1","0%","8","BLOG"
"https://www.alefotografo.com.br/fotografo-corporativo/fotografo-de-eventos-corporativos?per_page=84?option%3Dcom_content&amp;view=category&amp;id=1&amp;layout=blog&amp;Itemid=50","https://www.alefotografo.com.br/fotografo-corporativo/fotografo-de-eventos-corporativos","NAO","0","1","0%","8","MONEY"
"https://www.alefotografo.com.br/loja?img_picture=o-ensaio_ana-luiza-e-lucas74&amp;img_completa=o-ensaio_ana-luiza-e-lucas74.jpg?option%3Dcom_content&amp;view=category&amp;id=1&amp;layout=blog&amp;Itemid=50","https://www.alefotografo.com.br/loja","NAO","0","1","0%","8","LEGACY"
"https://www.alefotografo.com.br/videos-para-empresas/15-convencao-abradilan-barcelo-bavaro-palace-punta-cana-01-a-06-nov-2022?per_page=48?utm_source%3Dpost&amp;utm_medium=site?option%3Dcom_content&amp;view=category&amp;id=1&amp;layout=blog&amp;Itemid=50","https://www.alefotografo.com.br/videos-para-empresas/15-convencao-abradilan-barcelo-bavaro-palace-punta-cana-01-a-06-nov-2022","NAO","0","1","0%","8","VIDEO_SERVICE"
"https://www.alefotografo.com.br/videos-para-empresas/ativa-logistica-30-anos?per_page=60?option%3Dcom_content&amp;view=category&amp;id=1&amp;layout=blog&amp;Itemid=50","https://www.alefotografo.com.br/videos-para-empresas/ativa-logistica-30-anos","NAO","0","1","0%","8","VIDEO_SERVICE"
"https://www.alefotografo.com.br/videos-para-empresas/categoria/eventos-corporativos?per_page=24","https://www.alefotografo.com.br/videos-para-empresas/categoria/eventos-corporativos","NAO","0","1","0%","8","VIDEO_SERVICE"
"https://www.alefotografo.com.br/videos-para-empresas/ibis-botucatu-video-manifesto?per_page=104?utm_source%3Dpost&amp;utm_medium=site?utm_source%3Dpost&amp;utm_medium=site?option%3Dcom_content&amp;view=category&amp;id=1&amp;layout=blog&amp;Itemid=50","https://www.alefotografo.com.br/videos-para-empresas/ibis-botucatu-video-manifesto","NAO","0","1","0%","8","VIDEO_SERVICE"
"https://www.alefotografo.com.br/videos-para-empresas/lobtec-35-anos?fbclid=IwAR0909J_GQaiRZQC3Jl46ArEYtGz2NOLqL5LXuRbttlWWzwjT15fiOJv-8c?utm_source%3Dpost&amp;utm_medium=site?utm_source%3Dblog&amp;utm_medium=diagramacao_albuns&amp;utm_campaign=blog_epics&amp;utm_content=backlink_como_sincronizar_fotos_de_duas_cameras_no_lightroom?per_page%3D65?option%3Dcom_content&amp;view=category&amp;id=1&amp;layout=blog&amp;Itemid=50","https://www.alefotografo.com.br/videos-para-empresas/lobtec-35-anos","NAO","0","1","0%","8","VIDEO_SERVICE"
"https://www.alefotografo.com.br/videos-para-empresas/microbiota-brasil-2026-destaques-do-2-dia-cobertura-profissional-do-congresso?per_page=182?option%3Dcom_content&amp;view=category&amp;id=1&amp;layout=blog&amp;Itemid=50","https://www.alefotografo.com.br/videos-para-empresas/microbiota-brasil-2026-destaques-do-2-dia-cobertura-profissional-do-congresso","NAO","0","1","0%","8","VIDEO_SERVICE"
"https://alefotografo.com.br/blog/tags?tag=foto de pefilprofissional","https://www.alefotografo.com.br/blog/tags","SIM","0","1","0%","9","BLOG"
"https://www.alefotografo.com.br/blog/fotografia-em-preto-e-branco-como-tirar-fotos-lindas?per_page=26?utm_source%3Dpost&amp;utm_medium=site?option%3Dcom_content&amp;view=category&amp;id=1&amp;layout=blog&amp;Itemid=50","https://www.alefotografo.com.br/blog/fotografia-em-preto-e-branco-como-tirar-fotos-lindas","NAO","0","1","0%","9","BLOG"
"https://www.alefotografo.com.br/blog/tags?tag=eventos","https://www.alefotografo.com.br/blog/tags","NAO","0","1","0%","9","BLOG"
"https://www.alefotografo.com.br/blog/tags?tag=retrato-corporativo","https://www.alefotografo.com.br/blog/tags","NAO","0","1","0%","9","BLOG"
"https://www.alefotografo.com.br/videos-para-empresas/9-forum-abradilan","https://www.alefotografo.com.br/videos-para-empresas/9-forum-abradilan","NAO","0","1","0%","9","VIDEO_SERVICE"
"https://www.alefotografo.com.br/videos-para-empresas/convencao-de-vendas-2023-tecnisa?per_page=13?utm_source%3Dpost-eventos&amp;utm_medium=blog&amp;utm_campaign=blog?utm_source%3Dpost&amp;utm_medium=site?utm_source%3Dblog&amp;utm_medium=como_instalar_presets_no_lightroom&amp;utm_campaign=blog_epics&amp;utm_content=link_tutorial_como_criar_presets_no_lightroom?per_page%3D12?option%3Dcom_content&amp;view=category&amp;id=1&amp;layout=blog&amp;Itemid=50","https://www.alefotografo.com.br/videos-para-empresas/convencao-de-vendas-2023-tecnisa","NAO","0","1","0%","9","VIDEO_SERVICE"
"https://www.alefotografo.com.br/videos-para-empresas/encontro-farmarcas-2022?utm_source=post&amp;utm_medium=site?img_picture%3Do-ensaio_ana-luiza-e-lucas74&amp;img_completa=o-ensaio_ana-luiza-e-lucas74.jpg?option%3Dcom_content&amp;view=category&amp;id=1&amp;layout=blog&amp;Itemid=50","https://www.alefotografo.com.br/videos-para-empresas/encontro-farmarcas-2022","NAO","0","1","0%","9","VIDEO_SERVICE"
"https://www.alefotografo.com.br/videos-para-empresas/sq-quimica-34-premio-sitivesp-de-fornecedor-do-ano?per_page=117?utm_source%3Dpost&amp;utm_medium=site?option%3Dcom_content&amp;view=category&amp;id=1&amp;layout=blog&amp;Itemid=50","https://www.alefotografo.com.br/videos-para-empresas/sq-quimica-34-premio-sitivesp-de-fornecedor-do-ano","NAO","0","1","0%","9","VIDEO_SERVICE"
"https://www.alefotografo.com.br/videos-para-empresas/unipac-50-anos?tag=Victor 
Silverio Fotografia &amp; Di 
Taramelli?utm_source=post&amp;utm_medium=site?utm_source%3Dblog&amp;utm_medium=diagramacao_albuns&amp;utm_campaign=blog_epics&amp;utm_content=backlink_como_sincronizar_fotos_de_duas_cameras_no_lightroom?per_page%3D65?option%3Dcom_content&amp;view=category&amp;id=1&amp;layout=blog&amp;Itemid=50","https://www.alefotografo.com.br/videos-para-empresas/unipac-50-anos","NAO","0","1","0%","9","VIDEO_SERVICE"
"https://www.alefotografo.com.br/videos-para-empresas/video-institucional-bmx-logistica?utm_source=post&amp;utm_medium=site?tag%3DVictor 
Silverio Fotografia &amp; Di 
Taramelli?utm_source=post&amp;utm_medium=site?utm_source%3Dblog&amp;utm_medium=diagramacao_albuns&amp;utm_campaign=blog_epics&amp;utm_content=backlink_como_sincronizar_fotos_de_duas_cameras_no_lightroom?per_page%3D65?option%3Dcom_content&amp;view=category&amp;id=1&amp;layout=blog&amp;Itemid=50","https://www.alefotografo.com.br/videos-para-empresas/video-institucional-bmx-logistica","NAO","0","1","0%","9","VIDEO_SERVICE"
"https://www.alefotografo.com.br/videos-para-empresas?fb_comment_id=1362610897157528_1371776049574346?utm_source%3Dpost&amp;utm_medium=site?option%3Dcom_content&amp;view=category&amp;id=1&amp;layout=blog&amp;Itemid=50","https://www.alefotografo.com.br/videos-para-empresas","NAO","0","1","0%","9","VIDEO_SERVICE"
"https://alefotografo.com.br/blog/tags?tag=como divulgar um evento 
corporativo","https://www.alefotografo.com.br/blog/tags","SIM","0","1","0%","10","BLOG"
"https://www.alefotografo.com.br/blog/7-dicas-para-voce-nunca-mais-errar-na-aparencia-ao-tirar-fotos-profissionais?per_page=91?option%3Dcom_content&amp;view=category&amp;id=1&amp;layout=blog&amp;Itemid=50","https://www.alefotografo.com.br/blog/7-dicas-para-voce-nunca-mais-errar-na-aparencia-ao-tirar-fotos-profissionais","NAO","0","1","0%","10","BLOG"
"https://www.alefotografo.com.br/blog/categoria/foto-de-equipe?per_page=60?option%3Dcom_content&amp;view=category&amp;id=1&amp;layout=blog&amp;Itemid=50","https://www.alefotografo.com.br/blog/categoria/foto-de-equipe","NAO","0","1","0%","10","BLOG"
"https://www.alefotografo.com.br/blog/categoria/marketing-fotografia?per_page=12","https://www.alefotografo.com.br/blog/categoria/marketing-fotografia","NAO","0","1","0%","10","BLOG"
"https://www.alefotografo.com.br/blog?img_picture=wedding_343b8910&amp;img_completa=wedding_343b8910.jpg?utm_source%3Dpost&amp;utm_medium=site?option%3Dcom_content&amp;view=category&amp;id=1&amp;layout=blog&amp;Itemid=50","https://www.alefotografo.com.br/blog","NAO","0","1","0%","10","BLOG"
"https://www.alefotografo.com.br/fotografo-corporativo/banco-de-imagens-para-escolas?utm_source=post&amp;utm_medium=site?img_picture%3Da-fotografia-e-fazer-parte-de-uma-historia-de-geracoes_031a0574&amp;img_completa=a-fotografia-e-fazer-parte-de-uma-historia-de-geracoes_031a0574.jpg?option%3Dcom_content&amp;view=category&amp;id=1&amp;layout=blog&amp;Itemid=50","https://www.alefotografo.com.br/fotografo-corporativo/banco-de-imagens-para-escolas","NAO","0","1","0%","10","MONEY"
"https://www.alefotografo.com.br/fotografo-corporativo/fotografo-de-drinks-coqueteis?utm_source=post&amp;utm_medium=site?img_picture%3Dwedding_343b8910&amp;img_completa=wedding_343b8910.jpg?utm_source%3Dpost&amp;utm_medium=site?option%3Dcom_content&amp;view=category&amp;id=1&amp;layout=blog&amp;Itemid=50","https://www.alefotografo.com.br/fotografo-corporativo/fotografo-de-drinks-coqueteis","NAO","0","1","0%","10","MONEY"
"https://www.alefotografo.com.br/videos-para-empresas/lobtec-35-anos?per_page=24?utm_source%3Dpost&amp;utm_medium=site?option%3Dcom_content&amp;view=category&amp;id=1&amp;layout=blog&amp;Itemid=50","https://www.alefotografo.com.br/videos-para-empresas/lobtec-35-anos","NAO","0","1","0%","10","VIDEO_SERVICE"
"https://www.alefotografo.com.br/videos-para-empresas/video-de-eventos-corporativos?per_page=104?utm_source%3Dpost&amp;utm_medium=site?utm_source%3Dpost&amp;utm_medium=site?option%3Dcom_content&amp;view=category&amp;id=1&amp;layout=blog&amp;Itemid=50","https://www.alefotografo.com.br/videos-para-empresas/video-de-eventos-corporativos","NAO","0","1","0%","10","VIDEO_SERVICE"
"https://www.alefotografo.com.br/videos-para-empresas/women-in-tech-brasil","https://www.alefotografo.com.br/videos-para-empresas/women-in-tech-brasil","NAO","0","1","0%","10","VIDEO_SERVICE"
"https://www.alefotografo.com.br/videos-para-empresas/women-in-tech-brasil?per_page=130?option%3Dcom_content&amp;view=category&amp;id=1&amp;layout=blog&amp;Itemid=50","https://www.alefotografo.com.br/videos-para-empresas/women-in-tech-brasil","NAO","0","1","0%","10","VIDEO_SERVICE"
"https://www.alefotografo.com.br/videos-para-empresas?per_page=39?option%3Dcom_content&amp;view=category&amp;id=1&amp;layout=blog&amp;Itemid=50","https://www.alefotografo.com.br/videos-para-empresas","NAO","0","1","0%","10","VIDEO_SERVICE"
"https://www.alefotografo.com.br/blog/comportamento-do-consumidor-como-a-fotografia-pode-ser-usada-para-influenciar-beneficamente?fb_comment_id=1362610897157528_1371776049574346?utm_source%3Dpost&amp;utm_medium=site?option%3Dcom_content&amp;view=category&amp;id=1&amp;layout=blog&amp;Itemid=50","https://www.alefotografo.com.br/blog/comportamento-do-consumidor-como-a-fotografia-pode-ser-usada-para-influenciar-beneficamente","NAO","0","1","0%","11","BLOG"
"https://www.alefotografo.com.br/blog/fotografo-5-poses-para-retrato-corporativo?fb_comment_id=2170631383024555_3459332354154445","https://www.alefotografo.com.br/blog/fotografo-5-poses-para-retrato-corporativo","NAO","0","1","0%","11","BLOG"
"https://www.alefotografo.com.br/fotografo-corporativo/categoria/dentistas","https://www.alefotografo.com.br/fotografo-corporativo/categoria/dentistas","NAO","0","1","0%","11","MONEY"
"https://www.alefotografo.com.br/fotografo-corporativo/empreendimentos-imobiliarios?fbclid=IwAR0909J_GQaiRZQC3Jl46ArEYtGz2NOLqL5LXuRbttlWWzwjT15fiOJv-8c?utm_source%3Dpost&amp;utm_medium=site?utm_source%3Dblog&amp;utm_medium=diagramacao_albuns&amp;utm_campaign=blog_epics&amp;utm_content=backlink_como_sincronizar_fotos_de_duas_cameras_no_lightroom?per_page%3D65?option%3Dcom_content&amp;view=category&amp;id=1&amp;layout=blog&amp;Itemid=50","https://www.alefotografo.com.br/fotografo-corporativo/empreendimentos-imobiliarios","NAO","0","1","0%","11","MONEY"
"https://www.alefotografo.com.br/fotografo-corporativo/retratos-de-medicos?per_page=234?option%3Dcom_content&amp;view=category&amp;id=1&amp;layout=blog&amp;Itemid=50","https://www.alefotografo.com.br/fotografo-corporativo/retratos-de-medicos","NAO","0","1","0%","11","MONEY"
"https://www.alefotografo.com.br/videos-para-empresas/9faznegocios?tag=Victor 
Silverio Fotografia &amp; Di 
Taramelli?utm_source=post&amp;utm_medium=site?utm_source%3Dblog&amp;utm_medium=diagramacao_albuns&amp;utm_campaign=blog_epics&amp;utm_content=backlink_como_sincronizar_fotos_de_duas_cameras_no_lightroom?per_page%3D65?option%3Dcom_content&amp;view=category&amp;id=1&amp;layout=blog&amp;Itemid=50","https://www.alefotografo.com.br/videos-para-empresas/9faznegocios","NAO","0","1","0%","11","VIDEO_SERVICE"
"https://www.alefotografo.com.br/videos-para-empresas/faz-negocios-3","https://www.alefotografo.com.br/videos-para-empresas/faz-negocios-3","NAO","0","1","0%","11","VIDEO_SERVICE"
"https://www.alefotografo.com.br/videos-para-empresas/unipac-50-anos?per_page=104?option%3Dcom_content&amp;view=category&amp;id=1&amp;layout=blog&amp;Itemid=50","https://www.alefotografo.com.br/videos-para-empresas/unipac-50-anos","NAO","0","1","0%","11","VIDEO_SERVICE"
"https://www.alefotografo.com.br/fotografo-corporativo/fotografo-profissional-em-sao-paulo?per_page=72?utm_source%3Dpost&amp;utm_medium=site?option%3Dcom_content&amp;view=category&amp;id=1&amp;layout=blog&amp;Itemid=50","https://www.alefotografo.com.br/fotografo-corporativo/fotografo-profissional-em-sao-paulo","NAO","0","1","0%","12","MONEY"
"https://www.alefotografo.com.br/videos-para-empresas/fiorde-logistica-solucoes-logisticas-integradas-para-empresas?per_page=24?utm_source%3Dpost&amp;utm_medium=site?option%3Dcom_content&amp;view=category&amp;id=1&amp;layout=blog&amp;Itemid=50","https://www.alefotografo.com.br/videos-para-empresas/fiorde-logistica-solucoes-logisticas-integradas-para-empresas","NAO","0","1","0%","12","VIDEO_SERVICE"
"https://www.alefotografo.com.br/videos-para-empresas/ensaio-de-retratos-profissionais-ale-fotografo?utm_source=post&amp;utm_medium=site?img_picture%3Do-ensaio_ana-luiza-e-lucas74&amp;img_completa=o-ensaio_ana-luiza-e-lucas74.jpg?option%3Dcom_content&amp;view=category&amp;id=1&amp;layout=blog&amp;Itemid=50","https://www.alefotografo.com.br/videos-para-empresas/ensaio-de-retratos-profissionais-ale-fotografo","NAO","0","1","0%","13","VIDEO_SERVICE"
"https://www.alefotografo.com.br/videos-para-empresas/onemba","https://www.alefotografo.com.br/videos-para-empresas/onemba","NAO","0","1","0%","13","VIDEO_SERVICE"
"https://www.alefotografo.com.br/videos-para-empresas/categoria/apresentacao-de-servicos?per_page=91?utm_source%3Dpost-eventos&amp;utm_medium=blog&amp;utm_campaign=blog?fb_comment_id%3D1362610897157528_1371776049574346?utm_source%3Dpost&amp;utm_medium=site?utm_source%3Dblog&amp;utm_medium=diagramacao_albuns&amp;utm_campaign=blog_epics&amp;utm_content=backlink_como_sincronizar_fotos_de_duas_cameras_no_lightroom?per_page%3D65?option%3Dcom_content&amp;view=category&amp;id=1&amp;layout=blog&amp;Itemid=50","https://www.alefotografo.com.br/videos-para-empresas/categoria/apresentacao-de-servicos","NAO","0","1","0%","15","VIDEO_SERVICE"
"https://www.alefotografo.com.br/blog/categoria/video-aereo-com-drone?per_page=117?utm_source%3Dpost&amp;utm_medium=site?option%3Dcom_content&amp;view=category&amp;id=1&amp;layout=blog&amp;Itemid=50","https://www.alefotografo.com.br/blog/categoria/video-aereo-com-drone","NAO","0","1","0%","16","BLOG"
"https://www.alefotografo.com.br/videos-para-empresas/categoria/eventos-corporativos?per_page=13?utm_source%3Dpost-eventos&amp;utm_medium=blog&amp;utm_campaign=blog?utm_source%3Dpost&amp;utm_medium=site?utm_source%3Dblog&amp;utm_medium=como_instalar_presets_no_lightroom&amp;utm_campaign=blog_epics&amp;utm_content=link_tutorial_como_criar_presets_no_lightroom?per_page%3D12?option%3Dcom_content&amp;view=category&amp;id=1&amp;layout=blog&amp;Itemid=50","https://www.alefotografo.com.br/videos-para-empresas/categoria/eventos-corporativos","NAO","0","1","0%","31","VIDEO_SERVICE"
"https://www.alefotografo.com.br/videos-para-empresas/ativa-logistiva-video-do-programa-de-sustentabilidade?fb_comment_id=1362610897157528_1371776049574346?utm_source%3Dpost&amp;utm_medium=site?option%3Dcom_content&amp;view=category&amp;id=1&amp;layout=blog&amp;Itemid=50","https://www.alefotografo.com.br/videos-para-empresas/ativa-logistiva-video-do-programa-de-sustentabilidade","NAO","0","1","0%","46","VIDEO_SERVICE"
